# Apple ModelIO OBJ File: teapot_simple
mtllib teapot_simple.mtl
g teapot_(1)_Default_OBJ.001
v 7 -1e-06 12
v 6.9098 -1.1486 12
v 6.8404 -1.137 12.1772
v 6.9296 -1e-06 12.1772
v 6.902 -1e-06 12.315
v 6.8131 -1.1325 12.315
v 6.8221 -1.134 12.4134
v 6.9111 -1e-06 12.4134
v 6.8615 -1.1405 12.4725
v 6.951 -1e-06 12.4725
v 6.9253 -1.1511 12.4922
v 7.0156 -1e-06 12.4922
v 7.099 -1e-06 12.4725
v 7.0076 -1.1648 12.4725
v 7.1025 -1.1806 12.4134
v 7.1951 -1e-06 12.4134
v 7.298 -1e-06 12.315
v 7.204 -1.1975 12.315
v 7.3063 -1.2145 12.1772
v 7.4016 -1e-06 12.1772
v 7.5 -1e-06 12
v 7.4034 -1.2306 12
v 6.6483 -2.2333 12
v 6.5815 -2.2108 12.1772
v 6.5552 -2.202 12.315
v 6.5639 -2.2049 12.4134
v 6.6018 -2.2176 12.4725
v 6.6632 -2.2383 12.4922
v 6.7423 -2.2649 12.4725
v 6.8336 -2.2955 12.4134
v 6.9313 -2.3284 12.315
v 7.0298 -2.3614 12.1772
v 7.1232 -2.3928 12
v 6.2289 -3.2407 12
v 6.1663 -3.2081 12.1772
v 6.1417 -3.1954 12.315
v 6.1498 -3.1996 12.4134
v 6.1853 -3.218 12.4725
v 6.2428 -3.248 12.4922
v 6.317 -3.2866 12.4725
v 6.4025 -3.3311 12.4134
v 6.4941 -3.3787 12.315
v 6.5863 -3.4267 12.1772
v 6.6738 -3.4722 12
v 5.665 -4.1574 12
v 5.608 -4.1156 12.1772
v 5.5857 -4.0992 12.315
v 5.593 -4.1047 12.4134
v 5.6253 -4.1283 12.4725
v 5.6776 -4.1667 12.4922
v 5.7451 -4.2162 12.4725
v 5.8229 -4.2733 12.4134
v 5.9061 -4.3344 12.315
v 5.99 -4.396 12.1772
v 6.0696 -4.4544 12
v 4.97 -4.97 12
v 4.92 -4.92 12.1772
v 4.9004 -4.9004 12.315
v 4.9069 -4.9069 12.4134
v 4.9352 -4.9352 12.4725
v 4.9811 -4.9811 12.4922
v 5.0403 -5.0403 12.4725
v 5.1085 -5.1085 12.4134
v 5.1816 -5.1816 12.315
v 5.2552 -5.2552 12.1772
v 5.325 -5.325 12
v 4.1574 -5.665 12
v 4.1156 -5.608 12.1772
v 4.0992 -5.5857 12.315
v 4.1047 -5.593 12.4134
v 4.1283 -5.6253 12.4725
v 4.1667 -5.6776 12.4922
v 4.2162 -5.7451 12.4725
v 4.2733 -5.8229 12.4134
v 4.3344 -5.9061 12.315
v 4.396 -5.99 12.1772
v 4.4544 -6.0696 12
v 3.2407 -6.2289 12
v 3.2081 -6.1663 12.1772
v 3.1953 -6.1417 12.315
v 3.1996 -6.1498 12.4134
v 3.218 -6.1853 12.4725
v 3.248 -6.2428 12.4922
v 3.2866 -6.317 12.4725
v 3.3311 -6.4025 12.4134
v 3.3787 -6.4941 12.315
v 3.4267 -6.5863 12.1772
v 3.4722 -6.6738 12
v 2.2333 -6.6483 12
v 2.2108 -6.5815 12.1772
v 2.202 -6.5552 12.315
v 2.2049 -6.5639 12.4134
v 2.2176 -6.6018 12.4725
v 2.2383 -6.6632 12.4922
v 2.2649 -6.7423 12.4725
v 2.2955 -6.8336 12.4134
v 2.3284 -6.9313 12.315
v 2.3614 -7.0298 12.1772
v 2.3928 -7.1232 12
v 1.1486 -6.9098 12
v 1.137 -6.8404 12.1772
v 1.1325 -6.8131 12.315
v 1.134 -6.8221 12.4134
v 1.1405 -6.8615 12.4725
v 1.1511 -6.9253 12.4922
v 1.1648 -7.0076 12.4725
v 1.1806 -7.1025 12.4134
v 1.1975 -7.204 12.315
v 1.2145 -7.3063 12.1772
v 1.2306 -7.4034 12
v 0 -7 12
v 0 -6.9296 12.1772
v 0 -6.902 12.315
v 0 -6.9111 12.4134
v 0 -6.951 12.4725
v 0 -7.0156 12.4922
v 0 -7.099 12.4725
v 0 -7.1951 12.4134
v 0 -7.298 12.315
v 0 -7.4016 12.1772
v 0 -7.5 12
v -1.2579 -6.9098 12
v -1.2167 -6.8404 12.1772
v -1.1885 -6.8131 12.315
v -1.1715 -6.8221 12.4134
v -1.1641 -6.8615 12.4725
v -1.1648 -6.9253 12.4922
v -1.1718 -7.0076 12.4725
v -1.1835 -7.1025 12.4134
v -1.1983 -7.204 12.315
v -1.2146 -7.3063 12.1772
v -1.2306 -7.4034 12
v -2.4061 -6.6483 12
v -2.3368 -6.5815 12.1772
v -2.2905 -6.5552 12.315
v -2.2642 -6.5639 12.4134
v -2.255 -6.6018 12.4725
v -2.2599 -6.6632 12.4922
v -2.2759 -6.7423 12.4725
v -2.3002 -6.8336 12.4134
v -2.3297 -6.9313 12.315
v -2.3616 -7.0298 12.1772
v -2.3928 -7.1232 12
v -3.4392 -6.2289 12
v -3.3528 -6.1663 12.1772
v -3.297 -6.1417 12.315
v -3.2676 -6.1498 12.4134
v -3.2609 -6.1853 12.4725
v -3.2728 -6.2428 12.4922
v -3.2993 -6.317 12.4725
v -3.3364 -6.4025 12.4134
v -3.3803 -6.4941 12.315
v -3.4269 -6.5863 12.1772
v -3.4722 -6.6738 12
v -4.3518 -5.665 12
v -4.2574 -5.608 12.1772
v -4.1988 -5.5857 12.315
v -4.1713 -5.593 12.4134
v -4.1703 -5.6253 12.4725
v -4.191 -5.6776 12.4922
v -4.2287 -5.7451 12.4725
v -4.2786 -5.8229 12.4134
v -4.336 -5.9061 12.315
v -4.3962 -5.99 12.1772
v -4.4544 -6.0696 12
v -5.1387 -4.97 12
v -5.0431 -4.92 12.1772
v -4.9868 -4.9004 12.315
v -4.9648 -4.9069 12.4134
v -4.9717 -4.9352 12.4725
v -5.0022 -4.9811 12.4922
v -5.0511 -5.0403 12.4725
v -5.1131 -5.1085 12.4134
v -5.1829 -5.1816 12.315
v -5.2553 -5.2552 12.1772
v -5.325 -5.325 12
v -5.7946 -4.1574 12
v -5.7025 -4.1156 12.1772
v -5.652 -4.0992 12.315
v -5.6375 -4.1047 12.4134
v -5.6533 -4.1283 12.4725
v -5.6938 -4.1667 12.4922
v -5.7534 -4.2162 12.4725
v -5.8264 -4.2733 12.4134
v -5.9072 -4.3344 12.315
v -5.9901 -4.396 12.1772
v -6.0696 -4.4544 12
v -6.3139 -3.2407 12
v -6.2283 -3.2081 12.1772
v -6.1852 -3.1953 12.315
v -6.179 -3.1996 12.4134
v -6.2036 -3.218 12.4725
v -6.2534 -3.248 12.4922
v -6.3224 -3.2866 12.4725
v -6.4048 -3.3311 12.4134
v -6.4947 -3.3787 12.315
v -6.5863 -3.4267 12.1772
v -6.6738 -3.4722 12
v -6.6915 -2.2333 12
v -6.613 -2.2108 12.1772
v -6.5774 -2.202 12.315
v -6.5787 -2.2049 12.4134
v -6.6111 -2.2176 12.4725
v -6.6686 -2.2383 12.4922
v -6.7451 -2.2649 12.4725
v -6.8348 -2.2955 12.4134
v -6.9317 -2.3284 12.315
v -7.0298 -2.3614 12.1772
v -7.1232 -2.3928 12
v -6.922 -1.1486 12
v -6.8492 -1.137 12.1772
v -6.8193 -1.1325 12.315
v -6.8263 -1.134 12.4134
v -6.8641 -1.1405 12.4725
v -6.9268 -1.1511 12.4922
v -7.0083 -1.1648 12.4725
v -7.1028 -1.1806 12.4134
v -7.2041 -1.1975 12.315
v -7.3063 -1.2145 12.1772
v -7.4034 -1.2306 12
v -7 -1e-06 12
v -6.9296 -1e-06 12.1772
v -6.902 -1e-06 12.315
v -6.9111 -1e-06 12.4134
v -6.951 -1e-06 12.4725
v -7.0156 -1e-06 12.4922
v -7.099 -1e-06 12.4725
v -7.1951 -1e-06 12.4134
v -7.298 -1e-06 12.315
v -7.4016 -1e-06 12.1772
v -7.5 -1e-06 12
v -6.9098 1.1486 12
v -6.8404 1.137 12.1772
v -6.8131 1.1325 12.315
v -6.8221 1.134 12.4134
v -6.8615 1.1405 12.4725
v -6.9253 1.1511 12.4922
v -7.0076 1.1648 12.4725
v -7.1025 1.1806 12.4134
v -7.204 1.1975 12.315
v -7.3063 1.2145 12.1772
v -7.4034 1.2306 12
v -6.6483 2.2333 12
v -6.5815 2.2108 12.1772
v -6.5552 2.202 12.315
v -6.5639 2.2049 12.4134
v -6.6018 2.2176 12.4725
v -6.6632 2.2383 12.4922
v -6.7423 2.2649 12.4725
v -6.8336 2.2955 12.4134
v -6.9313 2.3284 12.315
v -7.0298 2.3614 12.1772
v -7.1232 2.3928 12
v -6.2289 3.2407 12
v -6.1663 3.2081 12.1772
v -6.1417 3.1954 12.315
v -6.1498 3.1996 12.4134
v -6.1853 3.218 12.4725
v -6.2428 3.248 12.4922
v -6.317 3.2866 12.4725
v -6.4025 3.3311 12.4134
v -6.4941 3.3787 12.315
v -6.5863 3.4267 12.1772
v -6.6738 3.4722 12
v -5.665 4.1574 12
v -5.608 4.1156 12.1772
v -5.5857 4.0992 12.315
v -5.593 4.1047 12.4134
v -5.6253 4.1283 12.4725
v -5.6776 4.1667 12.4922
v -5.7451 4.2162 12.4725
v -5.8229 4.2733 12.4134
v -5.9061 4.3344 12.315
v -5.99 4.396 12.1772
v -6.0696 4.4544 12
v -4.97 4.97 12
v -4.92 4.92 12.1772
v -4.9004 4.9004 12.315
v -4.9069 4.9069 12.4134
v -4.9352 4.9352 12.4725
v -4.9811 4.9811 12.4922
v -5.0403 5.0403 12.4725
v -5.1085 5.1085 12.4134
v -5.1816 5.1816 12.315
v -5.2552 5.2552 12.1772
v -5.325 5.325 12
v -4.1574 5.665 12
v -4.1156 5.608 12.1772
v -4.0992 5.5857 12.315
v -4.1047 5.593 12.4134
v -4.1283 5.6253 12.4725
v -4.1667 5.6776 12.4922
v -4.2162 5.7451 12.4725
v -4.2733 5.8229 12.4134
v -4.3344 5.9061 12.315
v -4.396 5.99 12.1772
v -4.4544 6.0696 12
v -3.2407 6.2289 12
v -3.2081 6.1663 12.1772
v -3.1953 6.1417 12.315
v -3.1996 6.1498 12.4134
v -3.218 6.1853 12.4725
v -3.248 6.2428 12.4922
v -3.2866 6.317 12.4725
v -3.3311 6.4025 12.4134
v -3.3787 6.4941 12.315
v -3.4267 6.5863 12.1772
v -3.4722 6.6738 12
v -2.2333 6.6483 12
v -2.2108 6.5815 12.1772
v -2.202 6.5552 12.315
v -2.2049 6.5639 12.4134
v -2.2176 6.6018 12.4725
v -2.2383 6.6632 12.4922
v -2.2649 6.7423 12.4725
v -2.2955 6.8336 12.4134
v -2.3284 6.9313 12.315
v -2.3614 7.0298 12.1772
v -2.3928 7.1232 12
v -1.1486 6.9098 12
v -1.137 6.8404 12.1772
v -1.1325 6.8131 12.315
v -1.134 6.8221 12.4134
v -1.1405 6.8615 12.4725
v -1.1511 6.9253 12.4922
v -1.1648 7.0076 12.4725
v -1.1806 7.1025 12.4134
v -1.1975 7.204 12.315
v -1.2145 7.3063 12.1772
v -1.2306 7.4034 12
v 0 7 12
v 0 6.9296 12.1772
v 0 6.902 12.315
v 0 6.9111 12.4134
v 0 6.951 12.4725
v 0 7.0156 12.4922
v 0 7.099 12.4725
v 0 7.1951 12.4134
v 0 7.298 12.315
v 0 7.4016 12.1772
v 0 7.5 12
v 1.1486 6.9098 12
v 1.137 6.8404 12.1772
v 1.1325 6.8131 12.315
v 1.134 6.8221 12.4134
v 1.1405 6.8615 12.4725
v 1.1511 6.9253 12.4922
v 1.1648 7.0076 12.4725
v 1.1806 7.1025 12.4134
v 1.1975 7.204 12.315
v 1.2145 7.3063 12.1772
v 1.2306 7.4034 12
v 2.2333 6.6483 12
v 2.2108 6.5815 12.1772
v 2.202 6.5552 12.315
v 2.2049 6.5639 12.4134
v 2.2176 6.6018 12.4725
v 2.2383 6.6632 12.4922
v 2.2649 6.7423 12.4725
v 2.2955 6.8336 12.4134
v 2.3284 6.9313 12.315
v 2.3614 7.0298 12.1772
v 2.3928 7.1232 12
v 3.2407 6.2289 12
v 3.2081 6.1663 12.1772
v 3.1954 6.1417 12.315
v 3.1996 6.1498 12.4134
v 3.218 6.1853 12.4725
v 3.248 6.2428 12.4922
v 3.2866 6.317 12.4725
v 3.3311 6.4025 12.4134
v 3.3787 6.4941 12.315
v 3.4267 6.5863 12.1772
v 3.4722 6.6738 12
v 4.1574 5.665 12
v 4.1156 5.608 12.1772
v 4.0992 5.5857 12.315
v 4.1047 5.593 12.4134
v 4.1283 5.6253 12.4725
v 4.1667 5.6776 12.4922
v 4.2162 5.7451 12.4725
v 4.2733 5.8229 12.4134
v 4.3344 5.9061 12.315
v 4.396 5.99 12.1772
v 4.4544 6.0696 12
v 4.97 4.97 12
v 4.92 4.92 12.1772
v 4.9004 4.9004 12.315
v 4.9069 4.9069 12.4134
v 4.9352 4.9352 12.4725
v 4.9811 4.9811 12.4922
v 5.0403 5.0403 12.4725
v 5.1085 5.1085 12.4134
v 5.1816 5.1816 12.315
v 5.2552 5.2552 12.1772
v 5.325 5.325 12
v 5.665 4.1574 12
v 5.608 4.1156 12.1772
v 5.5857 4.0992 12.315
v 5.593 4.1047 12.4134
v 5.6253 4.1283 12.4725
v 5.6776 4.1667 12.4922
v 5.7451 4.2162 12.4725
v 5.8229 4.2733 12.4134
v 5.9061 4.3344 12.315
v 5.99 4.396 12.1772
v 6.0696 4.4544 12
v 6.2289 3.2407 12
v 6.1663 3.2081 12.1772
v 6.1417 3.1953 12.315
v 6.1498 3.1996 12.4134
v 6.1853 3.218 12.4725
v 6.2428 3.248 12.4922
v 6.317 3.2866 12.4725
v 6.4025 3.3311 12.4134
v 6.4941 3.3787 12.315
v 6.5863 3.4267 12.1772
v 6.6738 3.4722 12
v 6.6483 2.2333 12
v 6.5815 2.2108 12.1772
v 6.5552 2.202 12.315
v 6.5639 2.2049 12.4134
v 6.6018 2.2176 12.4725
v 6.6632 2.2383 12.4922
v 6.7423 2.2649 12.4725
v 6.8336 2.2955 12.4134
v 6.9313 2.3284 12.315
v 7.0298 2.3614 12.1772
v 7.1232 2.3928 12
v 6.9098 1.1486 12
v 6.8404 1.137 12.1772
v 6.8131 1.1325 12.315
v 6.8221 1.134 12.4134
v 6.8615 1.1405 12.4725
v 6.9253 1.1511 12.4922
v 7.0076 1.1648 12.4725
v 7.1025 1.1806 12.4134
v 7.204 1.1975 12.315
v 7.3063 1.2145 12.1772
v 7.4034 1.2306 12
v 7.7723 -1.2919 11.2129
v 7.8737 0 11.2129
v 8.1339 -1.352 10.428
v 8.24 0 10.428
v 8.5913 0 9.6476
v 8.4806 -1.4097 9.6476
v 8.8051 -1.4636 8.874
v 8.92 0 8.874
v 9.2188 0 8.1094
v 9.1 -1.5126 8.1094
v 9.3579 -1.5555 7.356
v 9.48 0 7.356
v 9.5714 -1.591 6.6161
v 9.6962 0 6.6161
v 9.86 0 5.892
v 9.733 -1.6178 5.892
v 9.8354 -1.6349 5.1859
v 9.9637 0 5.1859
v 10 0 4.5
v 9.8712 -1.6408 4.5
v 7.4782 -2.512 11.2129
v 7.826 -2.6289 10.428
v 8.1596 -2.741 9.6476
v 8.4719 -2.8458 8.874
v 8.7556 -2.9412 8.1094
v 9.0037 -3.0245 7.356
v 9.2091 -3.0935 6.6161
v 9.3646 -3.1457 5.892
v 9.4632 -3.1788 5.1859
v 9.4976 -3.1904 4.5
v 7.0064 -3.6452 11.2129
v 7.3323 -3.8148 10.428
v 7.6448 -3.9774 9.6476
v 7.9374 -4.1296 8.874
v 8.2032 -4.2679 8.1094
v 8.4357 -4.3889 7.356
v 8.6281 -4.489 6.6161
v 8.7738 -4.5648 5.892
v 8.8661 -4.6128 5.1859
v 8.8984 -4.6296 4.5
v 6.3721 -4.6764 11.2129
v 6.6685 -4.8939 10.428
v 6.9527 -5.1025 9.6476
v 7.2188 -5.2978 8.874
v 7.4606 -5.4752 8.1094
v 7.672 -5.6304 7.356
v 7.847 -5.7588 6.6161
v 7.9795 -5.8561 5.892
v 8.0635 -5.9177 5.1859
v 8.0928 -5.9392 4.5
v 5.5904 -5.5904 11.2129
v 5.8504 -5.8504 10.428
v 6.0998 -6.0998 9.6476
v 6.3332 -6.3332 8.874
v 6.5453 -6.5453 8.1094
v 6.7308 -6.7308 7.356
v 6.8843 -6.8843 6.6161
v 7.0006 -7.0006 5.892
v 7.0743 -7.0743 5.1859
v 7.1 -7.1 4.5
v 4.6764 -6.3721 11.2129
v 4.8939 -6.6685 10.428
v 5.1025 -6.9527 9.6476
v 5.2978 -7.2188 8.874
v 5.4752 -7.4606 8.1094
v 5.6304 -7.672 7.356
v 5.7588 -7.847 6.6161
v 5.8561 -7.9795 5.892
v 5.9177 -8.0635 5.1859
v 5.9392 -8.0928 4.5
v 3.6452 -7.0064 11.2129
v 3.8148 -7.3323 10.428
v 3.9774 -7.6448 9.6476
v 4.1296 -7.9374 8.874
v 4.2679 -8.2032 8.1094
v 4.3889 -8.4357 7.356
v 4.489 -8.6281 6.6161
v 4.5648 -8.7738 5.892
v 4.6128 -8.8661 5.1859
v 4.6296 -8.8984 4.5
v 2.512 -7.4782 11.2129
v 2.6289 -7.826 10.428
v 2.741 -8.1596 9.6476
v 2.8458 -8.4719 8.874
v 2.9411 -8.7556 8.1094
v 3.0245 -9.0037 7.356
v 3.0935 -9.2091 6.6161
v 3.1457 -9.3646 5.892
v 3.1788 -9.4632 5.1859
v 3.1904 -9.4976 4.5
v 1.2919 -7.7723 11.2129
v 1.352 -8.1339 10.428
v 1.4097 -8.4806 9.6476
v 1.4636 -8.8051 8.874
v 1.5126 -9.1 8.1094
v 1.5555 -9.3579 7.356
v 1.591 -9.5714 6.6161
v 1.6178 -9.733 5.892
v 1.6349 -9.8354 5.1859
v 1.6408 -9.8712 4.5
v 0 -7.8737 11.2129
v 0 -8.24 10.428
v 0 -8.5913 9.6476
v 0 -8.92 8.874
v 0 -9.2188 8.1094
v 0 -9.48 7.356
v 0 -9.6962 6.6161
v 0 -9.86 5.892
v 0 -9.9637 5.1859
v 0 -10 4.5
v -1.2919 -7.7723 11.2129
v -1.352 -8.1339 10.428
v -1.4097 -8.4806 9.6476
v -1.4636 -8.8051 8.874
v -1.5126 -9.1 8.1094
v -1.5555 -9.3579 7.356
v -1.591 -9.5714 6.6161
v -1.6178 -9.733 5.892
v -1.6349 -9.8354 5.1859
v -1.6408 -9.8712 4.5
v -2.512 -7.4782 11.2129
v -2.6289 -7.826 10.428
v -2.741 -8.1596 9.6476
v -2.8458 -8.4719 8.874
v -2.9412 -8.7556 8.1094
v -3.0245 -9.0037 7.356
v -3.0935 -9.2091 6.6161
v -3.1457 -9.3646 5.892
v -3.1788 -9.4632 5.1859
v -3.1904 -9.4976 4.5
v -3.6452 -7.0064 11.2129
v -3.8148 -7.3323 10.428
v -3.9774 -7.6448 9.6476
v -4.1296 -7.9374 8.874
v -4.2679 -8.2032 8.1094
v -4.3889 -8.4357 7.356
v -4.489 -8.6281 6.6161
v -4.5648 -8.7738 5.892
v -4.6128 -8.8661 5.1859
v -4.6296 -8.8984 4.5
v -4.6764 -6.3721 11.2129
v -4.8939 -6.6685 10.428
v -5.1025 -6.9527 9.6476
v -5.2978 -7.2188 8.874
v -5.4752 -7.4606 8.1094
v -5.6304 -7.672 7.356
v -5.7588 -7.847 6.6161
v -5.8561 -7.9795 5.892
v -5.9177 -8.0635 5.1859
v -5.9392 -8.0928 4.5
v -5.5904 -5.5904 11.2129
v -5.8504 -5.8504 10.428
v -6.0998 -6.0998 9.6476
v -6.3332 -6.3332 8.874
v -6.5453 -6.5453 8.1094
v -6.7308 -6.7308 7.356
v -6.8843 -6.8843 6.6161
v -7.0006 -7.0006 5.892
v -7.0743 -7.0743 5.1859
v -7.1 -7.1 4.5
v -6.3721 -4.6764 11.2129
v -6.6685 -4.8939 10.428
v -6.9527 -5.1025 9.6476
v -7.2188 -5.2978 8.874
v -7.4606 -5.4752 8.1094
v -7.672 -5.6304 7.356
v -7.847 -5.7588 6.6161
v -7.9795 -5.8561 5.892
v -8.0635 -5.9177 5.1859
v -8.0928 -5.9392 4.5
v -7.0064 -3.6452 11.2129
v -7.3323 -3.8148 10.428
v -7.6448 -3.9774 9.6476
v -7.9374 -4.1296 8.874
v -8.2032 -4.2679 8.1094
v -8.4357 -4.3889 7.356
v -8.6281 -4.489 6.6161
v -8.7738 -4.5648 5.892
v -8.8661 -4.6128 5.1859
v -8.8984 -4.6296 4.5
v -7.4782 -2.512 11.2129
v -7.826 -2.6289 10.428
v -8.1596 -2.741 9.6476
v -8.4719 -2.8458 8.874
v -8.7556 -2.9411 8.1094
v -9.0037 -3.0245 7.356
v -9.2091 -3.0935 6.6161
v -9.3646 -3.1457 5.892
v -9.4632 -3.1788 5.1859
v -9.4976 -3.1904 4.5
v -7.7723 -1.2919 11.2129
v -8.1339 -1.352 10.428
v -8.4806 -1.4097 9.6476
v -8.8051 -1.4636 8.874
v -9.1 -1.5126 8.1094
v -9.3579 -1.5555 7.356
v -9.5714 -1.591 6.6161
v -9.733 -1.6178 5.892
v -9.8354 -1.6349 5.1859
v -9.8712 -1.6408 4.5
v -7.8737 0 11.2129
v -8.24 0 10.428
v -8.5913 0 9.6476
v -8.92 0 8.874
v -9.2188 0 8.1094
v -9.48 0 7.356
v -9.6962 0 6.6161
v -9.86 0 5.892
v -9.9637 0 5.1859
v -10 0 4.5
v -7.7723 1.2919 11.2129
v -8.1339 1.352 10.428
v -8.4806 1.4097 9.6476
v -8.8051 1.4636 8.874
v -9.1 1.5126 8.1094
v -9.3579 1.5555 7.356
v -9.5714 1.591 6.6161
v -9.733 1.6178 5.892
v -9.8354 1.6349 5.1859
v -9.8712 1.6408 4.5
v -7.4782 2.512 11.2129
v -7.826 2.6289 10.428
v -8.1596 2.741 9.6476
v -8.4719 2.8458 8.874
v -8.7556 2.9412 8.1094
v -9.0037 3.0245 7.356
v -9.2091 3.0935 6.6161
v -9.3646 3.1457 5.892
v -9.4632 3.1788 5.1859
v -9.4976 3.1904 4.5
v -7.0064 3.6452 11.2129
v -7.3323 3.8148 10.428
v -7.6448 3.9774 9.6476
v -7.9374 4.1296 8.874
v -8.2032 4.2679 8.1094
v -8.4357 4.3889 7.356
v -8.6281 4.489 6.6161
v -8.7738 4.5648 5.892
v -8.8661 4.6128 5.1859
v -8.8984 4.6296 4.5
v -6.3721 4.6764 11.2129
v -6.6685 4.8939 10.428
v -6.9527 5.1025 9.6476
v -7.2188 5.2978 8.874
v -7.4606 5.4752 8.1094
v -7.672 5.6304 7.356
v -7.847 5.7588 6.6161
v -7.9795 5.8561 5.892
v -8.0635 5.9177 5.1859
v -8.0928 5.9392 4.5
v -5.5904 5.5904 11.2129
v -5.8504 5.8504 10.428
v -6.0998 6.0998 9.6476
v -6.3332 6.3332 8.874
v -6.5453 6.5453 8.1094
v -6.7308 6.7308 7.356
v -6.8843 6.8843 6.6161
v -7.0006 7.0006 5.892
v -7.0743 7.0743 5.1859
v -7.1 7.1 4.5
v -4.6764 6.3721 11.2129
v -4.8939 6.6685 10.428
v -5.1025 6.9527 9.6476
v -5.2978 7.2188 8.874
v -5.4752 7.4606 8.1094
v -5.6304 7.672 7.356
v -5.7588 7.847 6.6161
v -5.8561 7.9795 5.892
v -5.9177 8.0635 5.1859
v -5.9392 8.0928 4.5
v -3.6452 7.0064 11.2129
v -3.8148 7.3323 10.428
v -3.9774 7.6448 9.6476
v -4.1296 7.9374 8.874
v -4.2679 8.2032 8.1094
v -4.3889 8.4357 7.356
v -4.489 8.6281 6.6161
v -4.5648 8.7738 5.892
v -4.6128 8.8661 5.1859
v -4.6296 8.8984 4.5
v -2.512 7.4782 11.2129
v -2.6289 7.826 10.428
v -2.741 8.1596 9.6476
v -2.8458 8.4719 8.874
v -2.9411 8.7556 8.1094
v -3.0245 9.0037 7.356
v -3.0935 9.2091 6.6161
v -3.1457 9.3646 5.892
v -3.1788 9.4632 5.1859
v -3.1904 9.4976 4.5
v -1.2919 7.7723 11.2129
v -1.352 8.1339 10.428
v -1.4097 8.4806 9.6476
v -1.4636 8.8051 8.874
v -1.5126 9.1 8.1094
v -1.5555 9.3579 7.356
v -1.591 9.5714 6.6161
v -1.6178 9.733 5.892
v -1.6349 9.8354 5.1859
v -1.6408 9.8712 4.5
v 0 7.8737 11.2129
v 0 8.24 10.428
v 0 8.5913 9.6476
v 0 8.92 8.874
v 0 9.2188 8.1094
v 0 9.48 7.356
v 0 9.6962 6.6161
v 0 9.86 5.892
v 0 9.9637 5.1859
v 0 10 4.5
v 1.2919 7.7723 11.2129
v 1.352 8.1339 10.428
v 1.4097 8.4806 9.6476
v 1.4636 8.8051 8.874
v 1.5126 9.1 8.1094
v 1.5555 9.3579 7.356
v 1.591 9.5714 6.6161
v 1.6178 9.733 5.892
v 1.6349 9.8354 5.1859
v 1.6408 9.8712 4.5
v 2.512 7.4782 11.2129
v 2.6289 7.826 10.428
v 2.741 8.1596 9.6476
v 2.8458 8.4719 8.874
v 2.9412 8.7556 8.1094
v 3.0245 9.0037 7.356
v 3.0935 9.2091 6.6161
v 3.1457 9.3646 5.892
v 3.1788 9.4632 5.1859
v 3.1904 9.4976 4.5
v 3.6452 7.0064 11.2129
v 3.8148 7.3323 10.428
v 3.9774 7.6448 9.6476
v 4.1296 7.9374 8.874
v 4.2679 8.2032 8.1094
v 4.3889 8.4357 7.356
v 4.489 8.6281 6.6161
v 4.5648 8.7738 5.892
v 4.6128 8.8661 5.1859
v 4.6296 8.8984 4.5
v 4.6764 6.3721 11.2129
v 4.8939 6.6685 10.428
v 5.1025 6.9527 9.6476
v 5.2978 7.2188 8.874
v 5.4752 7.4606 8.1094
v 5.6304 7.672 7.356
v 5.7588 7.847 6.6161
v 5.8561 7.9795 5.892
v 5.9177 8.0635 5.1859
v 5.9392 8.0928 4.5
v 5.5904 5.5904 11.2129
v 5.8504 5.8504 10.428
v 6.0998 6.0998 9.6476
v 6.3332 6.3332 8.874
v 6.5453 6.5453 8.1094
v 6.7308 6.7308 7.356
v 6.8843 6.8843 6.6161
v 7.0006 7.0006 5.892
v 7.0743 7.0743 5.1859
v 7.1 7.1 4.5
v 6.3721 4.6764 11.2129
v 6.6685 4.8939 10.428
v 6.9527 5.1025 9.6476
v 7.2188 5.2978 8.874
v 7.4606 5.4752 8.1094
v 7.672 5.6304 7.356
v 7.847 5.7588 6.6161
v 7.9795 5.8561 5.892
v 8.0635 5.9177 5.1859
v 8.0928 5.9392 4.5
v 7.0064 3.6452 11.2129
v 7.3323 3.8148 10.428
v 7.6448 3.9774 9.6476
v 7.9374 4.1296 8.874
v 8.2032 4.2679 8.1094
v 8.4357 4.3889 7.356
v 8.6281 4.489 6.6161
v 8.7738 4.5648 5.892
v 8.8661 4.6128 5.1859
v 8.8984 4.6296 4.5
v 7.4782 2.512 11.2129
v 7.826 2.6289 10.428
v 8.1596 2.741 9.6476
v 8.4719 2.8458 8.874
v 8.7556 2.9411 8.1094
v 9.0037 3.0245 7.356
v 9.2091 3.0935 6.6161
v 9.3646 3.1457 5.892
v 9.4632 3.1788 5.1859
v 9.4976 3.1904 4.5
v 7.7723 1.2919 11.2129
v 8.1339 1.352 10.428
v 8.4806 1.4097 9.6476
v 8.8051 1.4636 8.874
v 9.1 1.5126 8.1094
v 9.3579 1.5555 7.356
v 9.5714 1.591 6.6161
v 9.733 1.6178 5.892
v 9.8354 1.6349 5.1859
v 9.8712 1.6408 4.5
v 9.93 0 3.8584
v 9.8021 -1.6293 3.8584
v 9.74 0 3.282
v 9.6145 -1.5981 3.282
v 9.3382 -1.5522 2.7686
v 9.46 0 2.7686
v 9.12 0 2.316
v 9.0025 -1.4964 2.316
v 8.6373 -1.4357 1.9219
v 8.75 0 1.9219
v 8.2721 -1.375 1.584
v 8.38 0 1.584
v 8.04 0 1.3001
v 7.9364 -1.3192 1.3001
v 7.6601 -1.2733 1.068
v 7.76 0 1.068
v 7.57 0 0.8854
v 7.4725 -1.2421 0.8854
v 7.5 0 0.75
v 7.4034 -1.2306 0.75
v 9.4311 -3.1681 3.8584
v 9.2507 -3.1074 3.282
v 8.9847 -3.0181 2.7686
v 8.6618 -2.9096 2.316
v 8.3104 -2.7916 1.9219
v 7.959 -2.6736 1.584
v 7.6361 -2.5651 1.3001
v 7.3701 -2.4758 1.068
v 7.1897 -2.4151 0.8854
v 7.1232 -2.3928 0.75
v 8.8361 -4.5972 3.8584
v 8.667 -4.5092 3.282
v 8.4179 -4.3796 2.7686
v 8.1153 -4.2222 2.316
v 7.7861 -4.0509 1.9219
v 7.4569 -3.8796 1.584
v 7.1543 -3.7222 1.3001
v 6.9052 -3.5926 1.068
v 6.7361 -3.5046 0.8854
v 6.6738 -3.4722 0.75
v 8.0362 -5.8976 3.8584
v 7.8824 -5.7848 3.282
v 7.6558 -5.6185 2.7686
v 7.3806 -5.4166 2.316
v 7.0812 -5.1968 1.9219
v 6.7818 -4.9771 1.584
v 6.5066 -4.7751 1.3001
v 6.28 -4.6088 1.068
v 6.1263 -4.496 0.8854
v 6.0696 -4.4544 0.75
v 7.0503 -7.0503 3.8584
v 6.9154 -6.9154 3.282
v 6.7166 -6.7166 2.7686
v 6.4752 -6.4752 2.316
v 6.2125 -6.2125 1.9219
v 5.9498 -5.9498 1.584
v 5.7084 -5.7084 1.3001
v 5.5096 -5.5096 1.068
v 5.3747 -5.3747 0.8854
v 5.325 -5.325 0.75
v 5.8976 -8.0361 3.8584
v 5.7848 -7.8824 3.282
v 5.6185 -7.6558 2.7686
v 5.4166 -7.3806 2.316
v 5.1968 -7.0812 1.9219
v 4.977 -6.7818 1.584
v 4.7751 -6.5066 1.3001
v 4.6088 -6.28 1.068
v 4.496 -6.1262 0.8854
v 4.4544 -6.0696 0.75
v 4.5972 -8.8361 3.8584
v 4.5092 -8.667 3.282
v 4.3796 -8.4179 2.7686
v 4.2222 -8.1153 2.316
v 4.0509 -7.7861 1.9219
v 3.8796 -7.4569 1.584
v 3.7222 -7.1543 1.3001
v 3.5926 -6.9052 1.068
v 3.5046 -6.7361 0.8854
v 3.4722 -6.6738 0.75
v 3.1681 -9.4311 3.8584
v 3.1074 -9.2507 3.282
v 3.0181 -8.9847 2.7686
v 2.9096 -8.6618 2.316
v 2.7916 -8.3104 1.9219
v 2.6736 -7.959 1.584
v 2.5651 -7.6361 1.3001
v 2.4757 -7.3701 1.068
v 2.4151 -7.1897 0.8854
v 2.3928 -7.1232 0.75
v 1.6293 -9.8021 3.8584
v 1.5981 -9.6145 3.282
v 1.5522 -9.3382 2.7686
v 1.4964 -9.0025 2.316
v 1.4357 -8.6373 1.9219
v 1.375 -8.2721 1.584
v 1.3192 -7.9364 1.3001
v 1.2733 -7.6601 1.068
v 1.2421 -7.4725 0.8854
v 1.2306 -7.4034 0.75
v 0 -9.93 3.8584
v 0 -9.74 3.282
v 0 -9.46 2.7686
v 0 -9.12 2.316
v 0 -8.75 1.9219
v 0 -8.38 1.584
v 0 -8.04 1.3001
v 0 -7.76 1.068
v 0 -7.57 0.8854
v 0 -7.5 0.75
v -1.6293 -9.8021 3.8584
v -1.5981 -9.6145 3.282
v -1.5522 -9.3382 2.7686
v -1.4964 -9.0025 2.316
v -1.4357 -8.6373 1.9219
v -1.375 -8.2721 1.584
v -1.3192 -7.9364 1.3001
v -1.2733 -7.6601 1.068
v -1.2421 -7.4725 0.8854
v -1.2306 -7.4034 0.75
v -3.1681 -9.4311 3.8584
v -3.1074 -9.2507 3.282
v -3.0181 -8.9847 2.7686
v -2.9096 -8.6618 2.316
v -2.7916 -8.3104 1.9219
v -2.6736 -7.959 1.584
v -2.5651 -7.6361 1.3001
v -2.4758 -7.3701 1.068
v -2.4151 -7.1897 0.8854
v -2.3928 -7.1232 0.75
v -4.5972 -8.8361 3.8584
v -4.5092 -8.667 3.282
v -4.3796 -8.4179 2.7686
v -4.2222 -8.1153 2.316
v -4.0509 -7.7861 1.9219
v -3.8796 -7.4569 1.584
v -3.7222 -7.1543 1.3001
v -3.5926 -6.9052 1.068
v -3.5046 -6.7361 0.8854
v -3.4722 -6.6738 0.75
v -5.8976 -8.0362 3.8584
v -5.7848 -7.8824 3.282
v -5.6185 -7.6558 2.7686
v -5.4166 -7.3806 2.316
v -5.1968 -7.0812 1.9219
v -4.9771 -6.7818 1.584
v -4.7751 -6.5066 1.3001
v -4.6088 -6.28 1.068
v -4.496 -6.1263 0.8854
v -4.4544 -6.0696 0.75
v -7.0503 -7.0503 3.8584
v -6.9154 -6.9154 3.282
v -6.7166 -6.7166 2.7686
v -6.4752 -6.4752 2.316
v -6.2125 -6.2125 1.9219
v -5.9498 -5.9498 1.584
v -5.7084 -5.7084 1.3001
v -5.5096 -5.5096 1.068
v -5.3747 -5.3747 0.8854
v -5.325 -5.325 0.75
v -8.0361 -5.8976 3.8584
v -7.8824 -5.7848 3.282
v -7.6558 -5.6185 2.7686
v -7.3806 -5.4166 2.316
v -7.0812 -5.1968 1.9219
v -6.7818 -4.977 1.584
v -6.5066 -4.7751 1.3001
v -6.28 -4.6088 1.068
v -6.1262 -4.496 0.8854
v -6.0696 -4.4544 0.75
v -8.8361 -4.5972 3.8584
v -8.667 -4.5092 3.282
v -8.4179 -4.3796 2.7686
v -8.1153 -4.2222 2.316
v -7.7861 -4.0509 1.9219
v -7.4569 -3.8796 1.584
v -7.1543 -3.7222 1.3001
v -6.9052 -3.5926 1.068
v -6.7361 -3.5046 0.8854
v -6.6738 -3.4722 0.75
v -9.4311 -3.1681 3.8584
v -9.2507 -3.1074 3.282
v -8.9847 -3.0181 2.7686
v -8.6618 -2.9096 2.316
v -8.3104 -2.7916 1.9219
v -7.959 -2.6736 1.584
v -7.6361 -2.5651 1.3001
v -7.3701 -2.4757 1.068
v -7.1897 -2.4151 0.8854
v -7.1232 -2.3928 0.75
v -9.8021 -1.6293 3.8584
v -9.6145 -1.5981 3.282
v -9.3382 -1.5522 2.7686
v -9.0025 -1.4964 2.316
v -8.6373 -1.4357 1.9219
v -8.2721 -1.375 1.584
v -7.9364 -1.3192 1.3001
v -7.6601 -1.2733 1.068
v -7.4725 -1.2421 0.8854
v -7.4034 -1.2306 0.75
v -9.93 0 3.8584
v -9.74 0 3.282
v -9.46 0 2.7686
v -9.12 0 2.316
v -8.75 0 1.9219
v -8.38 0 1.584
v -8.04 0 1.3001
v -7.76 0 1.068
v -7.57 0 0.8854
v -7.5 0 0.75
v -9.8021 1.6293 3.8584
v -9.6145 1.5981 3.282
v -9.3382 1.5522 2.7686
v -9.0025 1.4964 2.316
v -8.6373 1.4357 1.9219
v -8.2721 1.375 1.584
v -7.9364 1.3192 1.3001
v -7.6601 1.2733 1.068
v -7.4725 1.2421 0.8854
v -7.4034 1.2306 0.75
v -9.4311 3.1681 3.8584
v -9.2507 3.1074 3.282
v -8.9847 3.0181 2.7686
v -8.6618 2.9096 2.316
v -8.3104 2.7916 1.9219
v -7.959 2.6736 1.584
v -7.6361 2.5651 1.3001
v -7.3701 2.4758 1.068
v -7.1897 2.4151 0.8854
v -7.1232 2.3928 0.75
v -8.8361 4.5972 3.8584
v -8.667 4.5092 3.282
v -8.4179 4.3796 2.7686
v -8.1153 4.2222 2.316
v -7.7861 4.0509 1.9219
v -7.4569 3.8796 1.584
v -7.1543 3.7222 1.3001
v -6.9052 3.5926 1.068
v -6.7361 3.5046 0.8854
v -6.6738 3.4722 0.75
v -8.0362 5.8976 3.8584
v -7.8824 5.7848 3.282
v -7.6558 5.6185 2.7686
v -7.3806 5.4166 2.316
v -7.0812 5.1968 1.9219
v -6.7818 4.9771 1.584
v -6.5066 4.7751 1.3001
v -6.28 4.6088 1.068
v -6.1263 4.496 0.8854
v -6.0696 4.4544 0.75
v -7.0503 7.0503 3.8584
v -6.9154 6.9154 3.282
v -6.7166 6.7166 2.7686
v -6.4752 6.4752 2.316
v -6.2125 6.2125 1.9219
v -5.9498 5.9498 1.584
v -5.7084 5.7084 1.3001
v -5.5096 5.5096 1.068
v -5.3747 5.3747 0.8854
v -5.325 5.325 0.75
v -5.8976 8.0361 3.8584
v -5.7848 7.8824 3.282
v -5.6185 7.6558 2.7686
v -5.4166 7.3806 2.316
v -5.1968 7.0812 1.9219
v -4.977 6.7818 1.584
v -4.7751 6.5066 1.3001
v -4.6088 6.28 1.068
v -4.496 6.1262 0.8854
v -4.4544 6.0696 0.75
v -4.5972 8.8361 3.8584
v -4.5092 8.667 3.282
v -4.3796 8.4179 2.7686
v -4.2222 8.1153 2.316
v -4.0509 7.7861 1.9219
v -3.8796 7.4569 1.584
v -3.7222 7.1543 1.3001
v -3.5926 6.9052 1.068
v -3.5046 6.7361 0.8854
v -3.4722 6.6738 0.75
v -3.1681 9.4311 3.8584
v -3.1074 9.2507 3.282
v -3.0181 8.9847 2.7686
v -2.9096 8.6618 2.316
v -2.7916 8.3104 1.9219
v -2.6736 7.959 1.584
v -2.5651 7.6361 1.3001
v -2.4757 7.3701 1.068
v -2.4151 7.1897 0.8854
v -2.3928 7.1232 0.75
v -1.6293 9.8021 3.8584
v -1.5981 9.6145 3.282
v -1.5522 9.3382 2.7686
v -1.4964 9.0025 2.316
v -1.4357 8.6373 1.9219
v -1.375 8.2721 1.584
v -1.3192 7.9364 1.3001
v -1.2733 7.6601 1.068
v -1.2421 7.4725 0.8854
v -1.2306 7.4034 0.75
v 0 9.93 3.8584
v 0 9.74 3.282
v 0 9.46 2.7686
v 0 9.12 2.316
v 0 8.75 1.9219
v 0 8.38 1.584
v 0 8.04 1.3001
v 0 7.76 1.068
v 0 7.57 0.8854
v 0 7.5 0.75
v 1.6293 9.8021 3.8584
v 1.5981 9.6145 3.282
v 1.5522 9.3382 2.7686
v 1.4964 9.0025 2.316
v 1.4357 8.6373 1.9219
v 1.375 8.2721 1.584
v 1.3192 7.9364 1.3001
v 1.2733 7.6601 1.068
v 1.2421 7.4725 0.8854
v 1.2306 7.4034 0.75
v 3.1681 9.4311 3.8584
v 3.1074 9.2507 3.282
v 3.0181 8.9847 2.7686
v 2.9096 8.6618 2.316
v 2.7916 8.3104 1.9219
v 2.6736 7.959 1.584
v 2.5651 7.6361 1.3001
v 2.4758 7.3701 1.068
v 2.4151 7.1897 0.8854
v 2.3928 7.1232 0.75
v 4.5972 8.8361 3.8584
v 4.5092 8.667 3.282
v 4.3796 8.4179 2.7686
v 4.2222 8.1153 2.316
v 4.0509 7.7861 1.9219
v 3.8796 7.4569 1.584
v 3.7222 7.1543 1.3001
v 3.5926 6.9052 1.068
v 3.5046 6.7361 0.8854
v 3.4722 6.6738 0.75
v 5.8976 8.0362 3.8584
v 5.7848 7.8824 3.282
v 5.6185 7.6558 2.7686
v 5.4166 7.3806 2.316
v 5.1968 7.0812 1.9219
v 4.9771 6.7818 1.584
v 4.7751 6.5066 1.3001
v 4.6088 6.28 1.068
v 4.496 6.1263 0.8854
v 4.4544 6.0696 0.75
v 7.0503 7.0503 3.8584
v 6.9154 6.9154 3.282
v 6.7166 6.7166 2.7686
v 6.4752 6.4752 2.316
v 6.2125 6.2125 1.9219
v 5.9498 5.9498 1.584
v 5.7084 5.7084 1.3001
v 5.5096 5.5096 1.068
v 5.3747 5.3747 0.8854
v 5.325 5.325 0.75
v 8.0361 5.8976 3.8584
v 7.8824 5.7848 3.282
v 7.6558 5.6185 2.7686
v 7.3806 5.4166 2.316
v 7.0812 5.1968 1.9219
v 6.7818 4.977 1.584
v 6.5066 4.7751 1.3001
v 6.28 4.6088 1.068
v 6.1262 4.496 0.8854
v 6.0696 4.4544 0.75
v 8.8361 4.5972 3.8584
v 8.667 4.5092 3.282
v 8.4179 4.3796 2.7686
v 8.1153 4.2222 2.316
v 7.7861 4.0509 1.9219
v 7.4569 3.8796 1.584
v 7.1543 3.7222 1.3001
v 6.9052 3.5926 1.068
v 6.7361 3.5046 0.8854
v 6.6738 3.4722 0.75
v 9.4311 3.1681 3.8584
v 9.2507 3.1074 3.282
v 8.9847 3.0181 2.7686
v 8.6618 2.9096 2.316
v 8.3104 2.7916 1.9219
v 7.959 2.6736 1.584
v 7.6361 2.5651 1.3001
v 7.3701 2.4757 1.068
v 7.1897 2.4151 0.8854
v 7.1232 2.3928 0.75
v 9.8021 1.6293 3.8584
v 9.6145 1.5981 3.282
v 9.3382 1.5522 2.7686
v 9.0025 1.4964 2.316
v 8.6373 1.4357 1.9219
v 8.2721 1.375 1.584
v 7.9364 1.3192 1.3001
v 7.6601 1.2733 1.068
v 7.4725 1.2421 0.8854
v 7.4034 1.2306 0.75
v 7.4824 0 0.6379
v 7.386 -1.2277 0.6379
v 7.404 0 0.528
v 7.3086 -1.2148 0.528
v 7.1335 -1.1857 0.4226
v 7.2266 0 0.4226
v 6.823 -1.1341 0.324
v 6.912 0 0.324
v 6.4219 0 0.2344
v 6.3392 -1.0537 0.2344
v 5.6444 -0.9382 0.156
v 5.718 0 0.156
v 4.7621 0 0.0911
v 4.7008 -0.7814 0.0911
v 3.516 0 0.042
v 3.4707 -0.5769 0.042
v 1.9164 -0.3185 0.0109
v 1.9414 0 0.0109
v 0 0 0
v 7.1065 -2.3872 0.6379
v 7.032 -2.3622 0.528
v 6.8636 -2.3056 0.4226
v 6.5647 -2.2052 0.324
v 6.0992 -2.0488 0.2344
v 5.4307 -1.8243 0.156
v 4.5229 -1.5193 0.0911
v 3.3394 -1.1217 0.042
v 1.8438 -0.6194 0.0109
v 6.6581 -3.464 0.6379
v 6.5884 -3.4278 0.528
v 6.4305 -3.3456 0.4226
v 6.1506 -3.2 0.324
v 5.7144 -2.9731 0.2344
v 5.0881 -2.6472 0.156
v 4.2375 -2.2047 0.0911
v 3.1287 -1.6278 0.042
v 1.7275 -0.8988 0.0109
v 6.0553 -4.4439 0.6379
v 5.9919 -4.3974 0.528
v 5.8484 -4.292 0.4226
v 5.5937 -4.1052 0.324
v 5.1971 -3.8141 0.2344
v 4.6275 -3.396 0.156
v 3.8539 -2.8283 0.0911
v 2.8454 -2.0882 0.042
v 1.5711 -1.153 0.0109
v 5.3125 -5.3125 0.6379
v 5.2568 -5.2568 0.528
v 5.1309 -5.1309 0.4226
v 4.9075 -4.9075 0.324
v 4.5595 -4.5595 0.2344
v 4.0598 -4.0598 0.156
v 3.3811 -3.3811 0.0911
v 2.4964 -2.4964 0.042
v 1.3784 -1.3784 0.0109
v 4.4439 -6.0553 0.6379
v 4.3974 -5.9919 0.528
v 4.292 -5.8484 0.4226
v 4.1052 -5.5937 0.324
v 3.8141 -5.1971 0.2344
v 3.396 -4.6275 0.156
v 2.8283 -3.8539 0.0911
v 2.0882 -2.8454 0.042
v 1.153 -1.5711 0.0109
v 3.464 -6.6581 0.6379
v 3.4278 -6.5884 0.528
v 3.3456 -6.4305 0.4226
v 3.2 -6.1506 0.324
v 2.9731 -5.7144 0.2344
v 2.6472 -5.0881 0.156
v 2.2047 -4.2375 0.0911
v 1.6278 -3.1287 0.042
v 0.8988 -1.7275 0.0109
v 2.3872 -7.1065 0.6379
v 2.3622 -7.032 0.528
v 2.3056 -6.8636 0.4226
v 2.2052 -6.5647 0.324
v 2.0488 -6.0992 0.2344
v 1.8243 -5.4307 0.156
v 1.5193 -4.5229 0.0911
v 1.1217 -3.3394 0.042
v 0.6194 -1.8438 0.0109
v 1.2277 -7.386 0.6379
v 1.2148 -7.3086 0.528
v 1.1857 -7.1335 0.4226
v 1.1341 -6.823 0.324
v 1.0537 -6.3392 0.2344
v 0.9382 -5.6444 0.156
v 0.7814 -4.7008 0.0911
v 0.5769 -3.4707 0.042
v 0.3185 -1.9164 0.0109
v 0 -7.4824 0.6379
v 0 -7.404 0.528
v 0 -7.2266 0.4226
v 0 -6.912 0.324
v 0 -6.4219 0.2344
v 0 -5.718 0.156
v 0 -4.7621 0.0911
v 0 -3.516 0.042
v 0 -1.9414 0.0109
v -1.2277 -7.386 0.6379
v -1.2148 -7.3086 0.528
v -1.1857 -7.1335 0.4226
v -1.1341 -6.823 0.324
v -1.0537 -6.3392 0.2344
v -0.9382 -5.6444 0.156
v -0.7814 -4.7008 0.0911
v -0.5769 -3.4707 0.042
v -0.3185 -1.9164 0.0109
v -2.3872 -7.1065 0.6379
v -2.3622 -7.032 0.528
v -2.3056 -6.8636 0.4226
v -2.2052 -6.5647 0.324
v -2.0488 -6.0992 0.2344
v -1.8243 -5.4307 0.156
v -1.5193 -4.5229 0.0911
v -1.1217 -3.3394 0.042
v -0.6194 -1.8438 0.0109
v -3.464 -6.6581 0.6379
v -3.4278 -6.5884 0.528
v -3.3456 -6.4305 0.4226
v -3.2 -6.1506 0.324
v -2.9731 -5.7144 0.2344
v -2.6472 -5.0881 0.156
v -2.2047 -4.2375 0.0911
v -1.6278 -3.1287 0.042
v -0.8988 -1.7275 0.0109
v -4.4439 -6.0553 0.6379
v -4.3974 -5.9919 0.528
v -4.292 -5.8484 0.4226
v -4.1052 -5.5937 0.324
v -3.8141 -5.1971 0.2344
v -3.396 -4.6275 0.156
v -2.8283 -3.8539 0.0911
v -2.0882 -2.8454 0.042
v -1.153 -1.5711 0.0109
v -5.3125 -5.3125 0.6379
v -5.2568 -5.2568 0.528
v -5.1309 -5.1309 0.4226
v -4.9075 -4.9075 0.324
v -4.5595 -4.5595 0.2344
v -4.0598 -4.0598 0.156
v -3.3811 -3.3811 0.0911
v -2.4964 -2.4964 0.042
v -1.3784 -1.3784 0.0109
v -6.0553 -4.4439 0.6379
v -5.9919 -4.3974 0.528
v -5.8484 -4.292 0.4226
v -5.5937 -4.1052 0.324
v -5.1971 -3.8141 0.2344
v -4.6275 -3.396 0.156
v -3.8539 -2.8283 0.0911
v -2.8454 -2.0882 0.042
v -1.5711 -1.153 0.0109
v -6.6581 -3.464 0.6379
v -6.5884 -3.4278 0.528
v -6.4305 -3.3456 0.4226
v -6.1506 -3.2 0.324
v -5.7144 -2.9731 0.2344
v -5.0881 -2.6472 0.156
v -4.2375 -2.2047 0.0911
v -3.1287 -1.6278 0.042
v -1.7275 -0.8988 0.0109
v -7.1065 -2.3872 0.6379
v -7.032 -2.3622 0.528
v -6.8636 -2.3056 0.4226
v -6.5647 -2.2052 0.324
v -6.0992 -2.0488 0.2344
v -5.4307 -1.8243 0.156
v -4.5229 -1.5193 0.0911
v -3.3394 -1.1217 0.042
v -1.8438 -0.6194 0.0109
v -7.386 -1.2277 0.6379
v -7.3086 -1.2148 0.528
v -7.1335 -1.1857 0.4226
v -6.823 -1.1341 0.324
v -6.3392 -1.0537 0.2344
v -5.6444 -0.9382 0.156
v -4.7008 -0.7814 0.0911
v -3.4707 -0.5769 0.042
v -1.9164 -0.3185 0.0109
v -7.4824 0 0.6379
v -7.404 0 0.528
v -7.2266 0 0.4226
v -6.912 0 0.324
v -6.4219 0 0.2344
v -5.718 0 0.156
v -4.7621 0 0.0911
v -3.516 0 0.042
v -1.9414 0 0.0109
v -7.386 1.2277 0.6379
v -7.3086 1.2148 0.528
v -7.1335 1.1857 0.4226
v -6.823 1.1341 0.324
v -6.3392 1.0537 0.2344
v -5.6444 0.9382 0.156
v -4.7008 0.7814 0.0911
v -3.4707 0.5769 0.042
v -1.9164 0.3185 0.0109
v -7.1065 2.3872 0.6379
v -7.032 2.3622 0.528
v -6.8636 2.3056 0.4226
v -6.5647 2.2052 0.324
v -6.0992 2.0488 0.2344
v -5.4307 1.8243 0.156
v -4.5229 1.5193 0.0911
v -3.3394 1.1217 0.042
v -1.8438 0.6194 0.0109
v -6.6581 3.464 0.6379
v -6.5884 3.4278 0.528
v -6.4305 3.3456 0.4226
v -6.1506 3.2 0.324
v -5.7144 2.9731 0.2344
v -5.0881 2.6472 0.156
v -4.2375 2.2047 0.0911
v -3.1287 1.6278 0.042
v -1.7275 0.8988 0.0109
v -6.0553 4.4439 0.6379
v -5.9919 4.3974 0.528
v -5.8484 4.292 0.4226
v -5.5937 4.1052 0.324
v -5.1971 3.8141 0.2344
v -4.6275 3.396 0.156
v -3.8539 2.8283 0.0911
v -2.8454 2.0882 0.042
v -1.5711 1.153 0.0109
v -5.3125 5.3125 0.6379
v -5.2568 5.2568 0.528
v -5.1309 5.1309 0.4226
v -4.9075 4.9075 0.324
v -4.5595 4.5595 0.2344
v -4.0598 4.0598 0.156
v -3.3811 3.3811 0.0911
v -2.4964 2.4964 0.042
v -1.3784 1.3784 0.0109
v -4.4439 6.0553 0.6379
v -4.3974 5.9919 0.528
v -4.292 5.8484 0.4226
v -4.1052 5.5937 0.324
v -3.8141 5.1971 0.2344
v -3.396 4.6275 0.156
v -2.8283 3.8539 0.0911
v -2.0882 2.8454 0.042
v -1.153 1.5711 0.0109
v -3.464 6.6581 0.6379
v -3.4278 6.5884 0.528
v -3.3456 6.4305 0.4226
v -3.2 6.1506 0.324
v -2.9731 5.7144 0.2344
v -2.6472 5.0881 0.156
v -2.2047 4.2375 0.0911
v -1.6278 3.1287 0.042
v -0.8988 1.7275 0.0109
v -2.3872 7.1065 0.6379
v -2.3622 7.032 0.528
v -2.3056 6.8636 0.4226
v -2.2052 6.5647 0.324
v -2.0488 6.0992 0.2344
v -1.8243 5.4307 0.156
v -1.5193 4.5229 0.0911
v -1.1217 3.3394 0.042
v -0.6194 1.8438 0.0109
v -1.2277 7.386 0.6379
v -1.2148 7.3086 0.528
v -1.1857 7.1335 0.4226
v -1.1341 6.823 0.324
v -1.0537 6.3392 0.2344
v -0.9382 5.6444 0.156
v -0.7814 4.7008 0.0911
v -0.5769 3.4707 0.042
v -0.3185 1.9164 0.0109
v 0 7.4824 0.6379
v 0 7.404 0.528
v 0 7.2266 0.4226
v 0 6.912 0.324
v 0 6.4219 0.2344
v 0 5.718 0.156
v 0 4.7621 0.0911
v 0 3.516 0.042
v 0 1.9414 0.0109
v 1.2277 7.386 0.6379
v 1.2148 7.3086 0.528
v 1.1857 7.1335 0.4226
v 1.1341 6.823 0.324
v 1.0537 6.3392 0.2344
v 0.9382 5.6444 0.156
v 0.7814 4.7008 0.0911
v 0.5769 3.4707 0.042
v 0.3185 1.9164 0.0109
v 2.3872 7.1065 0.6379
v 2.3622 7.032 0.528
v 2.3056 6.8636 0.4226
v 2.2052 6.5647 0.324
v 2.0488 6.0992 0.2344
v 1.8243 5.4307 0.156
v 1.5193 4.5229 0.0911
v 1.1217 3.3394 0.042
v 0.6194 1.8438 0.0109
v 3.464 6.6581 0.6379
v 3.4278 6.5884 0.528
v 3.3456 6.4305 0.4226
v 3.2 6.1506 0.324
v 2.9731 5.7144 0.2344
v 2.6472 5.0881 0.156
v 2.2047 4.2375 0.0911
v 1.6278 3.1287 0.042
v 0.8988 1.7275 0.0109
v 4.4439 6.0553 0.6379
v 4.3974 5.9919 0.528
v 4.292 5.8484 0.4226
v 4.1052 5.5937 0.324
v 3.8141 5.1971 0.2344
v 3.396 4.6275 0.156
v 2.8283 3.8539 0.0911
v 2.0882 2.8454 0.042
v 1.153 1.5711 0.0109
v 5.3125 5.3125 0.6379
v 5.2568 5.2568 0.528
v 5.1309 5.1309 0.4226
v 4.9075 4.9075 0.324
v 4.5595 4.5595 0.2344
v 4.0598 4.0598 0.156
v 3.3811 3.3811 0.0911
v 2.4964 2.4964 0.042
v 1.3784 1.3784 0.0109
v 6.0553 4.4439 0.6379
v 5.9919 4.3974 0.528
v 5.8484 4.292 0.4226
v 5.5937 4.1052 0.324
v 5.1971 3.8141 0.2344
v 4.6275 3.396 0.156
v 3.8539 2.8283 0.0911
v 2.8454 2.0882 0.042
v 1.5711 1.153 0.0109
v 6.6581 3.464 0.6379
v 6.5884 3.4278 0.528
v 6.4305 3.3456 0.4226
v 6.1506 3.2 0.324
v 5.7144 2.9731 0.2344
v 5.0881 2.6472 0.156
v 4.2375 2.2047 0.0911
v 3.1287 1.6278 0.042
v 1.7275 0.8988 0.0109
v 7.1065 2.3872 0.6379
v 7.032 2.3622 0.528
v 6.8636 2.3056 0.4226
v 6.5647 2.2052 0.324
v 6.0992 2.0488 0.2344
v 5.4307 1.8243 0.156
v 4.5229 1.5193 0.0911
v 3.3394 1.1217 0.042
v 1.8438 0.6194 0.0109
v 7.386 1.2277 0.6379
v 7.3086 1.2148 0.528
v 7.1335 1.1857 0.4226
v 6.823 1.1341 0.324
v 6.3392 1.0537 0.2344
v 5.6444 0.9382 0.156
v 4.7008 0.7814 0.0911
v 3.4707 0.5769 0.042
v 1.9164 0.3185 0.0109
v -8 0 10.125
v -7.986 -0.405 10.1565
v -9.0045 0 10.1239
v -9.0023 -0.405 10.1553
v -9.916 0 10.116
v -9.924 -0.405 10.1472
v -10.7315 0 10.0946
v -10.7481 -0.405 10.1253
v -11.448 0 10.053
v -11.4719 -0.405 10.0825
v -12.0625 0 9.9844
v -12.0923 -0.405 10.0119
v -12.572 0 9.882
v -12.6064 -0.405 9.9067
v -12.9735 0 9.7391
v -13.0113 -0.405 9.7598
v -13.264 0 9.549
v -13.3042 -0.405 9.5644
v -13.4405 0 9.3049
v -13.4821 -0.405 9.3134
v -13.5 0 9
v -13.542 -0.405 9
v -7.948 -0.720001 10.242
v -8.9962 -0.720001 10.2408
v -9.9455 -0.720001 10.2321
v -10.7932 -0.72 10.2085
v -11.5366 -0.72 10.1625
v -12.173 -0.72 10.0868
v -12.6997 -0.72 9.9737
v -13.1141 -0.72 9.816
v -13.4133 -0.72 9.6061
v -13.5949 -0.72 9.3366
v -13.656 -0.72 9
v -7.892 -0.945 10.368
v -8.9873 -0.945 10.3666
v -9.9773 -0.945 10.3571
v -10.8597 -0.945 10.3311
v -11.632 -0.945 10.2804
v -12.292 -0.945 10.197
v -12.8372 -0.945 10.0725
v -13.2654 -0.945 9.8988
v -13.5742 -0.945 9.6676
v -13.7612 -0.945 9.3707
v -13.824 -0.945 9
v -7.824 -1.08 10.521
v -8.9765 -1.08 10.5195
v -10.016 -1.08 10.5088
v -10.9404 -1.08 10.4799
v -11.7479 -1.08 10.4237
v -12.4365 -1.08 10.3309
v -13.0043 -1.08 10.1925
v -13.4492 -1.08 9.9993
v -13.7695 -1.08 9.7422
v -13.963 -1.08 9.4122
v -14.028 -1.08 9
v -7.75 -1.125 10.6875
v -8.9647 -1.125 10.6858
v -10.058 -1.125 10.674
v -11.0282 -1.125 10.6419
v -11.874 -1.125 10.5795
v -12.5938 -1.125 10.4766
v -13.186 -1.125 10.323
v -13.6492 -1.125 10.1087
v -13.982 -1.125 9.8235
v -14.1827 -1.125 9.4573
v -14.25 -1.125 9
v -7.676 -1.08 10.854
v -8.953 -1.08 10.8521
v -10.1 -1.08 10.8392
v -11.1161 -1.08 10.8039
v -12.0001 -1.08 10.7353
v -12.751 -1.08 10.6223
v -13.3677 -1.08 10.4535
v -13.8493 -1.08 10.2181
v -14.1945 -1.08 9.9048
v -14.4025 -1.08 9.5024
v -14.472 -1.08 9
v -7.608 -0.945 11.007
v -8.9422 -0.945 11.005
v -10.1387 -0.945 10.9909
v -11.1968 -0.945 10.9528
v -12.116 -0.945 10.8786
v -12.8955 -0.945 10.7561
v -13.5347 -0.945 10.5735
v -14.0331 -0.945 10.3186
v -14.3898 -0.945 9.9794
v -14.6043 -0.945 9.5439
v -14.676 -0.945 9
v -7.552 -0.720001 11.133
v -8.9333 -0.720001 11.1309
v -10.1705 -0.720001 11.1159
v -11.2633 -0.720001 11.0754
v -12.2114 -0.720001 10.9965
v -13.0145 -0.720001 10.8664
v -13.6723 -0.720001 10.6723
v -14.1844 -0.720001 10.4014
v -14.5507 -0.72 10.0409
v -14.7706 -0.72 9.578
v -14.844 -0.72 9
v -7.514 -0.405 11.2185
v -8.9272 -0.405 11.2163
v -10.192 -0.405 11.2008
v -11.3084 -0.405 11.1586
v -12.2761 -0.405 11.0765
v -13.0953 -0.405 10.9412
v -13.7656 -0.405 10.7393
v -14.2872 -0.405 10.4576
v -14.6598 -0.405 10.0826
v -14.8834 -0.405 9.6012
v -14.958 -0.405 9
v -7.5 0 11.25
v -8.925 0 11.2477
v -10.2 0 11.232
v -11.325 0 11.1892
v -12.3 0 11.106
v -13.125 0 10.9688
v -13.8 0 10.764
v -14.325 0 10.4782
v -14.7 0 10.098
v -14.925 0 9.6098
v -15 0 9
v -7.514 0.405 11.2185
v -8.9272 0.405 11.2163
v -10.192 0.405 11.2008
v -11.3084 0.405 11.1586
v -12.2761 0.405 11.0765
v -13.0952 0.405 10.9412
v -13.7656 0.405 10.7393
v -14.2872 0.405 10.4576
v -14.6598 0.405 10.0826
v -14.8834 0.405 9.6012
v -14.958 0.405 9
v -7.552 0.72 11.133
v -8.9333 0.72 11.1309
v -10.1705 0.72 11.1159
v -11.2633 0.72 11.0754
v -12.2114 0.72 10.9965
v -13.0145 0.72 10.8664
v -13.6723 0.72 10.6723
v -14.1844 0.72 10.4014
v -14.5507 0.72 10.0409
v -14.7706 0.72 9.578
v -14.844 0.72 9
v -7.608 0.945 11.007
v -8.9422 0.945 11.005
v -10.1387 0.945 10.9909
v -11.1968 0.945 10.9528
v -12.116 0.945 10.8786
v -12.8955 0.945 10.7561
v -13.5348 0.945 10.5735
v -14.0331 0.945 10.3186
v -14.3898 0.945 9.9794
v -14.6043 0.945 9.5439
v -14.676 0.945 9
v -7.676 1.08 10.854
v -8.953 1.08 10.8521
v -10.1 1.08 10.8392
v -11.1161 1.08 10.8039
v -12.0001 1.08 10.7353
v -12.751 1.08 10.6223
v -13.3677 1.08 10.4535
v -13.8493 1.08 10.2181
v -14.1945 1.08 9.9048
v -14.4025 1.08 9.5024
v -14.472 1.08 9
v -7.75 1.125 10.6875
v -8.9648 1.125 10.6858
v -10.058 1.125 10.674
v -11.0283 1.125 10.6419
v -11.874 1.125 10.5795
v -12.5938 1.125 10.4766
v -13.186 1.125 10.323
v -13.6493 1.125 10.1087
v -13.982 1.125 9.8235
v -14.1828 1.125 9.4573
v -14.25 1.125 9
v -7.824 1.08 10.521
v -8.9765 1.08 10.5195
v -10.016 1.08 10.5088
v -10.9404 1.08 10.4799
v -11.7479 1.08 10.4237
v -12.4365 1.08 10.3309
v -13.0043 1.08 10.1925
v -13.4492 1.08 9.9993
v -13.7695 1.08 9.7422
v -13.963 1.08 9.4122
v -14.028 1.08 9
v -7.892 0.945 10.368
v -8.9873 0.945 10.3666
v -9.9773 0.945 10.3571
v -10.8597 0.945 10.3311
v -11.632 0.945 10.2804
v -12.292 0.945 10.197
v -12.8372 0.945 10.0725
v -13.2654 0.945 9.8988
v -13.5742 0.945 9.6676
v -13.7612 0.945 9.3707
v -13.824 0.945 9
v -7.948 0.72 10.242
v -8.9962 0.72 10.2408
v -9.9455 0.72 10.2321
v -10.7932 0.72 10.2085
v -11.5366 0.72 10.1625
v -12.173 0.72 10.0868
v -12.6997 0.72 9.9737
v -13.1141 0.72 9.816
v -13.4133 0.72 9.6061
v -13.5949 0.72 9.3366
v -13.656 0.72 9
v -7.986 0.405 10.1565
v -9.0023 0.405 10.1553
v -9.924 0.405 10.1472
v -10.7481 0.405 10.1253
v -11.4719 0.405 10.0825
v -12.0923 0.405 10.0119
v -12.6064 0.405 9.9067
v -13.0113 0.405 9.7598
v -13.3042 0.405 9.5644
v -13.4821 0.405 9.3134
v -13.542 0.405 9
v -13.5109 -0.405 8.6226
v -13.4695 0 8.631
v -13.376 0 8.208
v -13.4155 -0.405 8.193
v -13.2165 0 7.7445
v -13.253 -0.405 7.7245
v -12.988 0 7.254
v -13.0204 -0.405 7.2301
v -12.6875 0 6.75
v -12.7146 -0.405 6.7231
v -12.312 0 6.246
v -12.3328 -0.405 6.2165
v -11.8585 0 5.7555
v -11.872 -0.405 5.7236
v -11.324 0 5.292
v -11.3293 -0.405 5.2574
v -10.7055 0 4.869
v -10.7016 -0.405 4.8312
v -9.986 -0.405 4.458
v -13.6232 -0.72 8.5998
v -13.5229 -0.72 8.1525
v -13.3521 -0.72 7.6703
v -13.1082 -0.72 7.1654
v -12.7882 -0.72 6.6501
v -12.3894 -0.72 6.1365
v -11.9088 -0.72 5.6369
v -11.3436 -0.72 5.1635
v -10.6909 -0.72 4.7284
v -9.948 -0.72 4.344
v -13.7887 -0.945 8.5662
v -13.681 -0.945 8.0927
v -13.4982 -0.945 7.5903
v -13.2377 -0.945 7.07
v -12.8967 -0.945 6.5424
v -12.4727 -0.945 6.0186
v -11.9629 -0.945 5.5091
v -11.3646 -0.945 5.025
v -10.6752 -0.945 4.577
v -9.892 -0.945 4.176
v -13.9897 -1.08 8.5253
v -13.873 -1.08 8.02
v -13.6756 -1.08 7.4932
v -13.3949 -1.08 6.9541
v -13.0285 -1.08 6.4118
v -12.5739 -1.08 5.8753
v -12.0286 -1.08 5.354
v -11.3902 -1.08 4.8569
v -10.6561 -1.08 4.3932
v -9.824 -1.08 3.972
v -14.2084 -1.125 8.4809
v -14.082 -1.125 7.941
v -13.8686 -1.125 7.3876
v -13.566 -1.125 6.828
v -13.1719 -1.125 6.2695
v -12.684 -1.125 5.7195
v -12.1001 -1.125 5.1852
v -11.418 -1.125 4.674
v -10.6354 -1.125 4.1932
v -9.75 -1.125 3.75
v -14.4271 -1.08 8.4365
v -14.291 -1.08 7.862
v -14.0617 -1.08 7.2819
v -13.7371 -1.08 6.7019
v -13.3152 -1.08 6.1273
v -12.7941 -1.08 5.5637
v -12.1716 -1.08 5.0164
v -11.4458 -1.08 4.4911
v -10.6146 -1.08 3.9931
v -9.676 -1.08 3.528
v -14.6281 -0.945 8.3957
v -14.483 -0.945 7.7893
v -14.239 -0.945 7.1849
v -13.8943 -0.945 6.586
v -13.447 -0.945 5.9966
v -12.8953 -0.945 5.4204
v -12.2374 -0.945 4.8613
v -11.4714 -0.945 4.323
v -10.5955 -0.945 3.8093
v -9.608 -0.945 3.324
v -14.7936 -0.72 8.362
v -14.6412 -0.72 7.7295
v -14.3851 -0.72 7.1049
v -14.0238 -0.72 6.4906
v -13.5555 -0.72 5.889
v -12.9786 -0.72 5.3025
v -12.2915 -0.72 4.7336
v -11.4924 -0.72 4.1845
v -10.5798 -0.72 3.6579
v -9.552 -0.72 3.156
v -14.9059 -0.405 8.3392
v -14.7485 -0.405 7.689
v -14.4842 -0.405 7.0507
v -14.1116 -0.405 6.4259
v -13.6291 -0.405 5.816
v -13.0352 -0.405 5.2225
v -12.3282 -0.405 4.6469
v -11.5067 -0.405 4.0906
v -10.5692 -0.405 3.5552
v -9.514 -0.405 3.042
v -14.9472 0 8.3308
v -14.788 0 7.674
v -14.5208 0 7.0307
v -14.144 0 6.402
v -13.6563 0 5.7891
v -13.056 0 5.193
v -12.3417 0 4.6149
v -11.512 0 4.056
v -10.5652 0 3.5173
v -9.5 0 3
v -14.9059 0.405 8.3392
v -14.7485 0.405 7.689
v -14.4842 0.405 7.0507
v -14.1116 0.405 6.4259
v -13.6291 0.405 5.816
v -13.0352 0.405 5.2225
v -12.3282 0.405 4.6469
v -11.5067 0.405 4.0906
v -10.5692 0.405 3.5552
v -9.514 0.405 3.042
v -14.7936 0.72 8.362
v -14.6412 0.72 7.7295
v -14.3851 0.72 7.1049
v -14.0238 0.72 6.4906
v -13.5555 0.72 5.889
v -12.9786 0.72 5.3025
v -12.2915 0.72 4.7336
v -11.4924 0.72 4.1845
v -10.5798 0.72 3.6579
v -9.552 0.72 3.156
v -14.6281 0.945 8.3957
v -14.483 0.945 7.7893
v -14.239 0.945 7.1849
v -13.8943 0.945 6.586
v -13.447 0.945 5.9966
v -12.8953 0.945 5.4204
v -12.2374 0.945 4.8613
v -11.4714 0.945 4.323
v -10.5955 0.945 3.8093
v -9.608 0.945 3.324
v -14.4271 1.08 8.4365
v -14.291 1.08 7.862
v -14.0617 1.08 7.2819
v -13.7371 1.08 6.7019
v -13.3153 1.08 6.1273
v -12.7941 1.08 5.5637
v -12.1716 1.08 5.0164
v -11.4458 1.08 4.4911
v -10.6146 1.08 3.9931
v -9.676 1.08 3.528
v -14.2084 1.125 8.4809
v -14.082 1.125 7.941
v -13.8686 1.125 7.3876
v -13.566 1.125 6.828
v -13.1719 1.125 6.2695
v -12.684 1.125 5.7195
v -12.1001 1.125 5.1852
v -11.418 1.125 4.674
v -10.6354 1.125 4.1932
v -9.75 1.125 3.75
v -13.9897 1.08 8.5253
v -13.873 1.08 8.02
v -13.6756 1.08 7.4932
v -13.3949 1.08 6.9541
v -13.0285 1.08 6.4118
v -12.5739 1.08 5.8753
v -12.0286 1.08 5.354
v -11.3902 1.08 4.8569
v -10.6561 1.08 4.3932
v -9.824 1.08 3.972
v -13.7887 0.945 8.5662
v -13.681 0.945 8.0927
v -13.4982 0.945 7.5903
v -13.2377 0.945 7.07
v -12.8967 0.945 6.5424
v -12.4727 0.945 6.0186
v -11.9629 0.945 5.5091
v -11.3646 0.945 5.025
v -10.6752 0.945 4.577
v -9.892 0.945 4.176
v -13.6232 0.72 8.5998
v -13.5229 0.72 8.1525
v -13.3521 0.72 7.6703
v -13.1082 0.72 7.1654
v -12.7882 0.72 6.6501
v -12.3894 0.72 6.1365
v -11.9088 0.72 5.6369
v -11.3436 0.72 5.1635
v -10.6909 0.72 4.7284
v -9.948 0.72 4.344
v -13.5109 0.405 8.6226
v -13.4155 0.405 8.193
v -13.253 0.405 7.7245
v -13.0204 0.405 7.2301
v -12.7146 0.405 6.7231
v -12.3328 0.405 6.2165
v -11.872 0.405 5.7236
v -11.3293 0.405 5.2574
v -10.7016 0.405 4.8312
v -9.986 0.405 4.458
v 8.5 0 7.125
v 8.5 -0.891 7.0095
v 9.6795 0 7.221
v 9.697 -0.8755 7.1161
v 10.556 0 7.488
v 10.5849 -0.8334 7.3956
v 11.1865 0 7.8945
v 11.2223 -0.7714 7.8159
v 11.628 0 8.409
v 11.6676 -0.6962 8.3447
v 11.9375 0 9
v 11.9795 -0.6142 8.9501
v 12.172 0 9.636
v 12.2164 -0.5323 9.5999
v 12.3885 0 10.2855
v 12.4367 -0.4571 10.2619
v 12.644 0 10.917
v 12.6991 -0.3951 10.904
v 12.9955 -1e-06 11.499
v 13.062 -0.353 11.4941
v 13.5 -1e-06 12
v 13.584 -0.337501 12
v 8.5 -1.584 6.696
v 9.7444 -1.5564 6.8314
v 10.6633 -1.4817 7.1448
v 11.3194 -1.3715 7.6024
v 11.7753 -1.2376 8.1703
v 12.0935 -1.092 8.8148
v 12.3367 -0.9464 9.5018
v 12.5676 -0.8125 10.1978
v 12.8487 -0.7023 10.8686
v 13.2426 -0.6276 11.4807
v 13.812 -0.600001 12
v 8.5 -2.079 6.234
v 9.8143 -2.0428 6.4118
v 10.7789 -1.9447 6.7752
v 11.4625 -1.8 7.2878
v 11.9339 -1.6244 7.9133
v 12.2615 -1.4333 8.6152
v 12.5141 -1.2421 9.3574
v 12.7605 -1.0665 10.1033
v 13.0691 -0.9218 10.8166
v 13.5087 -0.8237 11.4609
v 14.148 -0.787501 12
v 8.5 -2.376 5.673
v 9.8991 -2.3347 5.9023
v 10.9193 -2.2225 6.3264
v 11.6364 -2.0572 6.9058
v 12.1264 -1.8564 7.6012
v 12.4655 -1.638 8.373
v 12.7296 -1.4196 9.1819
v 12.9946 -1.2188 9.9885
v 13.3367 -1.0535 10.7533
v 13.8319 -0.9413 11.437
v 14.556 -0.900001 12
v 8.5 -2.475 5.0625
v 9.9915 -2.4319 5.3479
v 11.072 -2.3151 5.838
v 11.8255 -2.1429 6.4901
v 12.336 -1.9338 7.2615
v 12.6875 -1.7062 8.1094
v 12.964 -1.4787 8.991
v 13.2495 -1.2696 9.8636
v 13.628 -1.0974 10.6845
v 14.1835 -0.9805 11.4109
v 15 -0.937501 12
v 8.5 -2.376 4.452
v 10.0839 -2.3347 4.7934
v 11.2247 -2.2225 5.3496
v 12.0146 -2.0572 6.0744
v 12.5456 -1.8564 6.9218
v 12.9095 -1.638 7.8457
v 13.1984 -1.4196 8.8001
v 13.5044 -1.2188 9.7388
v 13.9193 -1.0535 10.6157
v 14.5352 -0.9413 11.3848
v 15.444 -0.900001 12
v 8.5 -2.079 3.891
v 10.1687 -2.0428 4.2839
v 11.3651 -1.9447 4.9008
v 12.1885 -1.8 5.6924
v 12.7381 -1.6244 6.6097
v 13.1135 -1.4332 7.6035
v 13.4139 -1.2421 8.6246
v 13.7385 -1.0665 9.624
v 14.1869 -0.9218 10.5524
v 14.8583 -0.8237 11.3608
v 15.852 -0.787501 12
v 8.5 -1.584 3.429
v 10.2386 -1.5564 3.8644
v 11.4807 -1.4817 4.5312
v 12.3316 -1.3715 5.3779
v 12.8967 -1.2376 6.3527
v 13.2815 -1.092 7.404
v 13.5913 -0.9464 8.4802
v 13.9314 -0.8125 9.5295
v 14.4073 -0.7023 10.5004
v 15.1244 -0.6276 11.3411
v 16.188 -0.600001 12
v 8.5 -0.891 3.1155
v 10.286 -0.8755 3.5796
v 11.5591 -0.8334 4.2804
v 12.4287 -0.7714 5.1644
v 13.0044 -0.6962 6.1783
v 13.3955 -0.6142 7.2686
v 13.7116 -0.5323 8.3821
v 14.0623 -0.4571 9.4654
v 14.5569 -0.3951 10.465
v 15.305 -0.353 11.3277
v 16.416 -0.337501 12
v 8.5 0 3
v 10.3035 0 3.4747
v 11.588 0 4.188
v 12.4645 0 5.0858
v 13.044 0 6.114
v 13.4375 0 7.2188
v 13.756 0 8.346
v 14.1105 0 9.4418
v 14.612 0 10.452
v 15.3715 0 11.3228
v 16.5 -1e-06 12
v 8.5 0.891 3.1155
v 10.286 0.8755 3.5796
v 11.5591 0.8334 4.2804
v 12.4287 0.7714 5.1644
v 13.0044 0.6962 6.1783
v 13.3955 0.6142 7.2686
v 13.7116 0.5323 8.3821
v 14.0623 0.4571 9.4654
v 14.5569 0.3951 10.465
v 15.305 0.352999 11.3277
v 16.416 0.337499 12
v 8.5 1.584 3.429
v 10.2386 1.5564 3.8644
v 11.4807 1.4817 4.5312
v 12.3316 1.3715 5.3779
v 12.8967 1.2376 6.3527
v 13.2815 1.092 7.404
v 13.5913 0.9464 8.4802
v 13.9314 0.8125 9.5295
v 14.4073 0.7023 10.5004
v 15.1244 0.6276 11.3411
v 16.188 0.599999 12
v 8.5 2.079 3.891
v 10.1687 2.0428 4.2839
v 11.3651 1.9447 4.9008
v 12.1885 1.8 5.6924
v 12.7381 1.6244 6.6097
v 13.1135 1.4333 7.6035
v 13.4139 1.2421 8.6246
v 13.7385 1.0665 9.624
v 14.1869 0.9218 10.5524
v 14.8583 0.8237 11.3608
v 15.852 0.787499 12
v 8.5 2.376 4.452
v 10.0839 2.3347 4.7934
v 11.2247 2.2225 5.3496
v 12.0146 2.0572 6.0744
v 12.5456 1.8564 6.9218
v 12.9095 1.638 7.8458
v 13.1984 1.4196 8.8001
v 13.5044 1.2188 9.7388
v 13.9193 1.0535 10.6157
v 14.5352 0.941299 11.3848
v 15.444 0.899999 12
v 8.5 2.475 5.0625
v 9.9915 2.4319 5.3479
v 11.072 2.3151 5.838
v 11.8255 2.1429 6.4901
v 12.336 1.9338 7.2615
v 12.6875 1.7062 8.1094
v 12.964 1.4787 8.991
v 13.2495 1.2696 9.8636
v 13.628 1.0974 10.6845
v 14.1835 0.9805 11.4109
v 15 0.937499 12
v 8.5 2.376 5.673
v 9.8991 2.3347 5.9023
v 10.9193 2.2225 6.3264
v 11.6364 2.0572 6.9058
v 12.1264 1.8564 7.6012
v 12.4655 1.638 8.373
v 12.7296 1.4196 9.1819
v 12.9946 1.2188 9.9885
v 13.3367 1.0535 10.7533
v 13.8319 0.941299 11.437
v 14.556 0.899999 12
v 8.5 2.079 6.234
v 9.8143 2.0428 6.4118
v 10.7789 1.9447 6.7752
v 11.4625 1.8 7.2878
v 11.9339 1.6244 7.9133
v 12.2615 1.4332 8.6152
v 12.5141 1.2421 9.3574
v 12.7605 1.0665 10.1032
v 13.0691 0.9218 10.8166
v 13.5087 0.8237 11.4609
v 14.148 0.787499 12
v 8.5 1.584 6.696
v 9.7444 1.5564 6.8314
v 10.6633 1.4817 7.1448
v 11.3194 1.3715 7.6024
v 11.7753 1.2376 8.1703
v 12.0935 1.092 8.8147
v 12.3367 0.9464 9.5018
v 12.5676 0.8125 10.1978
v 12.8487 0.7023 10.8686
v 13.2426 0.6276 11.4807
v 13.812 0.599999 12
v 8.5 0.891 7.0095
v 9.697 0.8755 7.1161
v 10.5849 0.8334 7.3956
v 11.2223 0.7714 7.8159
v 11.6676 0.6962 8.3447
v 11.9795 0.6142 8.9501
v 12.2164 0.5323 9.5999
v 12.4367 0.4571 10.2619
v 12.6991 0.3951 10.904
v 13.062 0.352999 11.4941
v 13.584 0.337499 12
v 13.649 -1e-06 12.1012
v 13.737 -0.333701 12.102
v 13.792 -1e-06 12.18
v 13.8818 -0.323501 12.1815
v 13.923 -1e-06 12.2363
v 14.0126 -0.308301 12.2384
v 14.036 -1e-06 12.27
v 14.1238 -0.290001 12.2726
v 14.125 -1e-06 12.2813
v 14.2094 -0.270001 12.2842
v 14.184 -1e-06 12.27
v 14.264 -0.250001 12.273
v 14.207 -1e-06 12.2362
v 14.2816 -0.231701 12.2391
v 14.188 -1e-06 12.18
v 14.2567 -0.216501 12.1823
v 14.121 -1e-06 12.1012
v 14.1834 -0.206301 12.1026
v 14 -1e-06 12
v 14.056 -0.202501 12
v 13.976 -0.593301 12.1041
v 14.1256 -0.575001 12.1856
v 14.2559 -0.548201 12.2442
v 14.3619 -0.515501 12.2798
v 14.4386 -0.480001 12.2922
v 14.481 -0.444501 12.2812
v 14.4841 -0.411801 12.2467
v 14.443 -0.385001 12.1884
v 14.3526 -0.366701 12.1063
v 14.208 -0.360001 12
v 14.3281 -0.778701 12.1073
v 14.4849 -0.754701 12.1917
v 14.6145 -0.719501 12.2528
v 14.7129 -0.676601 12.2904
v 14.7764 -0.630001 12.304
v 14.8009 -0.583401 12.2933
v 14.7826 -0.540501 12.2579
v 14.7176 -0.505301 12.1975
v 14.6021 -0.481301 12.1116
v 14.432 -0.472501 12
v 14.7557 -0.889901 12.1111
v 14.9212 -0.862601 12.199
v 15.0499 -0.822201 12.2633
v 15.1392 -0.773301 12.3033
v 15.1865 -0.720001 12.3184
v 15.1893 -0.666701 12.308
v 15.145 -0.617801 12.2716
v 15.0511 -0.577401 12.2085
v 14.9049 -0.550101 12.1182
v 14.704 -0.540001 12
v 15.2211 -0.927001 12.1152
v 15.396 -0.898501 12.207
v 15.5237 -0.856501 12.2746
v 15.603 -0.805501 12.3173
v 15.6328 -0.750001 12.334
v 15.612 -0.694501 12.324
v 15.5394 -0.643501 12.2865
v 15.414 -0.601501 12.2205
v 15.2346 -0.573001 12.1253
v 15 -0.562501 12
v 15.6864 -0.889901 12.1193
v 15.8708 -0.862601 12.215
v 15.9975 -0.822201 12.286
v 16.0668 -0.773301 12.3312
v 16.0791 -0.720001 12.3496
v 16.0347 -0.666701 12.34
v 15.9338 -0.617801 12.3013
v 15.7769 -0.577401 12.2325
v 15.5642 -0.550101 12.1324
v 15.296 -0.540001 12
v 16.114 -0.778701 12.1231
v 16.3071 -0.754701 12.2223
v 16.4329 -0.719501 12.2964
v 16.4931 -0.676601 12.3441
v 16.4893 -0.630001 12.3639
v 16.4231 -0.583401 12.3547
v 16.2963 -0.540501 12.315
v 16.1104 -0.505301 12.2435
v 15.8671 -0.481301 12.139
v 15.568 -0.472501 12
v 16.4661 -0.593301 12.1262
v 16.6664 -0.575001 12.2284
v 16.7914 -0.548201 12.305
v 16.8441 -0.515501 12.3547
v 16.827 -0.480001 12.3757
v 16.743 -0.444501 12.3668
v 16.5947 -0.411801 12.3262
v 16.385 -0.385001 12.2526
v 16.1165 -0.366701 12.1443
v 15.792 -0.360001 12
v 16.7051 -0.333701 12.1283
v 16.9102 -0.323501 12.2325
v 17.0347 -0.308301 12.3109
v 17.0823 -0.290001 12.3619
v 17.0562 -0.270001 12.3838
v 16.96 -0.250001 12.375
v 16.7973 -0.231701 12.3338
v 16.5713 -0.216501 12.2587
v 16.2858 -0.206301 12.148
v 15.944 -0.202501 12
v 16.7931 -1e-06 12.1291
v 17 -1e-06 12.234
v 17.1244 -1e-06 12.313
v 17.17 -1e-06 12.3645
v 17.1406 -1e-06 12.3867
v 17.04 -1e-06 12.378
v 16.8719 -1e-06 12.3367
v 16.64 -1e-06 12.261
v 16.3481 -1e-06 12.1493
v 16 -1e-06 12
v 16.7051 0.333699 12.1283
v 16.9102 0.323499 12.2325
v 17.0347 0.308299 12.3109
v 17.0823 0.289999 12.3619
v 17.0562 0.269999 12.3838
v 16.96 0.249999 12.375
v 16.7973 0.231699 12.3338
v 16.5713 0.216499 12.2587
v 16.2858 0.206299 12.148
v 15.944 0.202499 12
v 16.4661 0.593299 12.1262
v 16.6664 0.574999 12.2284
v 16.7914 0.548199 12.305
v 16.8441 0.515499 12.3547
v 16.827 0.479999 12.3757
v 16.743 0.444499 12.3668
v 16.5947 0.411799 12.3262
v 16.385 0.384999 12.2526
v 16.1165 0.366699 12.1443
v 15.792 0.359999 12
v 16.114 0.778699 12.1231
v 16.3071 0.754699 12.2223
v 16.4329 0.719499 12.2964
v 16.4931 0.676599 12.3441
v 16.4893 0.629999 12.3639
v 16.4231 0.583399 12.3547
v 16.2963 0.540499 12.315
v 16.1104 0.505299 12.2435
v 15.8671 0.481299 12.139
v 15.568 0.472499 12
v 15.6864 0.889899 12.1193
v 15.8708 0.862599 12.215
v 15.9975 0.822199 12.286
v 16.0668 0.773299 12.3312
v 16.0791 0.719999 12.3496
v 16.0347 0.666699 12.34
v 15.9338 0.617799 12.3013
v 15.7769 0.577399 12.2325
v 15.5642 0.550099 12.1324
v 15.296 0.539999 12
v 15.2211 0.926999 12.1152
v 15.396 0.898499 12.207
v 15.5237 0.856499 12.2746
v 15.603 0.805499 12.3173
v 15.6328 0.749999 12.334
v 15.612 0.694499 12.324
v 15.5394 0.643499 12.2865
v 15.414 0.601499 12.2205
v 15.2346 0.572999 12.1253
v 15 0.562499 12
v 14.7557 0.889899 12.111
v 14.9212 0.862599 12.199
v 15.0499 0.822199 12.2633
v 15.1392 0.773299 12.3033
v 15.1865 0.719999 12.3184
v 15.1893 0.666699 12.308
v 15.145 0.617799 12.2716
v 15.0511 0.577399 12.2085
v 14.9049 0.550099 12.1182
v 14.704 0.539999 12
v 14.3281 0.778699 12.1073
v 14.4849 0.754699 12.1917
v 14.6145 0.719499 12.2528
v 14.7129 0.676599 12.2904
v 14.7764 0.629999 12.304
v 14.8009 0.583399 12.2933
v 14.7826 0.540499 12.2579
v 14.7176 0.505299 12.1975
v 14.6021 0.481299 12.1116
v 14.432 0.472499 12
v 13.976 0.593299 12.1041
v 14.1256 0.574999 12.1856
v 14.2559 0.548199 12.2442
v 14.3619 0.515499 12.2798
v 14.4386 0.479999 12.2922
v 14.481 0.444499 12.2812
v 14.4841 0.411799 12.2467
v 14.443 0.384999 12.1884
v 14.3526 0.366699 12.1063
v 14.208 0.359999 12
v 13.737 0.333699 12.102
v 13.8818 0.323499 12.1815
v 14.0126 0.308299 12.2384
v 14.1238 0.289999 12.2726
v 14.2094 0.269999 12.2842
v 14.264 0.249999 12.273
v 14.2816 0.231699 12.2391
v 14.2567 0.216499 12.1823
v 14.1834 0.206299 12.1026
v 14.056 0.202499 12
v 0.9605 -0.160201 15.7073
v 0.973 -1e-06 15.7073
v 0 -1e-06 15.75
v 1.5242 -0.254301 15.588
v 1.544 -1e-06 15.588
v 1.7681 -0.294901 15.4057
v 1.791 -1e-06 15.4057
v 1.792 -1e-06 15.174
v 1.769 -0.295101 15.174
v 1.6042 -0.267501 14.9063
v 1.625 -1e-06 14.9063
v 1.3505 -0.225201 14.616
v 1.368 -1e-06 14.616
v 1.099 -1e-06 14.3167
v 1.0849 -0.180801 14.3167
v 0.896 -1e-06 14.022
v 0.8845 -0.147201 14.022
v 0.837 -1e-06 13.7453
v 0.8262 -0.137401 13.7453
v 1 -1e-06 13.5
v 0.9871 -0.164101 13.5
v 0.9243 -0.311401 15.7073
v 1.4668 -0.494101 15.588
v 1.7014 -0.573101 15.4058
v 1.7024 -0.573401 15.174
v 1.5437 -0.519901 14.9063
v 1.2995 -0.437601 14.616
v 1.044 -0.351401 14.3167
v 0.8511 -0.286201 14.022
v 0.795 -0.267101 13.7453
v 0.9498 -0.319001 13.5
v 0.8663 -0.451501 15.7073
v 1.3746 -0.716501 15.588
v 1.5945 -0.831101 15.4057
v 1.5954 -0.831501 15.174
v 1.4467 -0.754001 14.9063
v 1.2178 -0.634601 14.616
v 0.9783 -0.509601 14.3167
v 0.7975 -0.415201 14.022
v 0.7448 -0.387601 13.7453
v 0.8898 -0.463001 13.5
v 0.7881 -0.578901 15.7073
v 1.2506 -0.918701 15.588
v 1.4507 -1.0656 15.4058
v 1.4515 -1.0662 15.174
v 1.3162 -0.966701 14.9063
v 1.1079 -0.813701 14.616
v 0.8899 -0.653501 14.3168
v 0.7254 -0.532601 14.022
v 0.6774 -0.497201 13.7453
v 0.8093 -0.593901 13.5
v 0.6917 -0.691701 15.7073
v 1.0977 -1.0977 15.588
v 1.2733 -1.2733 15.4057
v 1.2739 -1.2739 15.174
v 1.1552 -1.1552 14.9063
v 0.9724 -0.972401 14.616
v 0.781 -0.781001 14.3167
v 0.6365 -0.636501 14.022
v 0.5944 -0.594401 13.7453
v 0.71 -0.710001 13.5
v 0.5789 -0.788101 15.7073
v 0.9187 -1.2506 15.588
v 1.0656 -1.4507 15.4058
v 1.0662 -1.4515 15.174
v 0.9667 -1.3162 14.9063
v 0.8137 -1.1079 14.616
v 0.6535 -0.889901 14.3167
v 0.5326 -0.725401 14.022
v 0.4972 -0.677401 13.7453
v 0.5939 -0.809301 13.5
v 0.4515 -0.866301 15.7073
v 0.7165 -1.3746 15.588
v 0.8311 -1.5945 15.4057
v 0.8315 -1.5954 15.174
v 0.754 -1.4467 14.9063
v 0.6346 -1.2178 14.616
v 0.5096 -0.978301 14.3167
v 0.4152 -0.797501 14.022
v 0.3876 -0.744801 13.7453
v 0.463 -0.889801 13.5
v 0.3114 -0.924301 15.7073
v 0.4941 -1.4668 15.588
v 0.5731 -1.7014 15.4057
v 0.5734 -1.7024 15.174
v 0.5199 -1.5437 14.9063
v 0.4376 -1.2995 14.616
v 0.3514 -1.044 14.3167
v 0.2862 -0.851101 14.022
v 0.2671 -0.795001 13.7453
v 0.319 -0.949801 13.5
v 0.1602 -0.960501 15.7073
v 0.2543 -1.5242 15.588
v 0.2949 -1.7681 15.4058
v 0.2951 -1.769 15.174
v 0.2675 -1.6042 14.9063
v 0.2252 -1.3505 14.616
v 0.1808 -1.0849 14.3167
v 0.1472 -0.884501 14.022
v 0.1374 -0.826201 13.7453
v 0.1641 -0.987101 13.5
v 0 -0.973001 15.7073
v 0 -1.544 15.588
v 0 -1.791 15.4058
v 0 -1.792 15.174
v 0 -1.625 14.9063
v 0 -1.368 14.616
v 0 -1.099 14.3167
v 0 -0.896001 14.022
v 0 -0.837001 13.7452
v 0 -1 13.5
v -0.1602 -0.960501 15.7073
v -0.2543 -1.5242 15.588
v -0.2949 -1.7681 15.4057
v -0.2951 -1.769 15.174
v -0.2675 -1.6042 14.9063
v -0.2252 -1.3505 14.616
v -0.1808 -1.0849 14.3167
v -0.1472 -0.884501 14.022
v -0.1374 -0.826201 13.7453
v -0.1641 -0.987101 13.5
v -0.3114 -0.924301 15.7073
v -0.4941 -1.4668 15.588
v -0.5731 -1.7014 15.4058
v -0.5734 -1.7024 15.174
v -0.5199 -1.5437 14.9063
v -0.4376 -1.2995 14.616
v -0.3514 -1.044 14.3167
v -0.2862 -0.851101 14.022
v -0.2671 -0.795001 13.7453
v -0.319 -0.949801 13.5
v -0.4515 -0.866301 15.7073
v -0.7165 -1.3746 15.588
v -0.8311 -1.5945 15.4057
v -0.8315 -1.5954 15.174
v -0.754 -1.4467 14.9063
v -0.6346 -1.2178 14.616
v -0.5096 -0.978301 14.3167
v -0.4152 -0.797501 14.022
v -0.3876 -0.744801 13.7453
v -0.463 -0.889801 13.5
v -0.5789 -0.788101 15.7073
v -0.9187 -1.2506 15.588
v -1.0656 -1.4507 15.4058
v -1.0662 -1.4515 15.174
v -0.9667 -1.3162 14.9063
v -0.8137 -1.1079 14.616
v -0.6535 -0.889901 14.3168
v -0.5326 -0.725401 14.022
v -0.4972 -0.677401 13.7453
v -0.5939 -0.809301 13.5
v -0.6917 -0.691701 15.7073
v -1.0977 -1.0977 15.588
v -1.2733 -1.2733 15.4057
v -1.2739 -1.2739 15.174
v -1.1552 -1.1552 14.9063
v -0.9724 -0.972401 14.616
v -0.781 -0.781001 14.3167
v -0.6365 -0.636501 14.022
v -0.5944 -0.594401 13.7453
v -0.71 -0.710001 13.5
v -0.7881 -0.578901 15.7073
v -1.2506 -0.918701 15.588
v -1.4507 -1.0656 15.4058
v -1.4515 -1.0662 15.174
v -1.3162 -0.966701 14.9063
v -1.1079 -0.813701 14.616
v -0.8899 -0.653501 14.3167
v -0.7254 -0.532601 14.022
v -0.6774 -0.497201 13.7453
v -0.8093 -0.593901 13.5
v -0.8663 -0.451501 15.7073
v -1.3746 -0.716501 15.588
v -1.5945 -0.831101 15.4057
v -1.5954 -0.831501 15.174
v -1.4467 -0.754001 14.9063
v -1.2178 -0.634601 14.616
v -0.9783 -0.509601 14.3167
v -0.7975 -0.415201 14.022
v -0.7448 -0.387601 13.7453
v -0.8898 -0.463001 13.5
v -0.9243 -0.311401 15.7073
v -1.4668 -0.494101 15.588
v -1.7014 -0.573101 15.4057
v -1.7024 -0.573401 15.174
v -1.5437 -0.519901 14.9063
v -1.2995 -0.437601 14.616
v -1.044 -0.351401 14.3167
v -0.8511 -0.286201 14.022
v -0.795 -0.267101 13.7453
v -0.9498 -0.319001 13.5
v -0.9605 -0.160201 15.7073
v -1.5242 -0.254301 15.588
v -1.7681 -0.294901 15.4058
v -1.769 -0.295101 15.174
v -1.6042 -0.267501 14.9063
v -1.3505 -0.225201 14.616
v -1.0849 -0.180801 14.3167
v -0.8845 -0.147201 14.022
v -0.8262 -0.137401 13.7453
v -0.9871 -0.164101 13.5
v -0.973 -1e-06 15.7073
v -1.544 -1e-06 15.588
v -1.791 -1e-06 15.4058
v -1.792 -1e-06 15.174
v -1.625 -1e-06 14.9063
v -1.368 -1e-06 14.616
v -1.099 -1e-06 14.3167
v -0.896 -1e-06 14.022
v -0.837 -1e-06 13.7452
v -1 -1e-06 13.5
v -0.9605 0.160199 15.7073
v -1.5242 0.254299 15.588
v -1.7681 0.294899 15.4057
v -1.769 0.295099 15.174
v -1.6042 0.267499 14.9063
v -1.3505 0.225199 14.616
v -1.0849 0.180799 14.3167
v -0.8845 0.147199 14.022
v -0.8262 0.137399 13.7453
v -0.9871 0.164099 13.5
v -0.9243 0.311399 15.7073
v -1.4668 0.494099 15.588
v -1.7014 0.573099 15.4058
v -1.7024 0.573399 15.174
v -1.5437 0.519899 14.9063
v -1.2995 0.437599 14.616
v -1.044 0.351399 14.3167
v -0.8511 0.286199 14.022
v -0.795 0.267099 13.7453
v -0.9498 0.318999 13.5
v -0.8663 0.451499 15.7073
v -1.3746 0.716499 15.588
v -1.5945 0.831099 15.4057
v -1.5954 0.831499 15.174
v -1.4467 0.753999 14.9063
v -1.2178 0.634599 14.616
v -0.9783 0.509599 14.3167
v -0.7975 0.415199 14.022
v -0.7448 0.387599 13.7453
v -0.8898 0.462999 13.5
v -0.7881 0.578899 15.7073
v -1.2506 0.918699 15.588
v -1.4507 1.0656 15.4058
v -1.4515 1.0662 15.174
v -1.3162 0.966699 14.9063
v -1.1079 0.813699 14.616
v -0.8899 0.653499 14.3168
v -0.7254 0.532599 14.022
v -0.6774 0.497199 13.7453
v -0.8093 0.593899 13.5
v -0.6917 0.691699 15.7073
v -1.0977 1.0977 15.588
v -1.2733 1.2733 15.4057
v -1.2739 1.2739 15.174
v -1.1552 1.1552 14.9063
v -0.9724 0.972399 14.616
v -0.781 0.780999 14.3167
v -0.6365 0.636499 14.022
v -0.5944 0.594399 13.7453
v -0.71 0.709999 13.5
v -0.5789 0.788099 15.7073
v -0.9187 1.2506 15.588
v -1.0656 1.4507 15.4058
v -1.0662 1.4515 15.174
v -0.9667 1.3162 14.9063
v -0.8137 1.1079 14.616
v -0.6535 0.889899 14.3167
v -0.5326 0.725399 14.022
v -0.4972 0.677399 13.7453
v -0.5939 0.809299 13.5
v -0.4515 0.866299 15.7073
v -0.7165 1.3746 15.588
v -0.8311 1.5945 15.4057
v -0.8315 1.5954 15.174
v -0.754 1.4467 14.9063
v -0.6346 1.2178 14.616
v -0.5096 0.978299 14.3167
v -0.4152 0.797499 14.022
v -0.3876 0.744799 13.7453
v -0.463 0.889799 13.5
v -0.3114 0.924299 15.7073
v -0.4941 1.4668 15.588
v -0.5731 1.7014 15.4057
v -0.5734 1.7024 15.174
v -0.5199 1.5437 14.9063
v -0.4376 1.2995 14.616
v -0.3514 1.044 14.3167
v -0.2862 0.851099 14.022
v -0.2671 0.794999 13.7453
v -0.319 0.949799 13.5
v -0.1602 0.960499 15.7073
v -0.2543 1.5242 15.588
v -0.2949 1.7681 15.4058
v -0.2951 1.769 15.174
v -0.2675 1.6042 14.9063
v -0.2252 1.3505 14.616
v -0.1808 1.0849 14.3167
v -0.1472 0.884499 14.022
v -0.1374 0.826199 13.7453
v -0.1641 0.987099 13.5
v 0 0.972999 15.7073
v 0 1.544 15.588
v 0 1.791 15.4058
v 0 1.792 15.174
v 0 1.625 14.9063
v 0 1.368 14.616
v 0 1.099 14.3167
v 0 0.895999 14.022
v 0 0.836999 13.7452
v 0 0.999999 13.5
v 0.1602 0.960499 15.7073
v 0.2543 1.5242 15.588
v 0.2949 1.7681 15.4057
v 0.2951 1.769 15.174
v 0.2675 1.6042 14.9063
v 0.2252 1.3505 14.616
v 0.1808 1.0849 14.3167
v 0.1472 0.884499 14.022
v 0.1374 0.826199 13.7453
v 0.1641 0.987099 13.5
v 0.3114 0.924299 15.7073
v 0.4941 1.4668 15.588
v 0.5731 1.7014 15.4058
v 0.5734 1.7024 15.174
v 0.5199 1.5437 14.9063
v 0.4376 1.2995 14.616
v 0.3514 1.044 14.3167
v 0.2862 0.851099 14.022
v 0.2671 0.794999 13.7453
v 0.319 0.949799 13.5
v 0.4515 0.866299 15.7073
v 0.7165 1.3746 15.588
v 0.8311 1.5945 15.4057
v 0.8315 1.5954 15.174
v 0.754 1.4467 14.9063
v 0.6346 1.2178 14.616
v 0.5096 0.978299 14.3167
v 0.4152 0.797499 14.022
v 0.3876 0.744799 13.7453
v 0.463 0.889799 13.5
v 0.5789 0.788099 15.7073
v 0.9187 1.2506 15.588
v 1.0656 1.4507 15.4058
v 1.0662 1.4515 15.174
v 0.9667 1.3162 14.9063
v 0.8137 1.1079 14.616
v 0.6535 0.889899 14.3168
v 0.5326 0.725399 14.022
v 0.4972 0.677399 13.7453
v 0.5939 0.809299 13.5
v 0.6917 0.691699 15.7073
v 1.0977 1.0977 15.588
v 1.2733 1.2733 15.4057
v 1.2739 1.2739 15.174
v 1.1552 1.1552 14.9063
v 0.9724 0.972399 14.616
v 0.781 0.780999 14.3167
v 0.6365 0.636499 14.022
v 0.5944 0.594399 13.7453
v 0.71 0.709999 13.5
v 0.7881 0.578899 15.7073
v 1.2506 0.918699 15.588
v 1.4507 1.0656 15.4058
v 1.4515 1.0662 15.174
v 1.3162 0.966699 14.9063
v 1.1079 0.813699 14.616
v 0.8899 0.653499 14.3167
v 0.7254 0.532599 14.022
v 0.6774 0.497199 13.7453
v 0.8093 0.593899 13.5
v 0.8663 0.451499 15.7073
v 1.3746 0.716499 15.588
v 1.5945 0.831099 15.4057
v 1.5954 0.831499 15.174
v 1.4467 0.753999 14.9063
v 1.2178 0.634599 14.616
v 0.9783 0.509599 14.3167
v 0.7975 0.415199 14.022
v 0.7448 0.387599 13.7453
v 0.8898 0.462999 13.5
v 0.9243 0.311399 15.7073
v 1.4668 0.494099 15.588
v 1.7014 0.573099 15.4057
v 1.7024 0.573399 15.174
v 1.5437 0.519899 14.9063
v 1.2995 0.437599 14.616
v 1.044 0.351399 14.3167
v 0.8511 0.286199 14.022
v 0.795 0.267099 13.7453
v 0.9498 0.318999 13.5
v 0.9605 0.160199 15.7073
v 1.5242 0.254299 15.588
v 1.7681 0.294899 15.4058
v 1.769 0.295099 15.174
v 1.6042 0.267499 14.9063
v 1.3505 0.225199 14.616
v 1.0849 0.180799 14.3167
v 0.8845 0.147199 14.022
v 0.8262 0.137399 13.7453
v 0.9871 0.164099 13.5
v 1.379 -0.229201 13.296
v 1.397 -1e-06 13.296
v 1.9308 -0.320901 13.128
v 1.956 -1e-06 13.128
v 2.629 -1e-06 12.987
v 2.5951 -0.431401 12.987
v 3.3246 -0.552601 12.864
v 3.368 -1e-06 12.864
v 4.0719 -0.676801 12.75
v 4.125 -1e-06 12.75
v 4.852 -1e-06 12.636
v 4.7895 -0.796101 12.636
v 5.501 -1e-06 12.513
v 5.4301 -0.902601 12.513
v 5.9464 -0.988401 12.372
v 6.024 -1e-06 12.372
v 6.373 -1e-06 12.204
v 6.2909 -1.0457 12.204
v 6.4163 -1.0665 12
v 6.5 -1e-06 12
v 1.3268 -0.445701 13.296
v 1.8577 -0.624001 13.128
v 2.4969 -0.838801 12.987
v 3.1988 -1.0745 12.864
v 3.9178 -1.316 12.75
v 4.6082 -1.548 12.636
v 5.2246 -1.755 12.513
v 5.7214 -1.9219 12.372
v 6.0528 -2.0332 12.204
v 6.1734 -2.0738 12
v 1.2431 -0.646801 13.296
v 1.7405 -0.905501 13.128
v 2.3394 -1.2171 12.987
v 2.997 -1.5592 12.864
v 3.6706 -1.9097 12.75
v 4.3175 -2.2463 12.636
v 4.895 -2.5467 12.513
v 5.3604 -2.7889 12.372
v 5.671 -2.9504 12.204
v 5.784 -3.0092 12
v 1.1306 -0.829701 13.296
v 1.583 -1.1617 13.128
v 2.1276 -1.5614 12.987
v 2.7257 -2.0003 12.864
v 3.3383 -2.4499 12.75
v 3.9266 -2.8817 12.636
v 4.4518 -3.2672 12.513
v 4.8751 -3.5778 12.372
v 5.1575 -3.7851 12.204
v 5.2603 -3.8605 12
v 0.9919 -0.991901 13.296
v 1.3888 -1.3888 13.128
v 1.8666 -1.8666 12.987
v 2.3913 -2.3913 12.864
v 2.9288 -2.9288 12.75
v 3.4449 -3.4449 12.636
v 3.9057 -3.9057 12.513
v 4.277 -4.277 12.372
v 4.5248 -4.5248 12.204
v 4.615 -4.615 12
v 0.8297 -1.1306 13.296
v 1.1617 -1.583 13.128
v 1.5614 -2.1276 12.987
v 2.0003 -2.7257 12.864
v 2.4499 -3.3383 12.75
v 2.8817 -3.9266 12.636
v 3.2672 -4.4518 12.513
v 3.5778 -4.8751 12.372
v 3.7851 -5.1575 12.204
v 3.8605 -5.2603 12
v 0.6468 -1.2431 13.296
v 0.9055 -1.7405 13.128
v 1.2171 -2.3394 12.987
v 1.5592 -2.997 12.864
v 1.9097 -3.6706 12.75
v 2.2463 -4.3175 12.636
v 2.5467 -4.895 12.513
v 2.7889 -5.3604 12.372
v 2.9504 -5.671 12.204
v 3.0092 -5.784 12
v 0.4457 -1.3268 13.296
v 0.624 -1.8577 13.128
v 0.8388 -2.4969 12.987
v 1.0745 -3.1988 12.864
v 1.316 -3.9178 12.75
v 1.548 -4.6082 12.636
v 1.755 -5.2246 12.513
v 1.9219 -5.7214 12.372
v 2.0332 -6.0528 12.204
v 2.0738 -6.1734 12
v 0.2292 -1.379 13.296
v 0.3209 -1.9308 13.128
v 0.4314 -2.5951 12.987
v 0.5526 -3.3246 12.864
v 0.6768 -4.0719 12.75
v 0.7961 -4.7895 12.636
v 0.9026 -5.4301 12.513
v 0.9884 -5.9464 12.372
v 1.0457 -6.2909 12.204
v 1.0665 -6.4163 12
v 0 -1.397 13.296
v 0 -1.956 13.128
v 0 -2.629 12.987
v 0 -3.368 12.864
v 0 -4.125 12.75
v 0 -4.852 12.636
v 0 -5.501 12.513
v 0 -6.024 12.372
v 0 -6.373 12.204
v 0 -6.5 12
v -0.2292 -1.379 13.296
v -0.3209 -1.9308 13.128
v -0.4314 -2.5951 12.987
v -0.5526 -3.3246 12.864
v -0.6768 -4.0719 12.75
v -0.7961 -4.7895 12.636
v -0.9026 -5.4301 12.513
v -0.9884 -5.9464 12.372
v -1.0457 -6.2909 12.204
v -1.0665 -6.4163 12
v -0.4457 -1.3268 13.296
v -0.624 -1.8577 13.128
v -0.8388 -2.4969 12.987
v -1.0745 -3.1988 12.864
v -1.316 -3.9178 12.75
v -1.548 -4.6082 12.636
v -1.755 -5.2246 12.513
v -1.9219 -5.7214 12.372
v -2.0332 -6.0528 12.204
v -2.0738 -6.1734 12
v -0.6468 -1.2431 13.296
v -0.9055 -1.7405 13.128
v -1.2171 -2.3394 12.987
v -1.5592 -2.997 12.864
v -1.9097 -3.6706 12.75
v -2.2463 -4.3175 12.636
v -2.5467 -4.895 12.513
v -2.7889 -5.3604 12.372
v -2.9504 -5.671 12.204
v -3.0092 -5.784 12
v -0.8297 -1.1306 13.296
v -1.1617 -1.583 13.128
v -1.5614 -2.1276 12.987
v -2.0003 -2.7257 12.864
v -2.4499 -3.3383 12.75
v -2.8817 -3.9266 12.636
v -3.2672 -4.4518 12.513
v -3.5778 -4.8751 12.372
v -3.7851 -5.1575 12.204
v -3.8605 -5.2603 12
v -0.9919 -0.991901 13.296
v -1.3888 -1.3888 13.128
v -1.8666 -1.8666 12.987
v -2.3913 -2.3913 12.864
v -2.9288 -2.9288 12.75
v -3.4449 -3.4449 12.636
v -3.9057 -3.9057 12.513
v -4.277 -4.277 12.372
v -4.5248 -4.5248 12.204
v -4.615 -4.615 12
v -1.1306 -0.829701 13.296
v -1.583 -1.1617 13.128
v -2.1276 -1.5614 12.987
v -2.7257 -2.0003 12.864
v -3.3383 -2.4499 12.75
v -3.9266 -2.8817 12.636
v -4.4518 -3.2672 12.513
v -4.8751 -3.5778 12.372
v -5.1575 -3.7851 12.204
v -5.2603 -3.8605 12
v -1.2431 -0.646801 13.296
v -1.7405 -0.905501 13.128
v -2.3394 -1.2171 12.987
v -2.997 -1.5592 12.864
v -3.6706 -1.9097 12.75
v -4.3175 -2.2463 12.636
v -4.895 -2.5467 12.513
v -5.3604 -2.7889 12.372
v -5.671 -2.9504 12.204
v -5.784 -3.0092 12
v -1.3268 -0.445701 13.296
v -1.8577 -0.624001 13.128
v -2.4969 -0.838801 12.987
v -3.1988 -1.0745 12.864
v -3.9178 -1.316 12.75
v -4.6082 -1.548 12.636
v -5.2246 -1.755 12.513
v -5.7214 -1.9219 12.372
v -6.0528 -2.0332 12.204
v -6.1734 -2.0738 12
v -1.379 -0.229201 13.296
v -1.9308 -0.320901 13.128
v -2.5951 -0.431401 12.987
v -3.3246 -0.552601 12.864
v -4.0719 -0.676801 12.75
v -4.7895 -0.796101 12.636
v -5.4301 -0.902601 12.513
v -5.9464 -0.988401 12.372
v -6.2909 -1.0457 12.204
v -6.4163 -1.0665 12
v -1.397 -1e-06 13.296
v -1.956 -1e-06 13.128
v -2.629 -1e-06 12.987
v -3.368 -1e-06 12.864
v -4.125 -1e-06 12.75
v -4.852 -1e-06 12.636
v -5.501 -1e-06 12.513
v -6.024 -1e-06 12.372
v -6.373 -1e-06 12.204
v -6.5 -1e-06 12
v -1.379 0.229199 13.296
v -1.9308 0.320899 13.128
v -2.5951 0.431399 12.987
v -3.3246 0.552599 12.864
v -4.0719 0.676799 12.75
v -4.7895 0.796099 12.636
v -5.4301 0.902599 12.513
v -5.9464 0.988399 12.372
v -6.2909 1.0457 12.204
v -6.4163 1.0665 12
v -1.3268 0.445699 13.296
v -1.8577 0.623999 13.128
v -2.4969 0.838799 12.987
v -3.1988 1.0745 12.864
v -3.9178 1.316 12.75
v -4.6082 1.548 12.636
v -5.2246 1.755 12.513
v -5.7214 1.9219 12.372
v -6.0528 2.0332 12.204
v -6.1734 2.0738 12
v -1.2431 0.646799 13.296
v -1.7405 0.905499 13.128
v -2.3394 1.2171 12.987
v -2.997 1.5592 12.864
v -3.6706 1.9097 12.75
v -4.3175 2.2463 12.636
v -4.895 2.5467 12.513
v -5.3604 2.7889 12.372
v -5.671 2.9504 12.204
v -5.784 3.0092 12
v -1.1306 0.829699 13.296
v -1.583 1.1617 13.128
v -2.1276 1.5614 12.987
v -2.7257 2.0003 12.864
v -3.3383 2.4499 12.75
v -3.9266 2.8817 12.636
v -4.4518 3.2672 12.513
v -4.8751 3.5778 12.372
v -5.1575 3.7851 12.204
v -5.2603 3.8605 12
v -0.9919 0.991899 13.296
v -1.3888 1.3888 13.128
v -1.8666 1.8666 12.987
v -2.3913 2.3913 12.864
v -2.9288 2.9288 12.75
v -3.4449 3.4449 12.636
v -3.9057 3.9057 12.513
v -4.277 4.277 12.372
v -4.5248 4.5248 12.204
v -4.615 4.615 12
v -0.8297 1.1306 13.296
v -1.1617 1.583 13.128
v -1.5614 2.1276 12.987
v -2.0003 2.7257 12.864
v -2.4499 3.3383 12.75
v -2.8817 3.9266 12.636
v -3.2672 4.4518 12.513
v -3.5778 4.8751 12.372
v -3.7851 5.1575 12.204
v -3.8605 5.2603 12
v -0.6468 1.2431 13.296
v -0.9055 1.7405 13.128
v -1.2171 2.3394 12.987
v -1.5592 2.997 12.864
v -1.9097 3.6706 12.75
v -2.2463 4.3175 12.636
v -2.5467 4.895 12.513
v -2.7889 5.3604 12.372
v -2.9504 5.671 12.204
v -3.0092 5.784 12
v -0.4457 1.3268 13.296
v -0.624 1.8577 13.128
v -0.8388 2.4969 12.987
v -1.0745 3.1988 12.864
v -1.316 3.9178 12.75
v -1.548 4.6082 12.636
v -1.755 5.2246 12.513
v -1.9219 5.7214 12.372
v -2.0332 6.0528 12.204
v -2.0738 6.1734 12
v -0.2292 1.379 13.296
v -0.3209 1.9308 13.128
v -0.4314 2.5951 12.987
v -0.5526 3.3246 12.864
v -0.6768 4.0719 12.75
v -0.7961 4.7895 12.636
v -0.9026 5.4301 12.513
v -0.9884 5.9464 12.372
v -1.0457 6.2909 12.204
v -1.0665 6.4163 12
v 0 1.397 13.296
v 0 1.956 13.128
v 0 2.629 12.987
v 0 3.368 12.864
v 0 4.125 12.75
v 0 4.852 12.636
v 0 5.501 12.513
v 0 6.024 12.372
v 0 6.373 12.204
v 0 6.5 12
v 0.2292 1.379 13.296
v 0.3209 1.9308 13.128
v 0.4314 2.5951 12.987
v 0.5526 3.3246 12.864
v 0.6768 4.0719 12.75
v 0.7961 4.7895 12.636
v 0.9026 5.4301 12.513
v 0.9884 5.9464 12.372
v 1.0457 6.2909 12.204
v 1.0665 6.4163 12
v 0.4457 1.3268 13.296
v 0.624 1.8577 13.128
v 0.8388 2.4969 12.987
v 1.0745 3.1988 12.864
v 1.316 3.9178 12.75
v 1.548 4.6082 12.636
v 1.755 5.2246 12.513
v 1.9219 5.7214 12.372
v 2.0332 6.0528 12.204
v 2.0738 6.1734 12
v 0.6468 1.2431 13.296
v 0.9055 1.7405 13.128
v 1.2171 2.3394 12.987
v 1.5592 2.997 12.864
v 1.9097 3.6706 12.75
v 2.2463 4.3175 12.636
v 2.5467 4.895 12.513
v 2.7889 5.3604 12.372
v 2.9504 5.671 12.204
v 3.0092 5.784 12
v 0.8297 1.1306 13.296
v 1.1617 1.583 13.128
v 1.5614 2.1276 12.987
v 2.0003 2.7257 12.864
v 2.4499 3.3383 12.75
v 2.8817 3.9266 12.636
v 3.2672 4.4518 12.513
v 3.5778 4.8751 12.372
v 3.7851 5.1575 12.204
v 3.8605 5.2603 12
v 0.9919 0.991899 13.296
v 1.3888 1.3888 13.128
v 1.8666 1.8666 12.987
v 2.3913 2.3913 12.864
v 2.9288 2.9288 12.75
v 3.4449 3.4449 12.636
v 3.9057 3.9057 12.513
v 4.277 4.277 12.372
v 4.5248 4.5248 12.204
v 4.615 4.615 12
v 1.1306 0.829699 13.296
v 1.583 1.1617 13.128
v 2.1276 1.5614 12.987
v 2.7257 2.0003 12.864
v 3.3383 2.4499 12.75
v 3.9266 2.8817 12.636
v 4.4518 3.2672 12.513
v 4.8751 3.5778 12.372
v 5.1575 3.7851 12.204
v 5.2603 3.8605 12
v 1.2431 0.646799 13.296
v 1.7405 0.905499 13.128
v 2.3394 1.2171 12.987
v 2.997 1.5592 12.864
v 3.6706 1.9097 12.75
v 4.3175 2.2463 12.636
v 4.895 2.5467 12.513
v 5.3604 2.7889 12.372
v 5.671 2.9504 12.204
v 5.784 3.0092 12
v 1.3268 0.445699 13.296
v 1.8577 0.623999 13.128
v 2.4969 0.838799 12.987
v 3.1988 1.0745 12.864
v 3.9178 1.316 12.75
v 4.6082 1.548 12.636
v 5.2246 1.755 12.513
v 5.7214 1.9219 12.372
v 6.0528 2.0332 12.204
v 6.1734 2.0738 12
v 1.379 0.229199 13.296
v 1.9308 0.320899 13.128
v 2.5951 0.431399 12.987
v 3.3246 0.552599 12.864
v 4.0719 0.676799 12.75
v 4.7895 0.796099 12.636
v 5.4301 0.902599 12.513
v 5.9464 0.988399 12.372
v 6.2909 1.0457 12.204
v 6.4163 1.0665 12
vn -0.9294 0 -0.369
vn -0.9178 0.1459 -0.3692
vn -0.9466 0.1502 -0.2854
vn -0.9585 0 -0.2852
vn -0.9986 0 -0.0531
vn -0.9862 0.1565 -0.0532
vn -0.9286 0.1474 0.3407
vn -0.9403 0 0.3404
vn -0.5758 0.0914 0.8125
vn -0.5833 -0 0.8122
vn -0.0185 0.003 0.9998
vn -0.019 -0 0.9998
vn 0.3884 -0 0.9215
vn 0.3835 -0.0608 0.9215
vn 0.6064 -0.0963 0.7893
vn 0.6142 -0 0.7891
vn 0.7495 -0 0.662
vn 0.74 -0.1175 0.6622
vn 0.8292 -0.1317 0.5432
vn 0.8398 -0 0.5429
vn 0.8896 0 0.4567
vn 0.8785 -0.1395 0.4569
vn -0.8833 0.2885 -0.3696
vn -0.911 0.2973 -0.2857
vn -0.9493 0.3098 -0.0532
vn -0.8937 0.2917 0.3409
vn -0.5535 0.1807 0.813
vn -0.0177 0.0059 0.9998
vn 0.3684 -0.1202 0.9219
vn 0.5832 -0.1904 0.7897
vn 0.7119 -0.2324 0.6628
vn 0.7979 -0.2605 0.5436
vn 0.8454 -0.276 0.4574
vn -0.8269 0.4233 -0.3701
vn -0.8531 0.4365 -0.286
vn -0.889 0.4549 -0.0532
vn -0.8369 0.4282 0.341
vn -0.5185 0.2654 0.8128
vn -0.0167 0.0086 0.9998
vn 0.3447 -0.1764 0.922
vn 0.5458 -0.2793 0.79
vn 0.6663 -0.3409 0.6632
vn 0.7469 -0.3822 0.5441
vn 0.7912 -0.4049 0.4582
vn -0.7508 0.5469 -0.3705
vn -0.7745 0.5641 -0.2861
vn -0.8072 0.5879 -0.0532
vn -0.7598 0.5533 0.3414
vn -0.4708 0.3429 0.8129
vn -0.0152 0.0112 0.9998
vn 0.3128 -0.2277 0.9221
vn 0.4953 -0.3608 0.7903
vn 0.6047 -0.4405 0.6635
vn 0.678 -0.4939 0.5444
vn 0.7185 -0.5233 0.4581
vn -0.6568 0.6568 -0.3706
vn -0.6775 0.6775 -0.2863
vn -0.7061 0.7061 -0.0536
vn -0.6647 0.6647 0.3413
vn -0.4115 0.4115 0.8132
vn -0.0134 0.0134 0.9998
vn 0.2735 -0.2735 0.9221
vn 0.4332 -0.4332 0.7903
vn 0.5292 -0.5292 0.6633
vn 0.5931 -0.5931 0.5445
vn 0.6285 -0.6285 0.4582
vn -0.5469 0.7508 -0.3705
vn -0.5641 0.7745 -0.2862
vn -0.5879 0.8072 -0.0531
vn -0.5532 0.7598 0.3415
vn -0.3429 0.4708 0.8129
vn -0.0112 0.0152 0.9998
vn 0.2278 -0.3128 0.9221
vn 0.3608 -0.4953 0.7903
vn 0.4406 -0.6049 0.6633
vn 0.4939 -0.678 0.5444
vn 0.5233 -0.7185 0.4581
vn -0.4233 0.8269 -0.3701
vn -0.4365 0.853 -0.286
vn -0.4548 0.889 -0.0532
vn -0.4282 0.8368 0.3411
vn -0.2654 0.5185 0.8128
vn -0.0086 0.0167 0.9998
vn 0.1765 -0.345 0.9218
vn 0.2793 -0.5458 0.79
vn 0.3409 -0.6663 0.6632
vn 0.3822 -0.7469 0.5441
vn 0.405 -0.7915 0.4578
vn -0.2885 0.8833 -0.3696
vn -0.2973 0.911 -0.2858
vn -0.3098 0.9493 -0.0532
vn -0.2917 0.8937 0.341
vn -0.1807 0.5535 0.813
vn -0.0059 0.0177 0.9998
vn 0.1204 -0.3688 0.9217
vn 0.1904 -0.5832 0.7897
vn 0.2324 -0.7119 0.6628
vn 0.2605 -0.7979 0.5436
vn 0.276 -0.8454 0.4574
vn -0.1459 0.9178 -0.3692
vn -0.1502 0.9466 -0.2854
vn -0.1565 0.9862 -0.0532
vn -0.1474 0.9286 0.3407
vn -0.0914 0.5758 0.8125
vn -0.003 0.0185 0.9998
vn 0.0608 -0.3835 0.9215
vn 0.0963 -0.6064 0.7893
vn 0.1175 -0.74 0.6622
vn 0.1317 -0.8292 0.5432
vn 0.1395 -0.8785 0.4569
vn -0.0024 0.9292 -0.3696
vn -0.0021 0.9584 -0.2854
vn -0.0016 0.9986 -0.0532
vn -0.001 0.9403 0.3402
vn -0.0004 0.5834 0.8122
vn -0 0.0193 0.9998
vn 0.0001 -0.3881 0.9216
vn -0 -0.6141 0.7893
vn 0 -0.7496 0.6619
vn 0 -0.8398 0.5429
vn 0 -0.8896 0.4567
vn 0.1437 0.9092 -0.3909
vn 0.1428 0.9407 -0.3077
vn 0.1518 0.9852 -0.0801
vn 0.1453 0.9379 0.3149
vn 0.0893 0.5887 0.8034
vn 0.0017 0.0204 0.9998
vn -0.0611 -0.3859 0.9205
vn -0.0963 -0.6084 0.7878
vn -0.1174 -0.7408 0.6614
vn -0.1316 -0.8294 0.5429
vn -0.1395 -0.8785 0.4569
vn 0.2812 0.8561 -0.4337
vn 0.283 0.8912 -0.3545
vn 0.3024 0.9432 -0.1377
vn 0.296 0.9198 0.2576
vn 0.1874 0.5937 0.7825
vn 0.005 0.0233 0.9997
vn -0.1229 -0.3766 0.9182
vn -0.1917 -0.5885 0.7855
vn -0.2328 -0.7139 0.6604
vn -0.2605 -0.7984 0.5429
vn -0.276 -0.8454 0.4573
vn 0.4077 0.7802 -0.4743
vn 0.415 0.8168 -0.4008
vn 0.4454 0.8736 -0.1961
vn 0.4456 0.8736 0.1955
vn 0.2921 0.5835 0.7578
vn 0.0105 0.0269 0.9996
vn -0.1829 -0.3574 0.9159
vn -0.2831 -0.554 0.7829
vn -0.3424 -0.6698 0.6588
vn -0.3825 -0.7477 0.5427
vn -0.405 -0.7915 0.4576
vn 0.5222 0.6914 -0.4993
vn 0.5358 0.7262 -0.4307
vn 0.5762 0.783 -0.2341
vn 0.5845 0.7969 0.1526
vn 0.3938 0.5464 0.7391
vn 0.0171 0.0279 0.9995
vn -0.2389 -0.3276 0.9141
vn -0.3675 -0.5047 0.7812
vn -0.4432 -0.6087 0.6581
vn -0.4944 -0.679 0.5427
vn -0.5234 -0.7186 0.4579
vn 0.6266 0.5947 -0.5036
vn 0.646 0.6256 -0.4374
vn 0.6941 0.6779 -0.2424
vn 0.7054 0.6942 0.1433
vn 0.4798 0.4799 0.7345
vn 0.0223 0.0251 0.9994
vn -0.2874 -0.2867 0.9139
vn -0.4421 -0.4419 0.7806
vn -0.5326 -0.5326 0.6578
vn -0.5939 -0.5939 0.5427
vn -0.6286 -0.6286 0.458
vn 0.7218 0.491 -0.4878
vn 0.7458 0.5165 -0.4206
vn 0.7981 0.5607 -0.2204
vn 0.8034 0.571 0.1688
vn 0.5405 0.3902 0.7454
vn 0.025 0.0196 0.9995
vn -0.3267 -0.2372 0.9149
vn -0.5044 -0.3668 0.7817
vn -0.6082 -0.4429 0.6587
vn -0.6788 -0.4945 0.5428
vn -0.7186 -0.5234 0.458
vn 0.8053 0.3788 -0.456
vn 0.8326 0.3981 -0.3852
vn 0.8849 0.4316 -0.1751
vn 0.8743 0.4333 0.2189
vn 0.5742 0.2887 0.7661
vn 0.0245 0.0131 0.9996
vn -0.3559 -0.1811 0.9168
vn -0.5529 -0.2825 0.7839
vn -0.6692 -0.3423 0.6596
vn -0.7476 -0.3825 0.5429
vn -0.7915 -0.405 0.4577
vn 0.8718 0.2573 -0.4168
vn 0.9005 0.2701 -0.3408
vn 0.9489 0.2918 -0.1199
vn 0.9172 0.2874 0.276
vn 0.586 0.1865 0.7886
vn 0.0224 0.0071 0.9997
vn -0.3749 -0.1215 0.9191
vn -0.5873 -0.1911 0.7865
vn -0.7136 -0.2328 0.6607
vn -0.7983 -0.2606 0.543
vn -0.8454 -0.276 0.4574
vn 0.9146 0.129 -0.3831
vn 0.9436 0.1353 -0.3022
vn 0.9866 0.1457 -0.0731
vn 0.9363 0.1414 0.3216
vn 0.5858 0.09 0.8055
vn 0.0204 0.0032 0.9998
vn -0.3852 -0.0606 0.9208
vn -0.6078 -0.0962 0.7882
vn -0.7407 -0.1175 0.6615
vn -0.8294 -0.1317 0.5429
vn -0.8785 -0.1395 0.4569
vn 0.9294 -0.0048 -0.3691
vn 0.9584 -0.0043 -0.2855
vn 0.9986 -0.0033 -0.0534
vn 0.9404 -0.0022 0.3401
vn 0.5836 -0.0009 0.8121
vn 0.0194 -0 0.9998
vn -0.3882 0.0002 0.9216
vn -0.6141 0.0001 0.7892
vn -0.7496 0 0.6619
vn -0.8398 0 0.5429
vn -0.8896 -0 0.4567
vn 0.9178 -0.1459 -0.3692
vn 0.9466 -0.1502 -0.2854
vn 0.9862 -0.1565 -0.0532
vn 0.9286 -0.1474 0.3407
vn 0.5758 -0.0914 0.8125
vn 0.0185 -0.003 0.9998
vn -0.3835 0.0608 0.9215
vn -0.6064 0.0963 0.7893
vn -0.74 0.1175 0.6622
vn -0.8292 0.1317 0.5432
vn -0.8785 0.1395 0.4569
vn 0.8833 -0.2885 -0.3696
vn 0.911 -0.2973 -0.2857
vn 0.9493 -0.3098 -0.0532
vn 0.8937 -0.2917 0.3409
vn 0.5535 -0.1807 0.813
vn 0.0177 -0.0059 0.9998
vn -0.3684 0.1202 0.9219
vn -0.5832 0.1904 0.7897
vn -0.7119 0.2324 0.6628
vn -0.7979 0.2605 0.5436
vn -0.8454 0.276 0.4574
vn 0.8269 -0.4233 -0.3701
vn 0.8531 -0.4365 -0.286
vn 0.889 -0.4549 -0.0532
vn 0.8369 -0.4282 0.341
vn 0.5185 -0.2654 0.8128
vn 0.0167 -0.0086 0.9998
vn -0.3447 0.1764 0.922
vn -0.5458 0.2793 0.79
vn -0.6663 0.3409 0.6632
vn -0.7469 0.3822 0.5441
vn -0.7912 0.4049 0.4582
vn 0.7508 -0.5469 -0.3705
vn 0.7745 -0.5641 -0.2861
vn 0.8072 -0.5879 -0.0532
vn 0.7598 -0.5533 0.3414
vn 0.4708 -0.3429 0.8129
vn 0.0152 -0.0112 0.9998
vn -0.3128 0.2277 0.9221
vn -0.4953 0.3608 0.7903
vn -0.6047 0.4405 0.6635
vn -0.678 0.4939 0.5444
vn -0.7185 0.5233 0.4581
vn 0.6568 -0.6568 -0.3706
vn 0.6775 -0.6775 -0.2863
vn 0.7061 -0.7061 -0.0536
vn 0.6647 -0.6647 0.3413
vn 0.4115 -0.4115 0.8132
vn 0.0134 -0.0134 0.9998
vn -0.2735 0.2735 0.9221
vn -0.4332 0.4332 0.7903
vn -0.5292 0.5292 0.6633
vn -0.5931 0.5931 0.5445
vn -0.6285 0.6285 0.4582
vn 0.5469 -0.7508 -0.3705
vn 0.5641 -0.7745 -0.2862
vn 0.5879 -0.8072 -0.0531
vn 0.5532 -0.7598 0.3415
vn 0.3429 -0.4708 0.8129
vn 0.0112 -0.0152 0.9998
vn -0.2278 0.3128 0.9221
vn -0.3608 0.4953 0.7903
vn -0.4406 0.6049 0.6633
vn -0.4939 0.678 0.5444
vn -0.5233 0.7185 0.4581
vn 0.4233 -0.8269 -0.3701
vn 0.4365 -0.853 -0.286
vn 0.4548 -0.889 -0.0532
vn 0.4282 -0.8368 0.3411
vn 0.2654 -0.5185 0.8128
vn 0.0086 -0.0167 0.9998
vn -0.1765 0.345 0.9218
vn -0.2793 0.5458 0.79
vn -0.3409 0.6663 0.6632
vn -0.3822 0.7469 0.5441
vn -0.405 0.7915 0.4578
vn 0.2885 -0.8833 -0.3696
vn 0.2973 -0.911 -0.2858
vn 0.3098 -0.9493 -0.0532
vn 0.2917 -0.8937 0.341
vn 0.1807 -0.5535 0.813
vn 0.0059 -0.0177 0.9998
vn -0.1204 0.3688 0.9217
vn -0.1904 0.5832 0.7897
vn -0.2324 0.7119 0.6628
vn -0.2605 0.7979 0.5436
vn -0.276 0.8454 0.4574
vn 0.1459 -0.9178 -0.3692
vn 0.1502 -0.9466 -0.2854
vn 0.1565 -0.9862 -0.0532
vn 0.1474 -0.9286 0.3407
vn 0.0914 -0.5758 0.8125
vn 0.003 -0.0185 0.9998
vn -0.0608 0.3835 0.9215
vn -0.0963 0.6064 0.7893
vn -0.1175 0.74 0.6622
vn -0.1317 0.8292 0.5432
vn -0.1395 0.8785 0.4569
vn 0 -0.9294 -0.369
vn 0 -0.9585 -0.2852
vn 0 -0.9986 -0.0531
vn 0 -0.9403 0.3404
vn 0 -0.5833 0.8122
vn 0 -0.019 0.9998
vn -0 0.388 0.9217
vn 0 0.6142 0.7891
vn 0 0.7495 0.662
vn -0 0.8398 0.5429
vn 0 0.8896 0.4567
vn -0.1459 -0.9178 -0.3692
vn -0.1502 -0.9466 -0.2854
vn -0.1565 -0.9862 -0.0532
vn -0.1474 -0.9286 0.3407
vn -0.0914 -0.5758 0.8125
vn -0.003 -0.0185 0.9998
vn 0.0608 0.3835 0.9215
vn 0.0963 0.6064 0.7893
vn 0.1175 0.74 0.6622
vn 0.1317 0.8292 0.5432
vn 0.1395 0.8785 0.4569
vn -0.2885 -0.8833 -0.3696
vn -0.2973 -0.911 -0.2857
vn -0.3098 -0.9493 -0.0532
vn -0.2917 -0.8937 0.3409
vn -0.1808 -0.5539 0.8127
vn -0.0059 -0.0177 0.9998
vn 0.1202 0.3684 0.9219
vn 0.1904 0.5832 0.7897
vn 0.2324 0.7118 0.6628
vn 0.2605 0.7979 0.5436
vn 0.276 0.8454 0.4574
vn -0.4233 -0.8269 -0.3701
vn -0.4365 -0.8531 -0.286
vn -0.4549 -0.889 -0.0532
vn -0.4282 -0.8367 0.3413
vn -0.2654 -0.5185 0.8128
vn -0.0086 -0.0167 0.9998
vn 0.1765 0.345 0.9218
vn 0.2793 0.5458 0.79
vn 0.3409 0.6663 0.6632
vn 0.3822 0.7469 0.5441
vn 0.405 0.7913 0.4581
vn -0.5469 -0.7508 -0.3705
vn -0.5641 -0.7745 -0.2861
vn -0.5879 -0.8072 -0.0532
vn -0.5533 -0.7598 0.3414
vn -0.3427 -0.4704 0.8132
vn -0.0112 -0.0152 0.9998
vn 0.228 0.313 0.922
vn 0.3608 0.4953 0.7903
vn 0.4405 0.6047 0.6635
vn 0.4939 0.678 0.5444
vn 0.5233 0.7185 0.4581
vn -0.6568 -0.6568 -0.3706
vn -0.6775 -0.6775 -0.2863
vn -0.7061 -0.7061 -0.0531
vn -0.6647 -0.6647 0.3413
vn -0.4116 -0.4116 0.8131
vn -0.0134 -0.0134 0.9998
vn 0.2735 0.2735 0.9221
vn 0.4332 0.4332 0.7903
vn 0.5292 0.5292 0.6633
vn 0.5931 0.5931 0.5445
vn 0.6285 0.6285 0.4582
vn -0.7508 -0.5469 -0.3705
vn -0.7745 -0.5641 -0.2862
vn -0.8072 -0.5879 -0.0531
vn -0.7598 -0.5534 0.3412
vn -0.4708 -0.3429 0.8129
vn -0.0152 -0.0112 0.9998
vn 0.313 0.228 0.922
vn 0.4953 0.3608 0.7903
vn 0.6047 0.4405 0.6635
vn 0.678 0.4939 0.5444
vn 0.7185 0.5233 0.4581
vn -0.8269 -0.4233 -0.3701
vn -0.853 -0.4365 -0.286
vn -0.889 -0.4548 -0.0532
vn -0.8368 -0.4282 0.3411
vn -0.5185 -0.2654 0.8128
vn -0.0167 -0.0086 0.9998
vn 0.345 0.1765 0.9218
vn 0.5458 0.2793 0.79
vn 0.6663 0.3409 0.6632
vn 0.7469 0.3822 0.5441
vn 0.7913 0.405 0.4581
vn -0.8833 -0.2885 -0.3696
vn -0.911 -0.2973 -0.2858
vn -0.9493 -0.3098 -0.0532
vn -0.8937 -0.2917 0.341
vn -0.5535 -0.1807 0.813
vn -0.0177 -0.0059 0.9998
vn 0.3684 0.1202 0.9219
vn 0.5832 0.1904 0.7897
vn 0.7119 0.2324 0.6628
vn 0.7979 0.2605 0.5436
vn 0.8454 0.276 0.4574
vn -0.9178 -0.1459 -0.3692
vn -0.9466 -0.1502 -0.2854
vn -0.9862 -0.1565 -0.0532
vn -0.9286 -0.1474 0.3407
vn -0.5758 -0.0914 0.8125
vn -0.0185 -0.003 0.9998
vn 0.3835 0.0608 0.9215
vn 0.6064 0.0963 0.7893
vn 0.74 0.1175 0.6622
vn 0.8292 0.1317 0.5432
vn 0.8785 0.1395 0.4569
vn 0.8935 -0.1418 0.4261
vn 0.9048 -0 0.4258
vn 0.8978 -0.1425 0.4168
vn 0.9091 0 0.4166
vn 0.9163 -0 0.4006
vn 0.9048 -0.1437 0.4008
vn 0.9146 -0.1452 0.3775
vn 0.9261 -0 0.3773
vn 0.9384 0 0.3455
vn 0.9267 -0.1471 0.3457
vn 0.9409 -0.1494 0.304
vn 0.9527 -0 0.3038
vn 0.9562 -0.1518 0.2504
vn 0.9682 -0 0.2503
vn 0.9832 -0 0.1827
vn 0.971 -0.1542 0.1829
vn 0.9828 -0.1561 0.099
vn 0.9951 0 0.099
vn 0.9996 -0 -0.0278
vn 0.9872 -0.1568 -0.0278
vn 0.8598 -0.2807 0.4265
vn 0.864 -0.282 0.4172
vn 0.8707 -0.2843 0.4012
vn 0.8801 -0.2873 0.3779
vn 0.8919 -0.2912 0.3461
vn 0.9055 -0.2956 0.3043
vn 0.9203 -0.3004 0.2507
vn 0.9346 -0.3051 0.1831
vn 0.9459 -0.3088 0.0992
vn 0.9502 -0.3103 -0.0279
vn 0.805 -0.4119 0.4269
vn 0.8089 -0.4139 0.4175
vn 0.8153 -0.4172 0.4016
vn 0.824 -0.4217 0.3783
vn 0.8351 -0.4273 0.3465
vn 0.8479 -0.4339 0.3046
vn 0.8617 -0.441 0.251
vn 0.8751 -0.4478 0.1833
vn 0.8858 -0.4533 0.0993
vn 0.8898 -0.4554 -0.0279
vn 0.7309 -0.5323 0.4272
vn 0.7344 -0.5349 0.4178
vn 0.7402 -0.5391 0.4019
vn 0.7482 -0.5449 0.3786
vn 0.7582 -0.5522 0.3467
vn 0.7698 -0.5607 0.3049
vn 0.7824 -0.5699 0.2512
vn 0.7946 -0.5788 0.1835
vn 0.8043 -0.5858 0.0993
vn 0.808 -0.5885 -0.0279
vn 0.6393 -0.6393 0.4273
vn 0.6424 -0.6424 0.4179
vn 0.6475 -0.6475 0.402
vn 0.6545 -0.6545 0.3786
vn 0.6632 -0.6632 0.3468
vn 0.6734 -0.6734 0.3049
vn 0.6844 -0.6844 0.2513
vn 0.6951 -0.6951 0.1835
vn 0.7036 -0.7036 0.0993
vn 0.7068 -0.7068 -0.028
vn 0.5323 -0.7309 0.4272
vn 0.5349 -0.7344 0.4178
vn 0.5391 -0.7402 0.4019
vn 0.5449 -0.7482 0.3786
vn 0.5522 -0.7582 0.3467
vn 0.5607 -0.7698 0.3049
vn 0.5699 -0.7824 0.2512
vn 0.5788 -0.7946 0.1835
vn 0.5858 -0.8043 0.0993
vn 0.5885 -0.808 -0.028
vn 0.4119 -0.805 0.4269
vn 0.4139 -0.8089 0.4175
vn 0.4172 -0.8153 0.4016
vn 0.4217 -0.8241 0.3783
vn 0.4273 -0.8351 0.3465
vn 0.4339 -0.8479 0.3047
vn 0.441 -0.8617 0.251
vn 0.4478 -0.8751 0.1833
vn 0.4533 -0.8858 0.0993
vn 0.4554 -0.8898 -0.0279
vn 0.2807 -0.8598 0.4265
vn 0.282 -0.864 0.4172
vn 0.2843 -0.8707 0.4012
vn 0.2873 -0.8801 0.3779
vn 0.2912 -0.8919 0.3461
vn 0.2956 -0.9055 0.3043
vn 0.3004 -0.9203 0.2507
vn 0.3051 -0.9346 0.1831
vn 0.3088 -0.9459 0.0992
vn 0.3103 -0.9502 -0.0279
vn 0.1418 -0.8935 0.4261
vn 0.1425 -0.8978 0.4168
vn 0.1437 -0.9048 0.4008
vn 0.1452 -0.9146 0.3775
vn 0.1471 -0.9267 0.3457
vn 0.1494 -0.9409 0.304
vn 0.1518 -0.9562 0.2504
vn 0.1542 -0.971 0.1829
vn 0.1561 -0.9828 0.099
vn 0.1568 -0.9872 -0.0278
vn 0 -0.9048 0.4258
vn 0 -0.9091 0.4166
vn 0 -0.9163 0.4006
vn 0 -0.9261 0.3773
vn 0 -0.9384 0.3455
vn 0 -0.9527 0.3038
vn 0 -0.9682 0.2503
vn 0 -0.9832 0.1827
vn 0 -0.9951 0.099
vn 0 -0.9996 -0.0278
vn -0.1418 -0.8935 0.4261
vn -0.1425 -0.8978 0.4168
vn -0.1437 -0.9048 0.4008
vn -0.1452 -0.9146 0.3775
vn -0.1471 -0.9267 0.3457
vn -0.1494 -0.9409 0.304
vn -0.1518 -0.9562 0.2504
vn -0.1542 -0.971 0.1829
vn -0.1561 -0.9828 0.099
vn -0.1568 -0.9872 -0.0278
vn -0.2807 -0.8598 0.4265
vn -0.282 -0.864 0.4172
vn -0.2843 -0.8707 0.4012
vn -0.2873 -0.8801 0.3779
vn -0.2912 -0.8919 0.3461
vn -0.2956 -0.9055 0.3043
vn -0.3004 -0.9203 0.2507
vn -0.3051 -0.9346 0.1831
vn -0.3088 -0.9459 0.0992
vn -0.3103 -0.9502 -0.0279
vn -0.4119 -0.805 0.4269
vn -0.4139 -0.8089 0.4175
vn -0.4172 -0.8153 0.4016
vn -0.4217 -0.824 0.3783
vn -0.4273 -0.8351 0.3465
vn -0.4339 -0.8479 0.3046
vn -0.441 -0.8617 0.251
vn -0.4478 -0.8751 0.1833
vn -0.4533 -0.8858 0.0993
vn -0.4554 -0.8898 -0.0279
vn -0.5323 -0.7309 0.4272
vn -0.5349 -0.7344 0.4178
vn -0.5391 -0.7402 0.4019
vn -0.5449 -0.7482 0.3786
vn -0.5522 -0.7582 0.3467
vn -0.5607 -0.7698 0.3049
vn -0.5699 -0.7824 0.2512
vn -0.5788 -0.7946 0.1835
vn -0.5858 -0.8043 0.0993
vn -0.5885 -0.808 -0.0279
vn -0.6393 -0.6393 0.4273
vn -0.6424 -0.6424 0.4179
vn -0.6475 -0.6475 0.402
vn -0.6545 -0.6545 0.3786
vn -0.6632 -0.6632 0.3468
vn -0.6734 -0.6734 0.3049
vn -0.6844 -0.6844 0.2513
vn -0.6951 -0.6951 0.1835
vn -0.7036 -0.7036 0.0993
vn -0.7068 -0.7068 -0.028
vn -0.7309 -0.5323 0.4272
vn -0.7344 -0.5349 0.4178
vn -0.7402 -0.5391 0.4019
vn -0.7482 -0.5449 0.3786
vn -0.7582 -0.5522 0.3467
vn -0.7698 -0.5607 0.3049
vn -0.7824 -0.5699 0.2512
vn -0.7946 -0.5788 0.1835
vn -0.8043 -0.5858 0.0993
vn -0.808 -0.5885 -0.028
vn -0.805 -0.4119 0.4269
vn -0.8089 -0.4139 0.4175
vn -0.8153 -0.4172 0.4016
vn -0.8241 -0.4217 0.3783
vn -0.8351 -0.4273 0.3465
vn -0.8479 -0.4339 0.3047
vn -0.8617 -0.441 0.251
vn -0.8751 -0.4478 0.1833
vn -0.8858 -0.4533 0.0993
vn -0.8898 -0.4554 -0.0279
vn -0.8598 -0.2807 0.4265
vn -0.864 -0.282 0.4172
vn -0.8707 -0.2843 0.4012
vn -0.8801 -0.2873 0.3779
vn -0.8919 -0.2912 0.3461
vn -0.9055 -0.2956 0.3043
vn -0.9203 -0.3004 0.2507
vn -0.9346 -0.3051 0.1831
vn -0.9459 -0.3088 0.0992
vn -0.9502 -0.3103 -0.0279
vn -0.8935 -0.1418 0.4261
vn -0.8978 -0.1425 0.4168
vn -0.9048 -0.1437 0.4008
vn -0.9146 -0.1452 0.3775
vn -0.9267 -0.1471 0.3457
vn -0.9409 -0.1494 0.304
vn -0.9562 -0.1518 0.2504
vn -0.971 -0.1542 0.1829
vn -0.9828 -0.1561 0.099
vn -0.9872 -0.1568 -0.0278
vn -0.9048 -0 0.4258
vn -0.9091 0 0.4166
vn -0.9163 -0 0.4006
vn -0.9261 -0 0.3773
vn -0.9384 -0 0.3455
vn -0.9527 -0 0.3038
vn -0.9682 -0 0.2503
vn -0.9832 -0 0.1827
vn -0.9951 0 0.099
vn -0.9996 -0 -0.0278
vn -0.8935 0.1418 0.4261
vn -0.8978 0.1425 0.4168
vn -0.9048 0.1437 0.4008
vn -0.9146 0.1452 0.3775
vn -0.9267 0.1471 0.3457
vn -0.9409 0.1494 0.304
vn -0.9562 0.1518 0.2504
vn -0.971 0.1542 0.1829
vn -0.9828 0.1561 0.099
vn -0.9872 0.1568 -0.0278
vn -0.8598 0.2807 0.4265
vn -0.864 0.282 0.4172
vn -0.8707 0.2843 0.4012
vn -0.8801 0.2873 0.3779
vn -0.8919 0.2912 0.3461
vn -0.9055 0.2956 0.3043
vn -0.9203 0.3004 0.2507
vn -0.9346 0.3051 0.1831
vn -0.9459 0.3088 0.0992
vn -0.9502 0.3103 -0.0279
vn -0.805 0.4119 0.4269
vn -0.8089 0.4139 0.4175
vn -0.8153 0.4172 0.4016
vn -0.824 0.4217 0.3783
vn -0.8351 0.4273 0.3465
vn -0.8479 0.4339 0.3046
vn -0.8617 0.441 0.251
vn -0.8751 0.4478 0.1833
vn -0.8858 0.4533 0.0993
vn -0.8898 0.4554 -0.0279
vn -0.7309 0.5323 0.4272
vn -0.7344 0.5349 0.4178
vn -0.7402 0.5391 0.4019
vn -0.7482 0.5449 0.3786
vn -0.7582 0.5522 0.3467
vn -0.7698 0.5607 0.3049
vn -0.7824 0.5699 0.2512
vn -0.7946 0.5788 0.1835
vn -0.8043 0.5858 0.0993
vn -0.808 0.5885 -0.0279
vn -0.6393 0.6393 0.4273
vn -0.6424 0.6424 0.4179
vn -0.6475 0.6475 0.402
vn -0.6545 0.6545 0.3786
vn -0.6632 0.6632 0.3468
vn -0.6734 0.6734 0.3049
vn -0.6844 0.6844 0.2513
vn -0.6951 0.6951 0.1835
vn -0.7036 0.7036 0.0993
vn -0.7068 0.7068 -0.028
vn -0.5323 0.7309 0.4272
vn -0.5349 0.7344 0.4178
vn -0.5391 0.7402 0.4019
vn -0.5449 0.7482 0.3786
vn -0.5522 0.7582 0.3467
vn -0.5607 0.7698 0.3049
vn -0.5699 0.7824 0.2512
vn -0.5788 0.7946 0.1835
vn -0.5858 0.8043 0.0993
vn -0.5885 0.808 -0.028
vn -0.4119 0.805 0.4269
vn -0.4139 0.8089 0.4175
vn -0.4172 0.8153 0.4016
vn -0.4217 0.8241 0.3783
vn -0.4273 0.8351 0.3465
vn -0.4339 0.8479 0.3047
vn -0.441 0.8617 0.251
vn -0.4478 0.8751 0.1833
vn -0.4533 0.8858 0.0993
vn -0.4554 0.8898 -0.0279
vn -0.2807 0.8598 0.4265
vn -0.282 0.864 0.4172
vn -0.2843 0.8707 0.4012
vn -0.2873 0.8801 0.3779
vn -0.2912 0.8919 0.3461
vn -0.2956 0.9055 0.3043
vn -0.3004 0.9203 0.2507
vn -0.3051 0.9346 0.1831
vn -0.3088 0.9459 0.0992
vn -0.3103 0.9502 -0.0279
vn -0.1418 0.8935 0.4261
vn -0.1425 0.8978 0.4168
vn -0.1437 0.9048 0.4008
vn -0.1452 0.9146 0.3775
vn -0.1471 0.9267 0.3457
vn -0.1494 0.9409 0.304
vn -0.1518 0.9562 0.2504
vn -0.1542 0.971 0.1829
vn -0.1561 0.9828 0.099
vn -0.1568 0.9872 -0.0278
vn 0 0.9048 0.4258
vn 0 0.9091 0.4166
vn 0 0.9163 0.4006
vn -0 0.9261 0.3773
vn -0 0.9384 0.3455
vn 0 0.9527 0.3038
vn 0 0.9682 0.2503
vn 0 0.9832 0.1827
vn 0 0.9951 0.099
vn 0 0.9996 -0.0278
vn 0.1418 0.8935 0.4261
vn 0.1425 0.8978 0.4168
vn 0.1437 0.9048 0.4008
vn 0.1452 0.9146 0.3775
vn 0.1471 0.9267 0.3457
vn 0.1494 0.9409 0.304
vn 0.1518 0.9562 0.2504
vn 0.1542 0.971 0.1829
vn 0.1561 0.9828 0.099
vn 0.1568 0.9872 -0.0278
vn 0.2807 0.8598 0.4265
vn 0.282 0.864 0.4172
vn 0.2843 0.8707 0.4012
vn 0.2873 0.8801 0.3779
vn 0.2912 0.8919 0.3461
vn 0.2956 0.9055 0.3043
vn 0.3004 0.9203 0.2507
vn 0.3051 0.9346 0.1831
vn 0.3088 0.9459 0.0992
vn 0.3103 0.9502 -0.0279
vn 0.4119 0.805 0.4269
vn 0.4139 0.8089 0.4175
vn 0.4172 0.8153 0.4016
vn 0.4217 0.824 0.3783
vn 0.4273 0.8351 0.3465
vn 0.4339 0.8479 0.3046
vn 0.441 0.8617 0.251
vn 0.4478 0.8751 0.1833
vn 0.4533 0.8858 0.0993
vn 0.4554 0.8898 -0.0279
vn 0.5323 0.7309 0.4272
vn 0.5349 0.7344 0.4178
vn 0.5391 0.7402 0.4019
vn 0.5449 0.7482 0.3786
vn 0.5522 0.7582 0.3467
vn 0.5607 0.7698 0.3049
vn 0.5699 0.7824 0.2512
vn 0.5788 0.7946 0.1835
vn 0.5858 0.8043 0.0993
vn 0.5885 0.808 -0.0279
vn 0.6393 0.6393 0.4273
vn 0.6424 0.6424 0.4179
vn 0.6475 0.6475 0.402
vn 0.6545 0.6545 0.3786
vn 0.6632 0.6632 0.3468
vn 0.6734 0.6734 0.3049
vn 0.6844 0.6844 0.2513
vn 0.6951 0.6951 0.1835
vn 0.7036 0.7036 0.0993
vn 0.7068 0.7068 -0.028
vn 0.7309 0.5323 0.4272
vn 0.7344 0.5349 0.4178
vn 0.7402 0.5391 0.4019
vn 0.7482 0.5449 0.3786
vn 0.7582 0.5522 0.3467
vn 0.7698 0.5607 0.3049
vn 0.7824 0.5699 0.2512
vn 0.7946 0.5788 0.1835
vn 0.8043 0.5858 0.0993
vn 0.808 0.5885 -0.028
vn 0.805 0.4119 0.4269
vn 0.8089 0.4139 0.4175
vn 0.8153 0.4172 0.4016
vn 0.8241 0.4217 0.3783
vn 0.8351 0.4273 0.3465
vn 0.8479 0.4339 0.3047
vn 0.8617 0.441 0.251
vn 0.8751 0.4478 0.1833
vn 0.8858 0.4533 0.0993
vn 0.8898 0.4554 -0.0279
vn 0.8598 0.2807 0.4265
vn 0.864 0.282 0.4172
vn 0.8707 0.2843 0.4012
vn 0.8801 0.2873 0.3779
vn 0.8919 0.2912 0.3461
vn 0.9055 0.2956 0.3043
vn 0.9203 0.3004 0.2507
vn 0.9346 0.3051 0.1831
vn 0.9459 0.3088 0.0992
vn 0.9502 0.3103 -0.0279
vn 0.8935 0.1418 0.4261
vn 0.8978 0.1425 0.4168
vn 0.9048 0.1437 0.4008
vn 0.9146 0.1452 0.3775
vn 0.9267 0.1471 0.3457
vn 0.9409 0.1494 0.304
vn 0.9562 0.1518 0.2504
vn 0.971 0.1542 0.1829
vn 0.9828 0.1561 0.099
vn 0.9872 0.1568 -0.0278
vn 0.9775 -0 -0.2109
vn 0.9654 -0.1533 -0.211
vn 0.9183 0 -0.3959
vn 0.9068 -0.144 -0.3961
vn 0.8314 -0.132 -0.5397
vn 0.842 -0 -0.5395
vn 0.7666 0 -0.6422
vn 0.7569 -0.1202 -0.6424
vn 0.6943 -0.1102 -0.7112
vn 0.7032 0 -0.711
vn 0.6501 -0.1032 -0.7528
vn 0.6584 -0 -0.7526
vn 0.6396 -0 -0.7687
vn 0.6315 -0.1002 -0.7689
vn 0.6565 -0.1042 -0.7471
vn 0.665 0 -0.7468
vn 0.7984 0 -0.6021
vn 0.7883 -0.1251 -0.6024
vn 0.9495 -0 -0.3136
vn 0.9377 -0.1488 -0.3138
vn 0.9292 -0.3034 -0.2112
vn 0.8727 -0.2849 -0.3965
vn 0.8 -0.2612 -0.5402
vn 0.7282 -0.2377 -0.6429
vn 0.6679 -0.218 -0.7116
vn 0.6253 -0.2041 -0.7532
vn 0.6074 -0.1982 -0.7693
vn 0.6315 -0.2061 -0.7475
vn 0.7585 -0.2476 -0.6028
vn 0.9025 -0.2946 -0.3142
vn 0.8701 -0.4453 -0.2115
vn 0.8171 -0.4181 -0.3969
vn 0.7489 -0.3832 -0.5406
vn 0.6816 -0.3488 -0.6433
vn 0.6251 -0.3198 -0.712
vn 0.5851 -0.2994 -0.7536
vn 0.5684 -0.2908 -0.7697
vn 0.591 -0.3024 -0.7479
vn 0.71 -0.3633 -0.6032
vn 0.845 -0.4324 -0.3146
vn 0.79 -0.5754 -0.2116
vn 0.7418 -0.5403 -0.3972
vn 0.6798 -0.4952 -0.5409
vn 0.6186 -0.4506 -0.6436
vn 0.5673 -0.4132 -0.7123
vn 0.5311 -0.3868 -0.7539
vn 0.5158 -0.3757 -0.7699
vn 0.5364 -0.3907 -0.7481
vn 0.6445 -0.4694 -0.6035
vn 0.7672 -0.5588 -0.3149
vn 0.6911 -0.6911 -0.2117
vn 0.6489 -0.6489 -0.3973
vn 0.5947 -0.5947 -0.5411
vn 0.5411 -0.5411 -0.6437
vn 0.4962 -0.4962 -0.7124
vn 0.4645 -0.4645 -0.754
vn 0.4512 -0.4512 -0.77
vn 0.4692 -0.4692 -0.7482
vn 0.5638 -0.5638 -0.6036
vn 0.6711 -0.6712 -0.3148
vn 0.5754 -0.79 -0.2116
vn 0.5403 -0.7418 -0.3972
vn 0.4952 -0.6798 -0.5409
vn 0.4506 -0.6186 -0.6436
vn 0.4132 -0.5673 -0.7123
vn 0.3868 -0.5311 -0.7539
vn 0.3757 -0.5158 -0.7699
vn 0.3907 -0.5364 -0.7481
vn 0.4695 -0.6445 -0.6035
vn 0.5588 -0.7672 -0.3148
vn 0.4453 -0.8701 -0.2115
vn 0.4182 -0.8171 -0.3969
vn 0.3832 -0.7489 -0.5406
vn 0.3488 -0.6816 -0.6433
vn 0.3198 -0.625 -0.712
vn 0.2994 -0.5851 -0.7536
vn 0.2908 -0.5684 -0.7697
vn 0.3024 -0.591 -0.7479
vn 0.3633 -0.71 -0.6032
vn 0.4324 -0.845 -0.3146
vn 0.3034 -0.9292 -0.2112
vn 0.2849 -0.8727 -0.3965
vn 0.2612 -0.8 -0.5402
vn 0.2377 -0.7282 -0.6429
vn 0.218 -0.6679 -0.7116
vn 0.2041 -0.6253 -0.7532
vn 0.1982 -0.6074 -0.7693
vn 0.2061 -0.6315 -0.7475
vn 0.2476 -0.7585 -0.6028
vn 0.2946 -0.9025 -0.3142
vn 0.1533 -0.9654 -0.211
vn 0.144 -0.9068 -0.3961
vn 0.132 -0.8314 -0.5397
vn 0.1202 -0.7569 -0.6424
vn 0.1102 -0.6943 -0.7112
vn 0.1032 -0.6501 -0.7528
vn 0.1002 -0.6315 -0.7689
vn 0.1042 -0.6565 -0.7471
vn 0.1251 -0.7883 -0.6024
vn 0.1488 -0.9377 -0.3138
vn 0 -0.9775 -0.2109
vn 0 -0.9183 -0.3959
vn 0 -0.842 -0.5395
vn 0 -0.7666 -0.6422
vn 0 -0.7032 -0.711
vn -0 -0.6584 -0.7526
vn -0 -0.6396 -0.7687
vn -0 -0.665 -0.7469
vn 0 -0.7984 -0.6021
vn 0 -0.9495 -0.3136
vn -0.1533 -0.9654 -0.211
vn -0.144 -0.9068 -0.3961
vn -0.132 -0.8314 -0.5397
vn -0.1202 -0.7569 -0.6424
vn -0.1102 -0.6943 -0.7112
vn -0.1032 -0.6501 -0.7528
vn -0.1002 -0.6315 -0.7689
vn -0.1042 -0.6565 -0.7471
vn -0.1251 -0.7883 -0.6024
vn -0.1488 -0.9377 -0.3138
vn -0.3034 -0.9292 -0.2112
vn -0.2849 -0.8727 -0.3965
vn -0.2612 -0.8 -0.5402
vn -0.2377 -0.7282 -0.6429
vn -0.218 -0.6679 -0.7116
vn -0.2041 -0.6253 -0.7532
vn -0.1982 -0.6074 -0.7693
vn -0.2061 -0.6315 -0.7475
vn -0.2476 -0.7585 -0.6028
vn -0.2946 -0.9025 -0.3142
vn -0.4453 -0.8701 -0.2115
vn -0.4181 -0.8171 -0.3969
vn -0.3832 -0.7489 -0.5406
vn -0.3488 -0.6816 -0.6433
vn -0.3198 -0.6251 -0.712
vn -0.2994 -0.5851 -0.7536
vn -0.2908 -0.5684 -0.7697
vn -0.3024 -0.591 -0.7479
vn -0.3633 -0.71 -0.6032
vn -0.4324 -0.845 -0.3146
vn -0.5754 -0.79 -0.2116
vn -0.5403 -0.7418 -0.3972
vn -0.4952 -0.6798 -0.5409
vn -0.4506 -0.6186 -0.6436
vn -0.4132 -0.5673 -0.7123
vn -0.3868 -0.5311 -0.7539
vn -0.3757 -0.5158 -0.7699
vn -0.3907 -0.5364 -0.7481
vn -0.4694 -0.6445 -0.6035
vn -0.5588 -0.7672 -0.3149
vn -0.6911 -0.6911 -0.2117
vn -0.6489 -0.6489 -0.3973
vn -0.5947 -0.5947 -0.5411
vn -0.5411 -0.5411 -0.6437
vn -0.4962 -0.4962 -0.7124
vn -0.4645 -0.4645 -0.754
vn -0.4512 -0.4512 -0.77
vn -0.4692 -0.4692 -0.7482
vn -0.5638 -0.5638 -0.6036
vn -0.6712 -0.6711 -0.3148
vn -0.79 -0.5754 -0.2116
vn -0.7418 -0.5403 -0.3972
vn -0.6798 -0.4952 -0.5409
vn -0.6186 -0.4506 -0.6436
vn -0.5673 -0.4132 -0.7123
vn -0.5311 -0.3868 -0.7539
vn -0.5158 -0.3757 -0.7699
vn -0.5364 -0.3907 -0.7481
vn -0.6445 -0.4695 -0.6035
vn -0.7672 -0.5588 -0.3148
vn -0.8701 -0.4453 -0.2115
vn -0.8171 -0.4182 -0.3969
vn -0.7489 -0.3832 -0.5406
vn -0.6816 -0.3488 -0.6433
vn -0.625 -0.3198 -0.712
vn -0.5851 -0.2994 -0.7536
vn -0.5684 -0.2908 -0.7697
vn -0.591 -0.3024 -0.7479
vn -0.71 -0.3633 -0.6032
vn -0.845 -0.4324 -0.3146
vn -0.9292 -0.3034 -0.2112
vn -0.8727 -0.2849 -0.3965
vn -0.8 -0.2612 -0.5402
vn -0.7282 -0.2377 -0.6429
vn -0.6679 -0.218 -0.7116
vn -0.6253 -0.2041 -0.7532
vn -0.6074 -0.1982 -0.7693
vn -0.6315 -0.2061 -0.7475
vn -0.7585 -0.2476 -0.6028
vn -0.9025 -0.2946 -0.3142
vn -0.9654 -0.1533 -0.211
vn -0.9068 -0.144 -0.3961
vn -0.8314 -0.132 -0.5397
vn -0.7569 -0.1202 -0.6424
vn -0.6943 -0.1102 -0.7112
vn -0.6501 -0.1032 -0.7528
vn -0.6315 -0.1002 -0.7689
vn -0.6565 -0.1042 -0.7471
vn -0.7883 -0.1251 -0.6024
vn -0.9377 -0.1488 -0.3138
vn -0.9775 -0 -0.2109
vn -0.9183 0 -0.3959
vn -0.842 -0 -0.5395
vn -0.7666 0 -0.6422
vn -0.7032 0 -0.711
vn -0.6584 -0 -0.7526
vn -0.6396 -0 -0.7687
vn -0.665 0 -0.7468
vn -0.7984 0 -0.6021
vn -0.9495 -0 -0.3136
vn -0.9654 0.1533 -0.211
vn -0.9068 0.144 -0.3961
vn -0.8314 0.132 -0.5397
vn -0.7569 0.1202 -0.6424
vn -0.6943 0.1102 -0.7112
vn -0.6501 0.1032 -0.7528
vn -0.6315 0.1002 -0.7689
vn -0.6565 0.1042 -0.7471
vn -0.7883 0.1251 -0.6024
vn -0.9377 0.1488 -0.3138
vn -0.9292 0.3034 -0.2112
vn -0.8727 0.2849 -0.3965
vn -0.8 0.2612 -0.5402
vn -0.7282 0.2377 -0.6429
vn -0.6679 0.218 -0.7116
vn -0.6253 0.2041 -0.7532
vn -0.6074 0.1982 -0.7693
vn -0.6315 0.2061 -0.7475
vn -0.7585 0.2476 -0.6028
vn -0.9025 0.2946 -0.3142
vn -0.8701 0.4453 -0.2115
vn -0.8171 0.4181 -0.3969
vn -0.7489 0.3832 -0.5406
vn -0.6816 0.3488 -0.6433
vn -0.6251 0.3198 -0.712
vn -0.5851 0.2994 -0.7536
vn -0.5684 0.2908 -0.7697
vn -0.591 0.3024 -0.7479
vn -0.71 0.3633 -0.6032
vn -0.845 0.4324 -0.3146
vn -0.79 0.5754 -0.2116
vn -0.7418 0.5403 -0.3972
vn -0.6798 0.4952 -0.5409
vn -0.6186 0.4506 -0.6436
vn -0.5673 0.4132 -0.7123
vn -0.5311 0.3868 -0.7539
vn -0.5158 0.3757 -0.7699
vn -0.5364 0.3907 -0.7481
vn -0.6445 0.4694 -0.6035
vn -0.7672 0.5588 -0.3149
vn -0.6911 0.6911 -0.2117
vn -0.6489 0.6489 -0.3973
vn -0.5947 0.5947 -0.5411
vn -0.5411 0.5411 -0.6437
vn -0.4962 0.4962 -0.7124
vn -0.4645 0.4645 -0.754
vn -0.4512 0.4512 -0.77
vn -0.4692 0.4692 -0.7482
vn -0.5638 0.5638 -0.6036
vn -0.6711 0.6712 -0.3148
vn -0.5754 0.79 -0.2116
vn -0.5403 0.7418 -0.3972
vn -0.4952 0.6798 -0.5409
vn -0.4506 0.6186 -0.6436
vn -0.4132 0.5673 -0.7123
vn -0.3868 0.5311 -0.7539
vn -0.3757 0.5158 -0.7699
vn -0.3907 0.5364 -0.7481
vn -0.4695 0.6445 -0.6035
vn -0.5588 0.7672 -0.3148
vn -0.4453 0.8701 -0.2115
vn -0.4182 0.8171 -0.3969
vn -0.3832 0.7489 -0.5406
vn -0.3488 0.6816 -0.6433
vn -0.3198 0.625 -0.712
vn -0.2994 0.5851 -0.7536
vn -0.2908 0.5684 -0.7697
vn -0.3024 0.591 -0.7479
vn -0.3633 0.71 -0.6032
vn -0.4324 0.845 -0.3146
vn -0.3034 0.9292 -0.2112
vn -0.2849 0.8727 -0.3965
vn -0.2612 0.8 -0.5402
vn -0.2377 0.7282 -0.6429
vn -0.218 0.6679 -0.7116
vn -0.2041 0.6253 -0.7532
vn -0.1982 0.6074 -0.7693
vn -0.2061 0.6315 -0.7475
vn -0.2476 0.7585 -0.6028
vn -0.2946 0.9025 -0.3142
vn -0.1533 0.9654 -0.211
vn -0.144 0.9068 -0.3961
vn -0.132 0.8314 -0.5397
vn -0.1202 0.7569 -0.6424
vn -0.1102 0.6943 -0.7112
vn -0.1032 0.6501 -0.7528
vn -0.1002 0.6315 -0.7689
vn -0.1042 0.6565 -0.7471
vn -0.1251 0.7883 -0.6024
vn -0.1488 0.9377 -0.3138
vn -0 0.9775 -0.2109
vn 0 0.9183 -0.3959
vn 0 0.842 -0.5395
vn 0 0.7666 -0.6422
vn 0 0.7032 -0.711
vn 0 0.6584 -0.7526
vn 0 0.6396 -0.7687
vn 0 0.665 -0.7469
vn 0 0.7984 -0.6021
vn 0 0.9495 -0.3136
vn 0.1533 0.9654 -0.211
vn 0.144 0.9068 -0.3961
vn 0.132 0.8314 -0.5397
vn 0.1202 0.7569 -0.6424
vn 0.1102 0.6943 -0.7112
vn 0.1032 0.6501 -0.7528
vn 0.1002 0.6315 -0.7689
vn 0.1042 0.6565 -0.7471
vn 0.1251 0.7883 -0.6024
vn 0.1488 0.9377 -0.3138
vn 0.3034 0.9292 -0.2112
vn 0.2849 0.8727 -0.3965
vn 0.2612 0.8 -0.5402
vn 0.2377 0.7282 -0.6429
vn 0.218 0.6679 -0.7116
vn 0.2041 0.6253 -0.7532
vn 0.1982 0.6074 -0.7693
vn 0.2061 0.6315 -0.7475
vn 0.2476 0.7585 -0.6028
vn 0.2946 0.9025 -0.3142
vn 0.4453 0.8701 -0.2115
vn 0.4181 0.8171 -0.3969
vn 0.3832 0.7489 -0.5406
vn 0.3488 0.6816 -0.6433
vn 0.3198 0.6251 -0.712
vn 0.2994 0.5851 -0.7536
vn 0.2908 0.5684 -0.7697
vn 0.3024 0.591 -0.7479
vn 0.3633 0.71 -0.6032
vn 0.4324 0.845 -0.3146
vn 0.5754 0.79 -0.2116
vn 0.5403 0.7418 -0.3972
vn 0.4952 0.6798 -0.5409
vn 0.4506 0.6186 -0.6436
vn 0.4132 0.5673 -0.7123
vn 0.3868 0.5311 -0.7539
vn 0.3757 0.5158 -0.7699
vn 0.3907 0.5364 -0.7481
vn 0.4694 0.6445 -0.6035
vn 0.5588 0.7672 -0.3149
vn 0.6911 0.6911 -0.2117
vn 0.6489 0.6489 -0.3973
vn 0.5947 0.5947 -0.5411
vn 0.5411 0.5411 -0.6437
vn 0.4962 0.4962 -0.7124
vn 0.4645 0.4645 -0.754
vn 0.4512 0.4512 -0.77
vn 0.4692 0.4692 -0.7482
vn 0.5638 0.5638 -0.6036
vn 0.6712 0.6711 -0.3148
vn 0.79 0.5754 -0.2116
vn 0.7418 0.5403 -0.3972
vn 0.6798 0.4952 -0.5409
vn 0.6186 0.4506 -0.6436
vn 0.5673 0.4132 -0.7123
vn 0.5311 0.3868 -0.7539
vn 0.5158 0.3757 -0.7699
vn 0.5364 0.3907 -0.7481
vn 0.6445 0.4695 -0.6035
vn 0.7672 0.5588 -0.3148
vn 0.8701 0.4453 -0.2115
vn 0.8171 0.4182 -0.3969
vn 0.7489 0.3832 -0.5406
vn 0.6816 0.3488 -0.6433
vn 0.625 0.3198 -0.712
vn 0.5851 0.2994 -0.7536
vn 0.5684 0.2908 -0.7697
vn 0.591 0.3024 -0.7479
vn 0.71 0.3633 -0.6032
vn 0.845 0.4324 -0.3146
vn 0.9292 0.3034 -0.2112
vn 0.8727 0.2849 -0.3965
vn 0.8 0.2612 -0.5402
vn 0.7282 0.2377 -0.6429
vn 0.6679 0.218 -0.7116
vn 0.6253 0.2041 -0.7532
vn 0.6074 0.1982 -0.7693
vn 0.6315 0.2061 -0.7475
vn 0.7585 0.2476 -0.6028
vn 0.9025 0.2946 -0.3142
vn 0.9654 0.1533 -0.211
vn 0.9068 0.144 -0.3961
vn 0.8314 0.132 -0.5397
vn 0.7569 0.1202 -0.6424
vn 0.6943 0.1102 -0.7112
vn 0.6501 0.1032 -0.7528
vn 0.6315 0.1002 -0.7689
vn 0.6565 0.1042 -0.7471
vn 0.7883 0.1251 -0.6024
vn 0.9377 0.1488 -0.3138
vn 0.9274 -0 -0.3742
vn 0.9158 -0.1455 -0.3743
vn 0.6824 -0 -0.7309
vn 0.6738 -0.107 -0.7311
vn 0.4072 -0.0646 -0.911
vn 0.4125 -0 -0.911
vn 0.2397 -0.038 -0.9701
vn 0.2428 0 -0.9701
vn 0.1471 0 -0.9891
vn 0.1452 -0.023 -0.9891
vn 0.0891 -0.0141 -0.9959
vn 0.0903 0 -0.9959
vn 0.0543 0 -0.9985
vn 0.0536 -0.0085 -0.9985
vn 0.0301 0 -0.9995
vn 0.0297 -0.0047 -0.9995
vn 0.0129 -0.002 -0.9999
vn 0.013 0 -0.9999
vn 0 0 -1
vn 0.8814 -0.2878 -0.3746
vn 0.6482 -0.2116 -0.7314
vn 0.3916 -0.1278 -0.9112
vn 0.2304 -0.0752 -0.9702
vn 0.1396 -0.0455 -0.9892
vn 0.0857 -0.028 -0.9959
vn 0.0515 -0.0168 -0.9985
vn 0.0285 -0.0093 -0.9995
vn 0.0124 -0.004 -0.9999
vn 0.8252 -0.4224 -0.375
vn 0.6065 -0.3104 -0.732
vn 0.3663 -0.1874 -0.9114
vn 0.2155 -0.1103 -0.9703
vn 0.1305 -0.0668 -0.9892
vn 0.0802 -0.041 -0.9959
vn 0.0482 -0.0246 -0.9985
vn 0.0267 -0.0136 -0.9996
vn 0.0116 -0.0059 -0.9999
vn 0.7492 -0.5457 -0.3753
vn 0.5505 -0.4009 -0.7323
vn 0.3324 -0.2421 -0.9115
vn 0.1955 -0.1424 -0.9703
vn 0.1184 -0.0863 -0.9892
vn 0.0727 -0.053 -0.9959
vn 0.0437 -0.0318 -0.9985
vn 0.0242 -0.0176 -0.9996
vn 0.0105 -0.0076 -0.9999
vn 0.6554 -0.6554 -0.3754
vn 0.4816 -0.4816 -0.7322
vn 0.2907 -0.2907 -0.9116
vn 0.171 -0.171 -0.9703
vn 0.1036 -0.1036 -0.9892
vn 0.0636 -0.0636 -0.9959
vn 0.0382 -0.0382 -0.9985
vn 0.0212 -0.0212 -0.9996
vn 0.0092 -0.0092 -0.9999
vn 0.5457 -0.7492 -0.3753
vn 0.4009 -0.5505 -0.7323
vn 0.2421 -0.3324 -0.9115
vn 0.1424 -0.1955 -0.9703
vn 0.0863 -0.1184 -0.9892
vn 0.053 -0.0727 -0.9959
vn 0.0318 -0.0437 -0.9985
vn 0.0176 -0.0242 -0.9996
vn 0.0076 -0.0105 -0.9999
vn 0.4224 -0.8252 -0.375
vn 0.3105 -0.6067 -0.7317
vn 0.1874 -0.3663 -0.9114
vn 0.1103 -0.2155 -0.9703
vn 0.0668 -0.1305 -0.9892
vn 0.041 -0.0802 -0.9959
vn 0.0246 -0.0482 -0.9985
vn 0.0136 -0.0267 -0.9996
vn 0.0059 -0.0116 -0.9999
vn 0.2878 -0.8814 -0.3746
vn 0.2116 -0.6482 -0.7314
vn 0.1278 -0.3916 -0.9112
vn 0.0752 -0.2304 -0.9702
vn 0.0455 -0.1396 -0.9892
vn 0.028 -0.0857 -0.9959
vn 0.0168 -0.0515 -0.9985
vn 0.0093 -0.0285 -0.9996
vn 0.004 -0.0124 -0.9999
vn 0.1455 -0.9158 -0.3743
vn 0.107 -0.6738 -0.7311
vn 0.0646 -0.4072 -0.911
vn 0.038 -0.2397 -0.9701
vn 0.023 -0.1452 -0.9891
vn 0.0141 -0.0891 -0.9959
vn 0.0085 -0.0536 -0.9985
vn 0.0047 -0.0297 -0.9995
vn 0.002 -0.0129 -0.9999
vn 0 -0.9274 -0.3742
vn 0 -0.6824 -0.7309
vn 0 -0.4125 -0.911
vn -0 -0.2428 -0.9701
vn -0 -0.1471 -0.9891
vn 0 -0.0903 -0.9959
vn 0 -0.0543 -0.9985
vn 0 -0.0301 -0.9995
vn 0 -0.013 -0.9999
vn -0.1455 -0.9158 -0.3743
vn -0.107 -0.6738 -0.7311
vn -0.0646 -0.4072 -0.911
vn -0.038 -0.2397 -0.9701
vn -0.023 -0.1452 -0.9891
vn -0.0141 -0.0891 -0.9959
vn -0.0085 -0.0536 -0.9985
vn -0.0047 -0.0297 -0.9995
vn -0.002 -0.0129 -0.9999
vn -0.2878 -0.8814 -0.3746
vn -0.2116 -0.6482 -0.7314
vn -0.1278 -0.3916 -0.9112
vn -0.0752 -0.2304 -0.9702
vn -0.0455 -0.1396 -0.9892
vn -0.028 -0.0857 -0.9959
vn -0.0168 -0.0515 -0.9985
vn -0.0093 -0.0285 -0.9996
vn -0.004 -0.0124 -0.9999
vn -0.4224 -0.8252 -0.375
vn -0.3105 -0.6067 -0.7317
vn -0.1874 -0.3663 -0.9114
vn -0.1103 -0.2155 -0.9703
vn -0.0668 -0.1305 -0.9892
vn -0.041 -0.0802 -0.9959
vn -0.0246 -0.0482 -0.9985
vn -0.0136 -0.0267 -0.9996
vn -0.0059 -0.0116 -0.9999
vn -0.5457 -0.7492 -0.3753
vn -0.4009 -0.5505 -0.7323
vn -0.2421 -0.3324 -0.9115
vn -0.1424 -0.1955 -0.9703
vn -0.0863 -0.1184 -0.9892
vn -0.053 -0.0727 -0.9959
vn -0.0318 -0.0437 -0.9985
vn -0.0176 -0.0242 -0.9996
vn -0.0076 -0.0105 -0.9999
vn -0.6554 -0.6554 -0.3754
vn -0.4816 -0.4816 -0.7322
vn -0.2907 -0.2907 -0.9116
vn -0.171 -0.171 -0.9703
vn -0.1036 -0.1036 -0.9892
vn -0.0636 -0.0636 -0.9959
vn -0.0382 -0.0382 -0.9985
vn -0.0212 -0.0212 -0.9996
vn -0.0092 -0.0092 -0.9999
vn -0.7492 -0.5457 -0.3753
vn -0.5505 -0.4009 -0.7323
vn -0.3324 -0.2421 -0.9115
vn -0.1955 -0.1424 -0.9703
vn -0.1184 -0.0863 -0.9892
vn -0.0727 -0.053 -0.9959
vn -0.0437 -0.0318 -0.9985
vn -0.0242 -0.0176 -0.9996
vn -0.0105 -0.0076 -0.9999
vn -0.8252 -0.4224 -0.375
vn -0.6067 -0.3105 -0.7317
vn -0.3663 -0.1874 -0.9114
vn -0.2155 -0.1103 -0.9703
vn -0.1305 -0.0668 -0.9892
vn -0.0802 -0.041 -0.9959
vn -0.0482 -0.0246 -0.9985
vn -0.0267 -0.0136 -0.9996
vn -0.0116 -0.0059 -0.9999
vn -0.8814 -0.2878 -0.3746
vn -0.6482 -0.2116 -0.7314
vn -0.3916 -0.1278 -0.9112
vn -0.2304 -0.0752 -0.9702
vn -0.1396 -0.0455 -0.9892
vn -0.0857 -0.028 -0.9959
vn -0.0515 -0.0168 -0.9985
vn -0.0285 -0.0093 -0.9995
vn -0.0124 -0.004 -0.9999
vn -0.9158 -0.1455 -0.3743
vn -0.6738 -0.107 -0.7311
vn -0.4072 -0.0646 -0.911
vn -0.2397 -0.038 -0.9701
vn -0.1452 -0.023 -0.9891
vn -0.0891 -0.0141 -0.9959
vn -0.0536 -0.0085 -0.9985
vn -0.0297 -0.0047 -0.9995
vn -0.0129 -0.002 -0.9999
vn -0.9274 -0 -0.3742
vn -0.6824 -0 -0.7309
vn -0.4125 -0 -0.911
vn -0.2428 0 -0.9701
vn -0.1471 0 -0.9891
vn -0.0903 0 -0.9959
vn -0.0543 0 -0.9985
vn -0.0301 0 -0.9995
vn -0.013 0 -0.9999
vn -0.9158 0.1455 -0.3743
vn -0.6738 0.107 -0.7311
vn -0.4072 0.0646 -0.911
vn -0.2397 0.038 -0.9701
vn -0.1452 0.023 -0.9891
vn -0.0891 0.0141 -0.9959
vn -0.0536 0.0085 -0.9985
vn -0.0297 0.0047 -0.9995
vn -0.0129 0.002 -0.9999
vn -0.8814 0.2878 -0.3746
vn -0.6482 0.2116 -0.7314
vn -0.3916 0.1278 -0.9112
vn -0.2304 0.0752 -0.9702
vn -0.1396 0.0455 -0.9892
vn -0.0857 0.028 -0.9959
vn -0.0515 0.0168 -0.9985
vn -0.0285 0.0093 -0.9995
vn -0.0124 0.004 -0.9999
vn -0.8252 0.4224 -0.375
vn -0.6065 0.3104 -0.732
vn -0.3663 0.1874 -0.9114
vn -0.2155 0.1103 -0.9703
vn -0.1305 0.0668 -0.9892
vn -0.0802 0.041 -0.9959
vn -0.0482 0.0246 -0.9985
vn -0.0267 0.0136 -0.9996
vn -0.0116 0.0059 -0.9999
vn -0.7492 0.5457 -0.3753
vn -0.5505 0.4009 -0.7323
vn -0.3324 0.2421 -0.9115
vn -0.1955 0.1424 -0.9703
vn -0.1184 0.0863 -0.9892
vn -0.0727 0.053 -0.9959
vn -0.0437 0.0318 -0.9985
vn -0.0242 0.0176 -0.9996
vn -0.0105 0.0076 -0.9999
vn -0.6554 0.6554 -0.3754
vn -0.4816 0.4816 -0.7322
vn -0.2907 0.2907 -0.9116
vn -0.171 0.171 -0.9703
vn -0.1036 0.1036 -0.9892
vn -0.0636 0.0636 -0.9959
vn -0.0382 0.0382 -0.9985
vn -0.0212 0.0212 -0.9996
vn -0.0092 0.0092 -0.9999
vn -0.5457 0.7492 -0.3753
vn -0.4009 0.5505 -0.7323
vn -0.2421 0.3324 -0.9115
vn -0.1424 0.1955 -0.9703
vn -0.0863 0.1184 -0.9892
vn -0.053 0.0727 -0.9959
vn -0.0318 0.0437 -0.9985
vn -0.0176 0.0242 -0.9996
vn -0.0076 0.0105 -0.9999
vn -0.4224 0.8252 -0.375
vn -0.3105 0.6067 -0.7317
vn -0.1874 0.3663 -0.9114
vn -0.1103 0.2155 -0.9703
vn -0.0668 0.1305 -0.9892
vn -0.041 0.0802 -0.9959
vn -0.0246 0.0482 -0.9985
vn -0.0136 0.0267 -0.9996
vn -0.0059 0.0116 -0.9999
vn -0.2878 0.8814 -0.3746
vn -0.2116 0.6482 -0.7314
vn -0.1278 0.3916 -0.9112
vn -0.0752 0.2304 -0.9702
vn -0.0455 0.1396 -0.9892
vn -0.028 0.0857 -0.9959
vn -0.0168 0.0515 -0.9985
vn -0.0093 0.0285 -0.9996
vn -0.004 0.0124 -0.9999
vn -0.1455 0.9158 -0.3743
vn -0.107 0.6738 -0.7311
vn -0.0646 0.4072 -0.911
vn -0.038 0.2397 -0.9701
vn -0.023 0.1452 -0.9891
vn -0.0141 0.0891 -0.9959
vn -0.0085 0.0536 -0.9985
vn -0.0047 0.0297 -0.9995
vn -0.002 0.0129 -0.9999
vn 0 0.9274 -0.3742
vn 0 0.6824 -0.7309
vn 0 0.4125 -0.911
vn 0 0.2428 -0.9701
vn 0 0.1471 -0.9891
vn 0 0.0903 -0.9959
vn 0 0.0543 -0.9985
vn 0 0.0301 -0.9995
vn 0 0.013 -0.9999
vn 0.1455 0.9158 -0.3743
vn 0.107 0.6738 -0.7311
vn 0.0646 0.4072 -0.911
vn 0.038 0.2397 -0.9701
vn 0.023 0.1452 -0.9891
vn 0.0141 0.0891 -0.9959
vn 0.0085 0.0536 -0.9985
vn 0.0047 0.0297 -0.9995
vn 0.002 0.0129 -0.9999
vn 0.2878 0.8814 -0.3746
vn 0.2116 0.6482 -0.7314
vn 0.1278 0.3916 -0.9112
vn 0.0752 0.2304 -0.9702
vn 0.0455 0.1396 -0.9892
vn 0.028 0.0857 -0.9959
vn 0.0168 0.0515 -0.9985
vn 0.0093 0.0285 -0.9996
vn 0.004 0.0124 -0.9999
vn 0.4224 0.8252 -0.375
vn 0.3105 0.6067 -0.7317
vn 0.1874 0.3663 -0.9114
vn 0.1103 0.2155 -0.9703
vn 0.0668 0.1305 -0.9892
vn 0.041 0.0802 -0.9959
vn 0.0246 0.0482 -0.9985
vn 0.0136 0.0267 -0.9996
vn 0.0059 0.0116 -0.9999
vn 0.5457 0.7492 -0.3753
vn 0.4009 0.5505 -0.7323
vn 0.2421 0.3324 -0.9115
vn 0.1424 0.1955 -0.9703
vn 0.0863 0.1184 -0.9892
vn 0.053 0.0727 -0.9959
vn 0.0318 0.0437 -0.9985
vn 0.0176 0.0242 -0.9996
vn 0.0076 0.0105 -0.9999
vn 0.6554 0.6554 -0.3754
vn 0.4816 0.4816 -0.7322
vn 0.2907 0.2907 -0.9116
vn 0.171 0.171 -0.9703
vn 0.1036 0.1036 -0.9892
vn 0.0636 0.0636 -0.9959
vn 0.0382 0.0382 -0.9985
vn 0.0212 0.0212 -0.9996
vn 0.0092 0.0092 -0.9999
vn 0.7492 0.5457 -0.3753
vn 0.5505 0.4009 -0.7323
vn 0.3324 0.2421 -0.9115
vn 0.1955 0.1424 -0.9703
vn 0.1184 0.0863 -0.9892
vn 0.0727 0.053 -0.9959
vn 0.0437 0.0318 -0.9985
vn 0.0242 0.0176 -0.9996
vn 0.0105 0.0076 -0.9999
vn 0.8252 0.4224 -0.375
vn 0.6067 0.3105 -0.7317
vn 0.3663 0.1874 -0.9114
vn 0.2155 0.1103 -0.9703
vn 0.1305 0.0668 -0.9892
vn 0.0802 0.041 -0.9959
vn 0.0482 0.0246 -0.9985
vn 0.0267 0.0136 -0.9996
vn 0.0116 0.0059 -0.9999
vn 0.8814 0.2878 -0.3746
vn 0.6482 0.2116 -0.7314
vn 0.3916 0.1278 -0.9112
vn 0.2304 0.0752 -0.9702
vn 0.1396 0.0455 -0.9892
vn 0.0857 0.028 -0.9959
vn 0.0515 0.0168 -0.9985
vn 0.0285 0.0093 -0.9995
vn 0.0124 0.004 -0.9999
vn 0.9158 0.1455 -0.3743
vn 0.6738 0.107 -0.7311
vn 0.4072 0.0646 -0.911
vn 0.2397 0.038 -0.9701
vn 0.1452 0.023 -0.9891
vn 0.0891 0.0141 -0.9959
vn 0.0536 0.0085 -0.9985
vn 0.0297 0.0047 -0.9995
vn 0.0129 0.002 -0.9999
vn 0.0011 0 -1
vn 0.0011 -0.1747 -0.9846
vn 0.0049 -0 -1
vn 0.0049 -0.1702 -0.9854
vn 0.0175 0 -0.9998
vn 0.0174 -0.1698 -0.9853
vn 0.0421 -0 -0.9991
vn 0.042 -0.1694 -0.9846
vn 0.0841 0.0004 -0.9965
vn 0.0843 -0.1699 -0.9819
vn 0.1533 0.0008 -0.9882
vn 0.1536 -0.1718 -0.9731
vn 0.2652 0.0012 -0.9642
vn 0.2652 -0.1775 -0.9477
vn 0.4421 0.0018 -0.897
vn 0.44 -0.19 -0.8777
vn 0.6881 0.0022 -0.7256
vn 0.6784 -0.2091 -0.7043
vn 0.9167 0.0016 -0.3995
vn 0.8952 -0.2246 -0.3849
vn 0.9985 0.0004 -0.0552
vn 0.9727 -0.2259 -0.0529
vn 0.0011 -0.3895 -0.921
vn 0.0048 -0.3775 -0.926
vn 0.0173 -0.3772 -0.926
vn 0.0413 -0.3767 -0.9254
vn 0.0825 -0.3778 -0.9222
vn 0.1504 -0.3836 -0.9112
vn 0.258 -0.3968 -0.8809
vn 0.4209 -0.4223 -0.8028
vn 0.6308 -0.4571 -0.627
vn 0.8106 -0.4808 -0.3343
vn 0.8761 -0.4801 -0.0444
vn 0.001 -0.6495 -0.7604
vn 0.0042 -0.6275 -0.7786
vn 0.0153 -0.6273 -0.7786
vn 0.0369 -0.6276 -0.7776
vn 0.0739 -0.6306 -0.7726
vn 0.1334 -0.6388 -0.7577
vn 0.2251 -0.6565 -0.72
vn 0.3551 -0.6861 -0.6349
vn 0.5072 -0.7198 -0.4739
vn 0.6294 -0.7377 -0.2442
vn 0.6782 -0.7343 -0.0309
vn 0.0006 -0.9043 -0.4268
vn 0.0027 -0.8806 -0.4739
vn 0.01 -0.8808 -0.4734
vn 0.0244 -0.8816 -0.4713
vn 0.0487 -0.8843 -0.4643
vn 0.0866 -0.8902 -0.4473
vn 0.1411 -0.9007 -0.4109
vn 0.2105 -0.9151 -0.344
vn 0.2828 -0.9279 -0.2429
vn 0.3396 -0.9326 -0.1221
vn 0.369 -0.9293 -0.0146
vn -0.0001 -0.9976 0.0699
vn -0.0001 -1 0.0008
vn 0.0003 -1 0.0021
vn 0.0011 -1 0.0042
vn 0.002 -1 0.008
vn 0.0023 -0.9999 0.0137
vn 0.0004 -0.9998 0.0208
vn -0.0064 -0.9996 0.0257
vn -0.0169 -0.9996 0.0217
vn -0.0218 -0.9997 0.0092
vn -0.0142 -0.9999 0.0005
vn -0.0008 -0.8528 0.5222
vn -0.0031 -0.88 0.4749
vn -0.0108 -0.8793 0.4762
vn -0.0261 -0.8795 0.4753
vn -0.0521 -0.8806 0.4709
vn -0.0934 -0.885 0.4562
vn -0.1538 -0.8928 0.4235
vn -0.2343 -0.9034 0.3592
vn -0.3198 -0.9129 0.2537
vn -0.3789 -0.9173 0.1226
vn -0.3931 -0.9194 0.0121
vn -0.0012 -0.6041 0.7969
vn -0.0052 -0.6271 0.7789
vn -0.0188 -0.6265 0.7792
vn -0.0457 -0.6278 0.777
vn -0.0917 -0.6331 0.7686
vn -0.1647 -0.6454 0.7459
vn -0.2729 -0.6662 0.694
vn -0.4152 -0.6925 0.59
vn -0.5629 -0.7134 0.4174
vn -0.6631 -0.7206 0.2027
vn -0.6922 -0.7215 0.0187
vn -0.0014 -0.3654 0.9308
vn -0.0063 -0.3773 0.9261
vn -0.023 -0.3772 0.9259
vn -0.0562 -0.3785 0.9239
vn -0.1135 -0.3841 0.9163
vn -0.2057 -0.3966 0.8947
vn -0.345 -0.418 0.8404
vn -0.5306 -0.4449 0.7214
vn -0.7212 -0.4659 0.5127
vn -0.846 -0.4717 0.2487
vn -0.8819 -0.4709 0.0215
vn -0.0015 -0.1657 0.9862
vn -0.0068 -0.1701 0.9854
vn -0.0247 -0.1698 0.9852
vn -0.0608 -0.1709 0.9834
vn -0.1232 -0.1741 0.977
vn -0.2246 -0.1812 0.9575
vn -0.3796 -0.1933 0.9048
vn -0.5882 -0.2087 0.7813
vn -0.8012 -0.2206 0.5563
vn -0.937 -0.2232 0.2689
vn -0.9748 -0.2219 0.0221
vn -0.0016 -0 1
vn -0.0069 -0 1
vn -0.0252 0 0.9997
vn -0.0619 0 0.9981
vn -0.1255 0 0.9921
vn -0.2294 -0.0004 0.9733
vn -0.3886 -0.0006 0.9214
vn -0.6039 -0.001 0.7971
vn -0.8234 -0.0009 0.5675
vn -0.9619 -0.0004 0.2735
vn -0.9998 0 0.022
vn -0.0015 0.1657 0.9862
vn -0.0068 0.1701 0.9854
vn -0.0247 0.1698 0.9852
vn -0.0606 0.1708 0.9834
vn -0.1228 0.1736 0.9771
vn -0.2242 0.18 0.9578
vn -0.3791 0.1919 0.9052
vn -0.5879 0.207 0.782
vn -0.8016 0.219 0.5563
vn -0.9374 0.2224 0.2679
vn -0.9749 0.2218 0.0214
vn -0.0014 0.3654 0.9308
vn -0.0061 0.3778 0.9259
vn -0.0229 0.3767 0.926
vn -0.0558 0.3781 0.9241
vn -0.1127 0.3836 0.9166
vn -0.2046 0.3957 0.8953
vn -0.3439 0.4168 0.8415
vn -0.5302 0.4439 0.7224
vn -0.7218 0.4654 0.5123
vn -0.8467 0.4714 0.2468
vn -0.882 0.4708 0.0203
vn -0.0012 0.6041 0.7969
vn -0.0052 0.6271 0.7789
vn -0.0185 0.6267 0.7791
vn -0.0452 0.6276 0.7773
vn -0.0909 0.6327 0.769
vn -0.1637 0.6447 0.7467
vn -0.2718 0.6657 0.695
vn -0.4147 0.6925 0.5903
vn -0.5631 0.714 0.4161
vn -0.6633 0.721 0.2002
vn -0.6921 0.7216 0.0172
vn -0.0008 0.8528 0.5222
vn -0.0029 0.8802 0.4746
vn -0.0107 0.8795 0.4758
vn -0.0258 0.8794 0.4753
vn -0.0517 0.8809 0.4705
vn -0.0926 0.8852 0.4558
vn -0.1533 0.8934 0.4224
vn -0.2337 0.9044 0.357
vn -0.3188 0.914 0.2509
vn -0.3782 0.9179 0.1202
vn -0.3929 0.9195 0.011
vn -0.0001 0.9976 0.0699
vn -0.0001 1 0.0008
vn 0.0002 1 0.0018
vn 0.0009 1 0.0037
vn 0.0016 1 0.0067
vn 0.0019 0.9999 0.0112
vn 0.0002 0.9999 0.0169
vn -0.0054 0.9998 0.0212
vn -0.0147 0.9997 0.0184
vn -0.0199 0.9998 0.008
vn -0.0143 0.9999 0.0005
vn 0.0006 0.9043 -0.4268
vn 0.0027 0.8806 -0.4739
vn 0.0098 0.8806 -0.4737
vn 0.0239 0.8814 -0.4718
vn 0.048 0.8836 -0.4657
vn 0.0856 0.8891 -0.4496
vn 0.1407 0.8992 -0.4142
vn 0.2114 0.9137 -0.3472
vn 0.285 0.927 -0.244
vn 0.3416 0.9321 -0.1206
vn 0.3695 0.9291 -0.0133
vn 0.001 0.6495 -0.7604
vn 0.0042 0.6279 -0.7783
vn 0.015 0.6273 -0.7786
vn 0.0363 0.6275 -0.7778
vn 0.073 0.6301 -0.7731
vn 0.1325 0.6381 -0.7585
vn 0.2243 0.6557 -0.721
vn 0.3552 0.6854 -0.6356
vn 0.5085 0.72 -0.4723
vn 0.6307 0.7379 -0.2401
vn 0.6784 0.7342 -0.0283
vn 0.0011 0.3895 -0.921
vn 0.0047 0.3778 -0.9259
vn 0.017 0.3768 -0.9261
vn 0.0408 0.3769 -0.9253
vn 0.0822 0.3782 -0.9221
vn 0.1496 0.3839 -0.9112
vn 0.2573 0.3976 -0.8808
vn 0.4203 0.4238 -0.8023
vn 0.6311 0.4597 -0.6248
vn 0.8114 0.4826 -0.3298
vn 0.876 0.4804 -0.0417
vn 0.0011 0.1747 -0.9846
vn 0.0049 0.1702 -0.9854
vn 0.0174 0.1698 -0.9853
vn 0.0418 0.1698 -0.9846
vn 0.084 0.1704 -0.9818
vn 0.1531 0.1729 -0.973
vn 0.2646 0.1796 -0.9475
vn 0.4395 0.1931 -0.8773
vn 0.6784 0.2131 -0.7032
vn 0.8957 0.2272 -0.3822
vn 0.9726 0.2267 -0.0513
vn 0.9633 -0.2252 0.1461
vn 0.9888 0 0.1494
vn 0.9625 0.0004 0.2712
vn 0.9376 -0.224 0.2661
vn 0.9271 0.0009 0.3748
vn 0.9031 -0.2201 0.3688
vn 0.8834 0.0011 0.4686
vn 0.8612 -0.2122 0.4619
vn 0.8309 0.0015 0.5564
vn 0.8112 -0.2006 0.5493
vn 0.7685 0.0016 0.6398
vn 0.7516 -0.1875 0.6324
vn 0.6953 0.0015 0.7187
vn 0.6814 -0.1749 0.7107
vn 0.6109 0.0011 0.7917
vn 0.6 -0.1662 0.7826
vn 0.516 0.0007 0.8566
vn 0.508 -0.1652 0.8454
vn 0.4629 0 0.8864
vn 0.4555 -0.1762 0.8726
vn 0.8682 -0.4782 0.1326
vn 0.8443 -0.4772 0.2438
vn 0.814 -0.4707 0.3404
vn 0.7788 -0.4574 0.4293
vn 0.7377 -0.4376 0.5141
vn 0.6885 -0.4138 0.5956
vn 0.6289 -0.3901 0.6725
vn 0.5576 -0.3728 0.7417
vn 0.4745 -0.3699 0.7987
vn 0.4227 -0.3964 0.815
vn 0.6736 -0.7318 0.1037
vn 0.6543 -0.7311 0.1932
vn 0.6319 -0.7255 0.2726
vn 0.6083 -0.7134 0.3479
vn 0.5825 -0.6946 0.4221
vn 0.5515 -0.6706 0.4961
vn 0.5116 -0.6456 0.567
vn 0.4598 -0.6262 0.6297
vn 0.3942 -0.6219 0.6766
vn 0.3409 -0.6658 0.6637
vn 0.3692 -0.9276 0.0576
vn 0.3582 -0.9273 0.1084
vn 0.3465 -0.9253 0.1545
vn 0.3356 -0.9206 0.1995
vn 0.3251 -0.9132 0.2457
vn 0.3127 -0.9033 0.2937
vn 0.2954 -0.8923 0.3415
vn 0.2693 -0.8834 0.3836
vn 0.2323 -0.8812 0.4117
vn 0.1747 -0.9227 0.3436
vn -0.0094 -1 -0.0011
vn -0.0088 -1 -0.0026
vn -0.0079 -1 -0.004
vn -0.0071 -1 -0.0053
vn -0.0065 -1 -0.0063
vn -0.0061 -1 -0.0067
vn -0.0064 -1 -0.0068
vn -0.0073 -1 -0.0068
vn -0.0085 -0.9999 -0.0072
vn -0.0588 -0.9913 -0.1181
vn -0.3848 -0.921 -0.0603
vn -0.371 -0.9213 -0.1168
vn -0.3548 -0.9195 -0.1693
vn -0.3388 -0.915 -0.2192
vn -0.3232 -0.9077 -0.2676
vn -0.3066 -0.8981 -0.3152
vn -0.2875 -0.8878 -0.3595
vn -0.2634 -0.8793 -0.3967
vn -0.2326 -0.8769 -0.4207
vn -0.2519 -0.8238 -0.5079
vn -0.6814 -0.7239 -0.108
vn -0.6568 -0.7242 -0.2104
vn -0.6241 -0.7195 -0.3046
vn -0.5877 -0.7085 -0.3908
vn -0.5493 -0.6913 -0.4695
vn -0.509 -0.67 -0.5404
vn -0.466 -0.6482 -0.6022
vn -0.4196 -0.6315 -0.652
vn -0.3696 -0.6266 -0.6862
vn -0.3602 -0.5787 -0.7317
vn -0.8702 -0.4728 -0.1387
vn -0.8381 -0.4731 -0.2716
vn -0.7915 -0.4681 -0.393
vn -0.736 -0.4564 -0.5
vn -0.6759 -0.4392 -0.5919
vn -0.6144 -0.4184 -0.669
vn -0.5529 -0.3983 -0.7319
vn -0.4925 -0.3836 -0.7812
vn -0.4342 -0.3788 -0.8173
vn -0.4113 -0.3521 -0.8408
vn -0.9626 -0.223 -0.1538
vn -0.9267 -0.2232 -0.3023
vn -0.8718 -0.2203 -0.4375
vn -0.8045 -0.2137 -0.5541
vn -0.7315 -0.2041 -0.6506
vn -0.6578 -0.1929 -0.7281
vn -0.5869 -0.1821 -0.7889
vn -0.5207 -0.1743 -0.8357
vn -0.4595 -0.1715 -0.8715
vn -0.4321 -0.1613 -0.8873
vn -0.9875 0 -0.1577
vn -0.9506 0 -0.3104
vn -0.8932 -0.0004 -0.4497
vn -0.8223 -0.0007 -0.569
vn -0.7454 -0.0009 -0.6666
vn -0.6683 -0.001 -0.7439
vn -0.5948 -0.0008 -0.8039
vn -0.5269 -0.0006 -0.8499
vn -0.4654 0 -0.8851
vn -0.437 -0.0003 -0.8995
vn -0.9627 0.2225 -0.1537
vn -0.927 0.2227 -0.3019
vn -0.8722 0.2193 -0.4372
vn -0.805 0.2126 -0.5539
vn -0.7319 0.2029 -0.6505
vn -0.6581 0.1912 -0.7283
vn -0.5869 0.1806 -0.7892
vn -0.5203 0.1732 -0.8362
vn -0.459 0.1712 -0.8718
vn -0.4314 0.1612 -0.8876
vn -0.8704 0.4726 -0.1383
vn -0.8386 0.4728 -0.2707
vn -0.7922 0.4677 -0.3921
vn -0.7367 0.4559 -0.4994
vn -0.6765 0.4383 -0.5918
vn -0.6146 0.4176 -0.6692
vn -0.5528 0.3976 -0.7324
vn -0.4921 0.3831 -0.7817
vn -0.4332 0.3788 -0.8178
vn -0.4099 0.3525 -0.8413
vn -0.6815 0.7239 -0.1075
vn -0.6571 0.7241 -0.2094
vn -0.6245 0.7196 -0.3035
vn -0.5881 0.7087 -0.3899
vn -0.5495 0.6915 -0.4689
vn -0.5089 0.6701 -0.5404
vn -0.4652 0.6483 -0.6027
vn -0.4186 0.6319 -0.6523
vn -0.368 0.6271 -0.6865
vn -0.3582 0.5797 -0.7319
vn -0.3848 0.921 -0.0603
vn -0.3706 0.9215 -0.116
vn -0.3544 0.9199 -0.1682
vn -0.3381 0.9155 -0.218
vn -0.3221 0.9084 -0.2666
vn -0.3053 0.899 -0.3141
vn -0.286 0.8886 -0.3587
vn -0.2613 0.8802 -0.3961
vn -0.2304 0.8777 -0.4202
vn -0.2497 0.8248 -0.5073
vn -0.0094 1 -0.0011
vn -0.0082 1 -0.0026
vn -0.0066 1 -0.0036
vn -0.0052 1 -0.0043
vn -0.0041 1 -0.0049
vn -0.0035 1 -0.0048
vn -0.0035 1 -0.0045
vn -0.0048 1 -0.005
vn -0.0069 1 -0.0059
vn -0.0579 0.9914 -0.1173
vn 0.3693 0.9276 0.0571
vn 0.3591 0.9271 0.1077
vn 0.3481 0.9247 0.1543
vn 0.3376 0.9199 0.1997
vn 0.3272 0.9122 0.2465
vn 0.3147 0.9022 0.295
vn 0.2966 0.8912 0.3432
vn 0.2695 0.8827 0.3851
vn 0.2312 0.8811 0.4125
vn 0.173 0.9231 0.3435
vn 0.6737 0.7317 0.1031
vn 0.6549 0.7309 0.1919
vn 0.6329 0.725 0.2716
vn 0.6094 0.7129 0.3471
vn 0.5833 0.694 0.422
vn 0.5515 0.6702 0.4966
vn 0.5109 0.6454 0.5679
vn 0.4578 0.6265 0.6308
vn 0.3914 0.623 0.6773
vn 0.3378 0.6673 0.6638
vn 0.8683 0.4782 0.1318
vn 0.8446 0.4775 0.2424
vn 0.8143 0.4712 0.339
vn 0.779 0.4581 0.4282
vn 0.7376 0.4386 0.5134
vn 0.6879 0.4148 0.5956
vn 0.6276 0.3915 0.6729
vn 0.5556 0.3742 0.7425
vn 0.4718 0.3713 0.7997
vn 0.4199 0.3979 0.8157
vn 0.9634 0.2253 0.1454
vn 0.9376 0.2249 0.2653
vn 0.9031 0.2214 0.3679
vn 0.8611 0.2141 0.4611
vn 0.8109 0.2031 0.5488
vn 0.7511 0.1901 0.6322
vn 0.6806 0.1774 0.7109
vn 0.599 0.1684 0.7829
vn 0.5065 0.1667 0.846
vn 0.4539 0.1772 0.8733
vn -0.0829 0.0016 0.9966
vn -0.0867 -0.2716 0.9585
vn -0.1889 0.0013 0.982
vn -0.1823 -0.2611 0.9479
vn -0.4225 0.0007 0.9064
vn -0.4027 -0.2503 0.8804
vn -0.6593 -0 0.7519
vn -0.6308 -0.2355 0.7394
vn -0.829 -0.0009 0.5592
vn -0.7989 -0.2192 0.5601
vn -0.9141 -0.0017 0.4056
vn -0.8844 -0.2121 0.4157
vn -0.9428 -0.0026 0.3334
vn -0.9106 -0.2238 0.3474
vn -0.9368 -0.0036 0.3499
vn -0.8972 -0.2517 0.3629
vn -0.8927 -0.0046 0.4507
vn -0.8431 -0.2881 0.4541
vn -0.7876 -0.0049 0.6161
vn -0.7348 -0.3141 0.6012
vn -0.6414 -0.0038 0.7672
vn -0.5962 -0.3205 0.7361
vn -0.0837 -0.5554 0.8273
vn -0.1566 -0.5381 0.8282
vn -0.3347 -0.5217 0.7847
vn -0.5305 -0.5003 0.6843
vn -0.6889 -0.4748 0.5476
vn -0.7753 -0.4629 0.4297
vn -0.7961 -0.4779 0.3714
vn -0.7672 -0.5167 0.38
vn -0.6966 -0.5626 0.4451
vn -0.5895 -0.59 0.5517
vn -0.4733 -0.5942 0.6503
vn -0.0639 -0.7981 0.5991
vn -0.1041 -0.7833 0.6129
vn -0.2103 -0.7716 0.6003
vn -0.3401 -0.7581 0.5564
vn -0.464 -0.741 0.4854
vn -0.5447 -0.7299 0.413
vn -0.5669 -0.736 0.3699
vn -0.5392 -0.7577 0.3675
vn -0.478 -0.7819 0.4001
vn -0.4002 -0.793 0.4594
vn -0.3221 -0.7925 0.5179
vn -0.0238 -0.9525 0.3035
vn -0.026 -0.946 0.3233
vn -0.0409 -0.9409 0.3362
vn -0.0742 -0.9356 0.3451
vn -0.1286 -0.9305 0.343
vn -0.1882 -0.9258 0.3278
vn -0.2289 -0.9226 0.3106
vn -0.2405 -0.9221 0.3031
vn -0.2283 -0.9235 0.3082
vn -0.2023 -0.9251 0.3215
vn -0.166 -0.926 0.3391
vn 0.0331 -0.9993 -0.0195
vn 0.0692 -0.9976 -0.0012
vn 0.1454 -0.9889 0.0309
vn 0.21 -0.9741 0.0835
vn 0.2341 -0.9622 0.139
vn 0.2086 -0.9618 0.1771
vn 0.1489 -0.9703 0.1908
vn 0.0818 -0.9792 0.1859
vn 0.0291 -0.9853 0.1683
vn -0.0004 -0.9914 0.1311
vn -0.0032 -0.995 0.1002
vn 0.0994 -0.9364 -0.3366
vn 0.1682 -0.9324 -0.32
vn 0.3184 -0.9097 -0.2666
vn 0.4537 -0.8745 -0.1714
vn 0.5315 -0.8443 -0.0677
vn 0.5375 -0.8432 0.0087
vn 0.4813 -0.8756 0.0418
vn 0.3863 -0.9218 0.0324
vn 0.286 -0.9581 -0.0149
vn 0.2078 -0.9715 -0.1139
vn 0.166 -0.9651 -0.2026
vn 0.1645 -0.7713 -0.6148
vn 0.2569 -0.7619 -0.5945
vn 0.4553 -0.7274 -0.5135
vn 0.6289 -0.6804 -0.3761
vn 0.7311 -0.6413 -0.2328
vn 0.7575 -0.639 -0.1336
vn 0.7232 -0.6836 -0.0987
vn 0.6398 -0.7576 -0.1292
vn 0.5246 -0.8221 -0.2214
vn 0.404 -0.83 -0.3845
vn 0.3158 -0.7956 -0.517
vn 0.216 -0.5302 -0.8199
vn 0.3226 -0.5188 -0.7917
vn 0.5455 -0.4856 -0.6831
vn 0.7347 -0.4448 -0.5122
vn 0.8445 -0.412 -0.3422
vn 0.882 -0.41 -0.2323
vn 0.8702 -0.4479 -0.2053
vn 0.8145 -0.5162 -0.2646
vn 0.7067 -0.5796 -0.4058
vn 0.5467 -0.5729 -0.6107
vn 0.4092 -0.5222 -0.7482
vn 0.2458 -0.2592 -0.934
vn 0.3594 -0.2516 -0.8986
vn 0.5913 -0.2326 -0.7722
vn 0.7847 -0.2102 -0.5831
vn 0.896 -0.193 -0.4
vn 0.9385 -0.1919 -0.287
vn 0.94 -0.2116 -0.2678
vn 0.9039 -0.2486 -0.3481
vn 0.8049 -0.2836 -0.5212
vn 0.6161 -0.2743 -0.7384
vn 0.4458 -0.2409 -0.8621
vn 0.2538 -0.0006 -0.9672
vn 0.3706 -0.0004 -0.9288
vn 0.6042 0 -0.7968
vn 0.7979 0.0007 -0.6028
vn 0.909 0.0009 -0.4167
vn 0.9528 0.0012 -0.3035
vn 0.9578 0.0018 -0.2873
vn 0.9273 0.0023 -0.3742
vn 0.831 0.0026 -0.5562
vn 0.6336 0.002 -0.7737
vn 0.4533 0.0013 -0.8914
vn 0.2432 0.2585 -0.9349
vn 0.3606 0.2511 -0.8983
vn 0.5921 0.2327 -0.7715
vn 0.7849 0.2111 -0.5825
vn 0.8958 0.1946 -0.3995
vn 0.9382 0.1943 -0.2864
vn 0.9395 0.2145 -0.267
vn 0.9033 0.2525 -0.3469
vn 0.8042 0.2879 -0.52
vn 0.6153 0.2778 -0.7377
vn 0.4449 0.2437 -0.8618
vn 0.2115 0.5305 -0.8209
vn 0.3246 0.5184 -0.7911
vn 0.547 0.4856 -0.6819
vn 0.7351 0.4453 -0.5112
vn 0.8442 0.4133 -0.3414
vn 0.8814 0.4116 -0.2318
vn 0.8694 0.45 -0.2043
vn 0.8136 0.5184 -0.2632
vn 0.7057 0.5818 -0.4043
vn 0.5456 0.5748 -0.6099
vn 0.4065 0.5243 -0.7482
vn 0.1597 0.7723 -0.6148
vn 0.2593 0.7619 -0.5935
vn 0.4572 0.7272 -0.5121
vn 0.6298 0.6804 -0.3748
vn 0.7311 0.6417 -0.2318
vn 0.757 0.6398 -0.1329
vn 0.7226 0.6842 -0.0982
vn 0.6395 0.7579 -0.129
vn 0.5245 0.822 -0.2219
vn 0.4038 0.8295 -0.3859
vn 0.3128 0.7945 -0.5205
vn 0.0964 0.9371 -0.3355
vn 0.1702 0.9325 -0.3186
vn 0.3203 0.9093 -0.2655
vn 0.4553 0.8739 -0.1703
vn 0.5324 0.8438 -0.0668
vn 0.5382 0.8428 0.0092
vn 0.4822 0.8751 0.0415
vn 0.3879 0.9212 0.0307
vn 0.2879 0.9575 -0.0186
vn 0.2096 0.9704 -0.12
vn 0.1658 0.9633 -0.2111
vn 0.0339 0.9993 -0.0177
vn 0.0703 0.9975 0.0004
vn 0.147 0.9886 0.0315
vn 0.2123 0.9736 0.0839
vn 0.2369 0.9615 0.1394
vn 0.212 0.9611 0.1773
vn 0.1524 0.9699 0.1901
vn 0.0855 0.9794 0.1832
vn 0.0326 0.9862 0.1625
vn 0.0028 0.9927 0.1209
vn -0.0008 0.9958 0.0919
vn -0.0181 0.9521 0.3051
vn -0.0259 0.9456 0.3243
vn -0.0404 0.9409 0.3363
vn -0.0724 0.9359 0.3446
vn -0.1253 0.9311 0.3426
vn -0.1837 0.9268 0.3276
vn -0.2239 0.9241 0.3098
vn -0.2356 0.9242 0.3007
vn -0.2241 0.9264 0.3027
vn -0.1994 0.9291 0.3114
vn -0.1629 0.9274 0.3367
vn -0.0542 0.7982 0.6
vn -0.1052 0.7831 0.613
vn -0.211 0.772 0.5996
vn -0.3402 0.7588 0.5554
vn -0.4638 0.742 0.484
vn -0.5436 0.7315 0.4116
vn -0.5648 0.7385 0.3683
vn -0.5363 0.7607 0.3658
vn -0.4748 0.7854 0.3971
vn -0.3985 0.7969 0.454
vn -0.3189 0.7908 0.5225
vn -0.0733 0.5567 0.8275
vn -0.1581 0.5389 0.8274
vn -0.336 0.5225 0.7836
vn -0.5319 0.5006 0.683
vn -0.6907 0.4745 0.5457
vn -0.7772 0.4621 0.427
vn -0.7977 0.4773 0.3685
vn -0.7681 0.517 0.3779
vn -0.6963 0.5634 0.4447
vn -0.5888 0.5898 0.5527
vn -0.4691 0.5877 0.6592
vn -0.0801 0.2743 0.9583
vn -0.1836 0.2634 0.9471
vn -0.4036 0.2517 0.8796
vn -0.6319 0.2354 0.7385
vn -0.8002 0.2174 0.559
vn -0.8861 0.2094 0.4135
vn -0.9126 0.2194 0.3451
vn -0.8994 0.2468 0.3609
vn -0.8449 0.2827 0.4541
vn -0.7347 0.3076 0.6046
vn -0.5917 0.3121 0.7433
vn -0.527 -0.002 0.8499
vn -0.4927 -0.2824 0.8231
vn -0.4448 -0.0015 0.8956
vn -0.4151 -0.2458 0.8759
vn -0.3495 -0.0009 0.9369
vn -0.3255 -0.1963 0.925
vn -0.221 -0.0003 0.9753
vn -0.2056 -0.122 0.971
vn 0.0007 0.0005 1
vn -0.0038 0.0118 0.9999
vn 0.4923 0.0011 0.8704
vn 0.396 0.296 0.8692
vn 0.9894 -0.0005 0.1451
vn 0.7991 0.5552 0.2305
vn 0.8591 -0.0026 -0.5118
vn 0.764 0.489 -0.4209
vn 0.6939 -0.0033 -0.7201
vn 0.6368 0.3918 -0.6641
vn 0.6394 -0.0026 -0.7689
vn 0.6057 0.3057 -0.7346
vn -0.3999 -0.5374 0.7425
vn -0.3368 -0.4669 0.8176
vn -0.2639 -0.3705 0.8906
vn -0.1672 -0.2268 0.9595
vn -0.0145 0.0177 0.9997
vn 0.2255 0.4327 0.8729
vn 0.4699 0.7947 0.3843
vn 0.5348 0.8219 -0.1962
vn 0.4886 0.7148 -0.5004
vn 0.4987 0.599 -0.6265
vn -0.2792 -0.7379 0.6144
vn -0.2374 -0.6446 0.7267
vn -0.1883 -0.5116 0.8384
vn -0.1233 -0.3123 0.942
vn -0.0285 0.004 0.9996
vn 0.0957 0.4432 0.8913
vn 0.2326 0.8227 0.5187
vn 0.3053 0.9513 0.043
vn 0.3111 0.9074 -0.2827
vn 0.3509 0.8177 -0.4563
vn -0.1461 -0.8881 0.4359
vn -0.1276 -0.791 0.5984
vn -0.1056 -0.6353 0.765
vn -0.0757 -0.3907 0.9174
vn -0.0358 -0.0266 0.999
vn 0.0134 0.4072 0.9133
vn 0.0779 0.7744 0.6279
vn 0.125 0.9586 0.2559
vn 0.1444 0.9884 -0.0463
vn 0.1982 0.9485 -0.247
vn 0.0017 -0.9823 0.1872
vn 0.0004 -0.9135 0.4069
vn -0.0051 -0.7589 0.6512
vn -0.0155 -0.476 0.8793
vn -0.0328 -0.0668 0.9972
vn -0.0422 0.3555 0.9337
vn -0.0312 0.6935 0.7197
vn -0.0163 0.8945 0.4467
vn -0.0062 0.9794 0.2016
vn 0.0492 0.9988 -0.004
vn 0.1625 -0.9768 -0.1395
vn 0.1583 -0.9806 0.1155
vn 0.1361 -0.8808 0.4536
vn 0.0776 -0.5789 0.8117
vn -0.0165 -0.1132 0.9934
vn -0.0832 0.295 0.9519
vn -0.1146 0.5885 0.8003
vn -0.13 0.775 0.6185
vn -0.1395 0.8826 0.449
vn -0.0965 0.9588 0.2671
vn 0.3065 -0.8181 -0.4866
vn 0.3287 -0.9061 -0.2662
vn 0.3342 -0.9346 0.1215
vn 0.2485 -0.6959 0.6738
vn 0.0218 -0.1626 0.9865
vn -0.1147 0.225 0.9676
vn -0.1805 0.4596 0.8696
vn -0.2195 0.6075 0.7634
vn -0.2483 0.7039 0.6655
vn -0.2298 0.8102 0.5392
vn 0.3942 -0.5389 -0.7445
vn 0.4512 -0.6435 -0.6183
vn 0.5381 -0.7879 -0.2994
vn 0.5446 -0.7277 0.417
vn 0.1031 -0.2009 0.9742
vn -0.1365 0.1461 0.9798
vn -0.2292 0.3098 0.9227
vn -0.2833 0.4068 0.8685
vn -0.3229 0.4708 0.821
vn -0.3301 0.5613 0.7589
vn 0.4266 -0.2478 -0.8698
vn 0.4964 -0.3025 -0.8137
vn 0.6486 -0.4172 -0.6366
vn 0.8605 -0.4784 0.175
vn 0.2459 -0.1673 0.9548
vn -0.1462 0.0677 0.9869
vn -0.2583 0.151 0.9542
vn -0.3186 0.1966 0.9273
vn -0.3621 0.2256 0.9044
vn -0.3826 0.27 0.8836
vn 0.4324 0.0012 -0.9017
vn 0.5023 0.0017 -0.8647
vn 0.6642 0.0026 -0.7475
vn 0.9957 0.0039 0.093
vn 0.3363 0.0025 0.9418
vn -0.1484 0 0.9889
vn -0.2677 0 0.9635
vn -0.3297 0 0.9441
vn -0.373 0.0005 0.9278
vn -0.395 0.0008 0.9187
vn 0.4273 0.2518 -0.8683
vn 0.4969 0.3077 -0.8114
vn 0.6484 0.4241 -0.6323
vn 0.8597 0.4799 0.1747
vn 0.2472 0.1699 0.954
vn -0.1457 -0.0669 0.9871
vn -0.2584 -0.1513 0.9541
vn -0.3191 -0.197 0.927
vn -0.3624 -0.2252 0.9044
vn -0.3801 -0.266 0.8859
vn 0.3935 0.5436 -0.7414
vn 0.45 0.6483 -0.6142
vn 0.5367 0.79 -0.2965
vn 0.552 0.7265 0.4093
vn 0.1056 0.2026 0.9736
vn -0.1363 -0.1447 0.98
vn -0.2293 -0.3103 0.9226
vn -0.2835 -0.4082 0.8677
vn -0.3239 -0.4713 0.8203
vn -0.3279 -0.5535 0.7656
vn 0.3056 0.819 -0.4856
vn 0.3284 0.9061 -0.2666
vn 0.3368 0.9344 0.1159
vn 0.257 0.7 0.6663
vn 0.0239 0.164 0.9862
vn -0.115 -0.223 0.968
vn -0.1805 -0.4596 0.8696
vn -0.2195 -0.6102 0.7613
vn -0.2486 -0.7071 0.6619
vn -0.2301 -0.8039 0.5484
vn 0.1638 0.976 -0.1433
vn 0.1605 0.9808 0.1107
vn 0.1398 0.8832 0.4476
vn 0.0822 0.5831 0.8082
vn -0.0148 0.1144 0.9933
vn -0.0838 -0.2933 0.9523
vn -0.1146 -0.5879 0.8007
vn -0.1292 -0.777 0.6161
vn -0.1382 -0.8862 0.4422
vn -0.0966 -0.958 0.2699
vn 0.0037 0.9831 0.1832
vn 0.0024 0.9149 0.4036
vn -0.0031 0.7611 0.6486
vn -0.0134 0.4786 0.8779
vn -0.0315 0.068 0.9972
vn -0.0428 -0.3543 0.9341
vn -0.0318 -0.692 0.7212
vn -0.0154 -0.8951 0.4456
vn -0.0036 -0.9807 0.1953
vn 0.0523 -0.9985 -0.0139
vn -0.1451 0.8887 0.4349
vn -0.1268 0.7916 0.5977
vn -0.1047 0.6359 0.7646
vn -0.0748 0.3918 0.917
vn -0.0349 0.0275 0.999
vn 0.0129 -0.4063 0.9136
vn 0.0764 -0.7727 0.6301
vn 0.1252 -0.9583 0.257
vn 0.1466 -0.9879 -0.0497
vn 0.2037 -0.9419 -0.2671
vn -0.279 0.7368 0.6158
vn -0.2372 0.6437 0.7276
vn -0.188 0.5108 0.8389
vn -0.1229 0.3118 0.9422
vn -0.028 -0.0036 0.9996
vn 0.0956 -0.4424 0.8917
vn 0.2304 -0.8213 0.522
vn 0.3046 -0.9513 0.0464
vn 0.312 -0.9071 -0.2825
vn 0.3541 -0.8033 -0.4789
vn -0.4001 0.5338 0.745
vn -0.3368 0.4642 0.8192
vn -0.2636 0.3686 0.8914
vn -0.1666 0.2256 0.9599
vn -0.0139 -0.0177 0.9997
vn 0.2256 -0.4317 0.8734
vn 0.4674 -0.7942 0.3884
vn 0.5337 -0.8238 -0.1913
vn 0.4882 -0.7175 -0.4968
vn 0.4952 -0.585 -0.6424
vn -0.4922 0.2778 0.825
vn -0.4147 0.2424 0.8771
vn -0.325 0.194 0.9256
vn -0.2049 0.1209 0.9713
vn -0.003 -0.0115 0.9999
vn 0.3964 -0.2944 0.8696
vn 0.7975 -0.556 0.2342
vn 0.7634 -0.4936 -0.4166
vn 0.6369 -0.3981 -0.6602
vn 0.5995 -0.3035 -0.7406
vn 0.1269 -0.02 0.9917
vn 0.1285 0 0.9917
vn 0 0 1
vn 0.412 -0.0648 0.9089
vn 0.4172 -0 0.9088
vn 0.8852 -0.1396 0.4438
vn 0.8961 -0 0.4438
vn 0.963 -0 -0.2694
vn 0.9511 -0.1501 -0.2698
vn 0.7928 -0.125 -0.5965
vn 0.8029 0 -0.5962
vn 0.7369 -0.1163 -0.6659
vn 0.7463 0 -0.6656
vn 0.784 -0 -0.6207
vn 0.7741 -0.1223 -0.6211
vn 0.9169 -0 -0.3992
vn 0.9055 -0.1434 -0.3993
vn 0.9816 0 0.1907
vn 0.9696 -0.1535 0.1907
vn 0.6594 0 0.7518
vn 0.651 -0.1033 0.752
vn 0.122 -0.0396 0.9917
vn 0.3963 -0.1286 0.9091
vn 0.852 -0.2768 0.4444
vn 0.9157 -0.2975 -0.2701
vn 0.7629 -0.2478 -0.5971
vn 0.709 -0.2305 -0.6665
vn 0.7448 -0.2423 -0.6218
vn 0.8714 -0.2837 -0.4002
vn 0.9333 -0.3042 0.1907
vn 0.6262 -0.2044 0.7524
vn 0.1141 -0.0582 0.9918
vn 0.3708 -0.1889 0.9093
vn 0.798 -0.407 0.4445
vn 0.8576 -0.4374 -0.2705
vn 0.7141 -0.3642 -0.5978
vn 0.6635 -0.3386 -0.6672
vn 0.697 -0.356 -0.6224
vn 0.8158 -0.4169 -0.4009
vn 0.874 -0.4469 0.1905
vn 0.5862 -0.3 0.7526
vn 0.1035 -0.0752 0.9918
vn 0.3363 -0.2444 0.9095
vn 0.7244 -0.5266 0.4449
vn 0.7786 -0.5661 -0.2708
vn 0.6482 -0.4712 -0.5982
vn 0.6022 -0.4378 -0.6677
vn 0.6327 -0.4602 -0.6229
vn 0.7406 -0.5389 -0.4013
vn 0.7937 -0.5777 0.1905
vn 0.5321 -0.3874 0.7528
vn 0.0904 -0.0904 0.9918
vn 0.2939 -0.2939 0.9095
vn 0.6333 -0.6333 0.4447
vn 0.6806 -0.6806 -0.271
vn 0.5666 -0.5666 -0.5984
vn 0.5263 -0.5263 -0.6678
vn 0.5531 -0.553 -0.6231
vn 0.6477 -0.6476 -0.4014
vn 0.6942 -0.6942 0.1905
vn 0.4654 -0.4654 0.7528
vn 0.0752 -0.1035 0.9918
vn 0.2444 -0.3363 0.9095
vn 0.5266 -0.7244 0.4449
vn 0.5661 -0.7786 -0.2708
vn 0.4712 -0.6481 -0.5982
vn 0.4378 -0.6022 -0.6676
vn 0.4602 -0.6327 -0.6229
vn 0.5389 -0.7406 -0.4013
vn 0.5777 -0.7937 0.1905
vn 0.3874 -0.5321 0.7528
vn 0.0582 -0.1141 0.9918
vn 0.1889 -0.3708 0.9093
vn 0.4069 -0.798 0.4445
vn 0.4374 -0.8576 -0.2705
vn 0.3642 -0.7141 -0.5978
vn 0.3385 -0.6635 -0.6672
vn 0.3555 -0.6972 -0.6225
vn 0.4169 -0.8158 -0.4009
vn 0.4469 -0.874 0.1905
vn 0.3 -0.5862 0.7526
vn 0.0396 -0.122 0.9917
vn 0.1286 -0.3963 0.9091
vn 0.2769 -0.8521 0.4442
vn 0.2975 -0.9157 -0.2701
vn 0.2478 -0.7629 -0.5971
vn 0.2305 -0.709 -0.6665
vn 0.2423 -0.7448 -0.6218
vn 0.2837 -0.8714 -0.4002
vn 0.3042 -0.9333 0.1907
vn 0.2044 -0.6262 0.7524
vn 0.02 -0.1269 0.9917
vn 0.0649 -0.4119 0.9089
vn 0.1397 -0.8851 0.444
vn 0.1501 -0.9511 -0.2698
vn 0.125 -0.7928 -0.5965
vn 0.1163 -0.7369 -0.6659
vn 0.1223 -0.7741 -0.6211
vn 0.1432 -0.9055 -0.3995
vn 0.1535 -0.9696 0.1907
vn 0.1032 -0.651 0.752
vn 0 -0.1285 0.9917
vn -0 -0.4172 0.9088
vn -0 -0.8961 0.4439
vn -0 -0.9629 -0.2697
vn 0 -0.8029 -0.5962
vn 0 -0.7463 -0.6656
vn -0 -0.784 -0.6207
vn -0 -0.9169 -0.3991
vn 0 -0.9816 0.1909
vn 0 -0.6593 0.7518
vn -0.02 -0.1269 0.9917
vn -0.0649 -0.412 0.9089
vn -0.1397 -0.8852 0.4438
vn -0.1501 -0.9511 -0.2698
vn -0.125 -0.7928 -0.5965
vn -0.1163 -0.7369 -0.6659
vn -0.1223 -0.7741 -0.6211
vn -0.1435 -0.9056 -0.3992
vn -0.1535 -0.9696 0.1907
vn -0.1032 -0.651 0.752
vn -0.0396 -0.122 0.9917
vn -0.1286 -0.3963 0.9091
vn -0.2768 -0.852 0.4444
vn -0.2975 -0.9157 -0.2701
vn -0.2478 -0.7629 -0.5971
vn -0.2305 -0.709 -0.6665
vn -0.2423 -0.7448 -0.6218
vn -0.2837 -0.8714 -0.4002
vn -0.3042 -0.9333 0.191
vn -0.2044 -0.6262 0.7524
vn -0.0582 -0.1141 0.9918
vn -0.1889 -0.3708 0.9093
vn -0.407 -0.798 0.4445
vn -0.4374 -0.8576 -0.2705
vn -0.3642 -0.7141 -0.5978
vn -0.3386 -0.6635 -0.6672
vn -0.3557 -0.6972 -0.6224
vn -0.4169 -0.8158 -0.4009
vn -0.4469 -0.874 0.1905
vn -0.3 -0.5862 0.7526
vn -0.0752 -0.1035 0.9918
vn -0.2444 -0.3363 0.9095
vn -0.5266 -0.7244 0.4449
vn -0.5661 -0.7786 -0.2708
vn -0.4712 -0.6481 -0.5982
vn -0.4378 -0.6022 -0.6677
vn -0.4602 -0.6327 -0.6229
vn -0.5389 -0.7406 -0.4013
vn -0.5777 -0.7937 0.1905
vn -0.3874 -0.5321 0.7528
vn -0.0904 -0.0904 0.9918
vn -0.2939 -0.2939 0.9095
vn -0.6333 -0.6333 0.4447
vn -0.6806 -0.6806 -0.271
vn -0.5666 -0.5666 -0.5984
vn -0.5263 -0.5263 -0.6678
vn -0.553 -0.5531 -0.6231
vn -0.6476 -0.6477 -0.4014
vn -0.6942 -0.6942 0.1905
vn -0.4654 -0.4654 0.7528
vn -0.1035 -0.0752 0.9918
vn -0.3363 -0.2444 0.9095
vn -0.7244 -0.5266 0.4449
vn -0.7786 -0.5661 -0.2708
vn -0.6481 -0.4712 -0.5982
vn -0.6022 -0.4378 -0.6676
vn -0.6327 -0.4602 -0.6229
vn -0.7406 -0.5389 -0.4013
vn -0.7937 -0.5777 0.1905
vn -0.5321 -0.3874 0.7528
vn -0.1141 -0.0582 0.9918
vn -0.3708 -0.1889 0.9093
vn -0.798 -0.4069 0.4445
vn -0.8576 -0.4374 -0.2705
vn -0.7141 -0.3642 -0.5978
vn -0.6635 -0.3385 -0.6672
vn -0.6972 -0.3556 -0.6225
vn -0.8158 -0.4169 -0.4009
vn -0.874 -0.4469 0.1905
vn -0.5862 -0.3 0.7526
vn -0.122 -0.0396 0.9917
vn -0.3963 -0.1286 0.9091
vn -0.8521 -0.2769 0.4442
vn -0.9157 -0.2975 -0.2701
vn -0.7629 -0.2478 -0.5971
vn -0.709 -0.2305 -0.6665
vn -0.7448 -0.2423 -0.6218
vn -0.8714 -0.2837 -0.4002
vn -0.9333 -0.3042 0.1907
vn -0.6262 -0.2044 0.7524
vn -0.1269 -0.02 0.9917
vn -0.4119 -0.0649 0.9089
vn -0.8851 -0.1397 0.444
vn -0.9511 -0.1501 -0.2698
vn -0.7928 -0.125 -0.5965
vn -0.7369 -0.1163 -0.6659
vn -0.7741 -0.1223 -0.6211
vn -0.9055 -0.1432 -0.3995
vn -0.9696 -0.1535 0.1907
vn -0.651 -0.1032 0.752
vn -0.1285 0 0.9917
vn -0.4172 0 0.9088
vn -0.8961 0 0.4439
vn -0.9629 0 -0.2697
vn -0.8029 0 -0.5962
vn -0.7463 0 -0.6656
vn -0.784 0 -0.6207
vn -0.9169 -0 -0.3991
vn -0.9816 0 0.1909
vn -0.6593 0 0.7518
vn -0.1269 0.02 0.9917
vn -0.412 0.0649 0.9089
vn -0.8852 0.1397 0.4438
vn -0.9511 0.1501 -0.2698
vn -0.7928 0.125 -0.5965
vn -0.7369 0.1163 -0.6659
vn -0.7741 0.1223 -0.6211
vn -0.9055 0.1432 -0.3995
vn -0.9696 0.1535 0.1907
vn -0.651 0.1032 0.752
vn -0.122 0.0396 0.9917
vn -0.3963 0.1286 0.9091
vn -0.852 0.2768 0.4444
vn -0.9157 0.2975 -0.2701
vn -0.7629 0.2478 -0.5971
vn -0.709 0.2305 -0.6665
vn -0.7448 0.2423 -0.6218
vn -0.8714 0.2837 -0.4002
vn -0.9333 0.3042 0.1907
vn -0.6262 0.2044 0.7524
vn -0.1141 0.0582 0.9918
vn -0.3708 0.1889 0.9093
vn -0.798 0.407 0.4445
vn -0.8576 0.4374 -0.2705
vn -0.7141 0.3642 -0.5978
vn -0.6635 0.3386 -0.6672
vn -0.697 0.356 -0.6224
vn -0.8158 0.4169 -0.4009
vn -0.874 0.4469 0.1905
vn -0.5862 0.3 0.7526
vn -0.1035 0.0752 0.9918
vn -0.3363 0.2444 0.9095
vn -0.7244 0.5266 0.4449
vn -0.7786 0.5661 -0.2708
vn -0.6482 0.4712 -0.5982
vn -0.6022 0.4378 -0.6677
vn -0.6327 0.4602 -0.6229
vn -0.7406 0.5389 -0.4013
vn -0.7937 0.5777 0.1905
vn -0.5321 0.3874 0.7528
vn -0.0904 0.0904 0.9918
vn -0.2939 0.2939 0.9095
vn -0.6333 0.6333 0.4447
vn -0.6806 0.6806 -0.271
vn -0.5666 0.5666 -0.5984
vn -0.5263 0.5263 -0.6678
vn -0.5531 0.553 -0.6231
vn -0.6477 0.6476 -0.4014
vn -0.6942 0.6942 0.1905
vn -0.4654 0.4654 0.7528
vn -0.0752 0.1035 0.9918
vn -0.2444 0.3363 0.9095
vn -0.5266 0.7244 0.4449
vn -0.5661 0.7786 -0.2708
vn -0.4712 0.6481 -0.5982
vn -0.4378 0.6022 -0.6676
vn -0.4602 0.6327 -0.6229
vn -0.5389 0.7406 -0.4013
vn -0.5777 0.7937 0.1905
vn -0.3874 0.5321 0.7528
vn -0.0582 0.1141 0.9918
vn -0.1889 0.3708 0.9093
vn -0.4069 0.798 0.4445
vn -0.4374 0.8576 -0.2705
vn -0.3642 0.7141 -0.5978
vn -0.3385 0.6635 -0.6672
vn -0.3555 0.6972 -0.6225
vn -0.4169 0.8158 -0.4009
vn -0.4469 0.874 0.1905
vn -0.3 0.5862 0.7526
vn -0.0396 0.122 0.9917
vn -0.1286 0.3963 0.9091
vn -0.2769 0.8521 0.4442
vn -0.2975 0.9157 -0.2701
vn -0.2478 0.7629 -0.5971
vn -0.2305 0.709 -0.6665
vn -0.2423 0.7448 -0.6218
vn -0.2837 0.8714 -0.4002
vn -0.3042 0.9333 0.1907
vn -0.2044 0.6262 0.7524
vn -0.02 0.1269 0.9917
vn -0.0649 0.4119 0.9089
vn -0.1397 0.8851 0.444
vn -0.1501 0.9511 -0.2698
vn -0.125 0.7928 -0.5965
vn -0.1163 0.7369 -0.6659
vn -0.1223 0.7741 -0.6211
vn -0.1432 0.9055 -0.3995
vn -0.1535 0.9696 0.1907
vn -0.1032 0.651 0.752
vn 0 0.1285 0.9917
vn 0 0.4172 0.9088
vn 0 0.8961 0.4439
vn 0 0.9629 -0.2697
vn 0 0.8029 -0.5962
vn 0 0.7463 -0.6656
vn 0 0.784 -0.6207
vn 0 0.9169 -0.3991
vn 0 0.9816 0.1909
vn 0 0.6593 0.7518
vn 0.02 0.1269 0.9917
vn 0.0649 0.412 0.9089
vn 0.1397 0.8852 0.4438
vn 0.1501 0.9511 -0.2698
vn 0.125 0.7928 -0.5965
vn 0.1163 0.7369 -0.6659
vn 0.1223 0.7741 -0.6211
vn 0.1435 0.9056 -0.3992
vn 0.1535 0.9696 0.1907
vn 0.1032 0.651 0.752
vn 0.0396 0.122 0.9917
vn 0.1286 0.3963 0.9091
vn 0.2768 0.852 0.4444
vn 0.2975 0.9157 -0.2701
vn 0.2478 0.7629 -0.5971
vn 0.2305 0.709 -0.6665
vn 0.2423 0.7448 -0.6218
vn 0.2837 0.8714 -0.4002
vn 0.3042 0.9333 0.191
vn 0.2044 0.6262 0.7524
vn 0.0582 0.1141 0.9918
vn 0.1889 0.3708 0.9093
vn 0.407 0.798 0.4445
vn 0.4374 0.8576 -0.2705
vn 0.3642 0.7141 -0.5978
vn 0.3386 0.6635 -0.6672
vn 0.3557 0.6972 -0.6224
vn 0.4169 0.8158 -0.4009
vn 0.4469 0.874 0.1905
vn 0.3 0.5862 0.7526
vn 0.0752 0.1035 0.9918
vn 0.2444 0.3363 0.9095
vn 0.5266 0.7244 0.4449
vn 0.5661 0.7786 -0.2708
vn 0.4712 0.6481 -0.5982
vn 0.4378 0.6022 -0.6677
vn 0.4602 0.6327 -0.6229
vn 0.5389 0.7406 -0.4013
vn 0.5777 0.7937 0.1905
vn 0.3874 0.5321 0.7528
vn 0.0904 0.0904 0.9918
vn 0.2939 0.2939 0.9095
vn 0.6333 0.6333 0.4447
vn 0.6806 0.6806 -0.271
vn 0.5666 0.5666 -0.5984
vn 0.5263 0.5263 -0.6678
vn 0.553 0.5531 -0.6231
vn 0.6476 0.6477 -0.4014
vn 0.6942 0.6942 0.1905
vn 0.4654 0.4654 0.7528
vn 0.1035 0.0752 0.9918
vn 0.3363 0.2444 0.9095
vn 0.7244 0.5266 0.4449
vn 0.7786 0.5661 -0.2708
vn 0.6481 0.4712 -0.5982
vn 0.6022 0.4378 -0.6676
vn 0.6327 0.4602 -0.6229
vn 0.7406 0.5389 -0.4013
vn 0.7937 0.5777 0.1905
vn 0.5321 0.3874 0.7528
vn 0.1141 0.0582 0.9918
vn 0.3708 0.1889 0.9093
vn 0.798 0.4069 0.4445
vn 0.8576 0.4374 -0.2705
vn 0.7141 0.3642 -0.5978
vn 0.6635 0.3385 -0.6672
vn 0.6972 0.3556 -0.6225
vn 0.8158 0.4169 -0.4009
vn 0.874 0.4469 0.1905
vn 0.5862 0.3 0.7526
vn 0.122 0.0396 0.9917
vn 0.3963 0.1286 0.9091
vn 0.8521 0.2769 0.4442
vn 0.9157 0.2975 -0.2701
vn 0.7629 0.2478 -0.5971
vn 0.709 0.2305 -0.6665
vn 0.7448 0.2423 -0.6218
vn 0.8714 0.2837 -0.4002
vn 0.9333 0.3042 0.1907
vn 0.6262 0.2044 0.7524
vn 0.1269 0.02 0.9917
vn 0.412 0.0649 0.9089
vn 0.8851 0.1396 0.444
vn 0.9511 0.1501 -0.2698
vn 0.7928 0.125 -0.5965
vn 0.7369 0.1163 -0.6659
vn 0.7741 0.1223 -0.6211
vn 0.9056 0.1432 -0.3992
vn 0.9696 0.1535 0.1907
vn 0.651 0.1033 0.752
vn 0.3653 -0.058 0.9291
vn 0.3701 -0 0.929
vn 0.2415 -0.0384 0.9697
vn 0.2447 -0 0.9696
vn 0.1837 -0 0.983
vn 0.1813 -0.0288 0.983
vn 0.1541 -0.0245 0.9877
vn 0.1562 -0 0.9877
vn 0.1501 -0.0238 0.9884
vn 0.1521 0 0.9884
vn 0.1714 0 0.9852
vn 0.1691 -0.0268 0.9852
vn 0.2252 0 0.9743
vn 0.2223 -0.0353 0.9743
vn 0.348 -0.0552 0.9358
vn 0.3526 -0 0.9358
vn 0.6754 -0 0.7375
vn 0.6669 -0.1059 0.7376
vn 0.8382 -0.1333 0.5288
vn 0.8489 -0 0.5285
vn 0.3512 -0.1147 0.9292
vn 0.2322 -0.0758 0.9697
vn 0.1743 -0.0569 0.9831
vn 0.1482 -0.0484 0.9878
vn 0.1443 -0.0471 0.9884
vn 0.1626 -0.0531 0.9853
vn 0.2137 -0.0697 0.9744
vn 0.3347 -0.1092 0.936
vn 0.6416 -0.2094 0.7379
vn 0.8065 -0.2635 0.5292
vn 0.3286 -0.1681 0.9294
vn 0.2172 -0.1111 0.9698
vn 0.163 -0.0834 0.9831
vn 0.1386 -0.0709 0.9878
vn 0.135 -0.0691 0.9884
vn 0.1521 -0.0778 0.9853
vn 0.1999 -0.1023 0.9745
vn 0.313 -0.1602 0.9361
vn 0.6004 -0.3072 0.7383
vn 0.755 -0.3865 0.5297
vn 0.2982 -0.2172 0.9295
vn 0.1971 -0.1435 0.9698
vn 0.1479 -0.1077 0.9831
vn 0.1258 -0.0916 0.9878
vn 0.1225 -0.0892 0.9885
vn 0.138 -0.1005 0.9853
vn 0.1814 -0.1321 0.9745
vn 0.284 -0.2069 0.9362
vn 0.5449 -0.3969 0.7386
vn 0.6854 -0.4993 0.53
vn 0.2608 -0.2608 0.9295
vn 0.1723 -0.1723 0.9698
vn 0.1294 -0.1294 0.9831
vn 0.11 -0.11 0.9878
vn 0.1071 -0.1071 0.9885
vn 0.1207 -0.1207 0.9853
vn 0.1586 -0.1586 0.9745
vn 0.2484 -0.2484 0.9363
vn 0.4766 -0.4766 0.7387
vn 0.5996 -0.5996 0.5301
vn 0.2172 -0.2982 0.9295
vn 0.1435 -0.1971 0.9698
vn 0.1077 -0.1479 0.9831
vn 0.0916 -0.1258 0.9878
vn 0.0892 -0.1225 0.9885
vn 0.1005 -0.138 0.9853
vn 0.1321 -0.1814 0.9745
vn 0.2069 -0.284 0.9362
vn 0.3969 -0.5449 0.7386
vn 0.4993 -0.6854 0.53
vn 0.1681 -0.3286 0.9294
vn 0.1111 -0.2172 0.9698
vn 0.0834 -0.163 0.9831
vn 0.0709 -0.1386 0.9878
vn 0.0691 -0.135 0.9884
vn 0.0778 -0.1521 0.9853
vn 0.1023 -0.1999 0.9745
vn 0.1602 -0.313 0.9361
vn 0.3072 -0.6004 0.7383
vn 0.3865 -0.755 0.5297
vn 0.1147 -0.3512 0.9292
vn 0.0758 -0.2322 0.9697
vn 0.0569 -0.1743 0.9831
vn 0.0484 -0.1482 0.9878
vn 0.0471 -0.1443 0.9884
vn 0.0531 -0.1626 0.9853
vn 0.0697 -0.2137 0.9744
vn 0.1092 -0.3347 0.936
vn 0.2094 -0.6416 0.7379
vn 0.2635 -0.8065 0.5292
vn 0.058 -0.3653 0.9291
vn 0.0383 -0.2415 0.9697
vn 0.0288 -0.1813 0.983
vn 0.0245 -0.1541 0.9877
vn 0.0238 -0.1501 0.9884
vn 0.0268 -0.1691 0.9852
vn 0.0353 -0.2223 0.9743
vn 0.0552 -0.348 0.9358
vn 0.1059 -0.6669 0.7376
vn 0.1333 -0.8382 0.5288
vn 0 -0.3701 0.929
vn 0 -0.2447 0.9696
vn 0 -0.1837 0.983
vn 0 -0.1562 0.9877
vn 0 -0.1521 0.9884
vn 0 -0.1714 0.9852
vn 0 -0.2252 0.9743
vn 0 -0.3526 0.9358
vn 0 -0.6754 0.7375
vn 0 -0.8489 0.5285
vn -0.058 -0.3653 0.9291
vn -0.0384 -0.2415 0.9697
vn -0.0288 -0.1813 0.983
vn -0.0245 -0.1541 0.9877
vn -0.0238 -0.1501 0.9884
vn -0.0268 -0.1691 0.9852
vn -0.0353 -0.2223 0.9743
vn -0.0552 -0.348 0.9358
vn -0.1059 -0.6669 0.7376
vn -0.1333 -0.8382 0.5288
vn -0.1147 -0.3512 0.9292
vn -0.0758 -0.2322 0.9697
vn -0.0569 -0.1743 0.9831
vn -0.0484 -0.1482 0.9878
vn -0.0471 -0.1443 0.9884
vn -0.0531 -0.1626 0.9853
vn -0.0697 -0.2137 0.9744
vn -0.1092 -0.3347 0.936
vn -0.2094 -0.6416 0.7379
vn -0.2635 -0.8065 0.5292
vn -0.1681 -0.3286 0.9294
vn -0.1111 -0.2172 0.9698
vn -0.0834 -0.163 0.9831
vn -0.0709 -0.1386 0.9878
vn -0.0691 -0.135 0.9884
vn -0.0778 -0.1521 0.9853
vn -0.1023 -0.1999 0.9745
vn -0.1602 -0.313 0.9361
vn -0.3072 -0.6004 0.7383
vn -0.3865 -0.755 0.5297
vn -0.2172 -0.2982 0.9295
vn -0.1435 -0.1971 0.9698
vn -0.1077 -0.1479 0.9831
vn -0.0916 -0.1258 0.9878
vn -0.0892 -0.1225 0.9885
vn -0.1005 -0.138 0.9853
vn -0.1321 -0.1814 0.9745
vn -0.2069 -0.284 0.9362
vn -0.3969 -0.5449 0.7386
vn -0.4993 -0.6854 0.53
vn -0.2608 -0.2608 0.9295
vn -0.1724 -0.1723 0.9698
vn -0.1294 -0.1294 0.9831
vn -0.11 -0.11 0.9878
vn -0.1071 -0.1071 0.9885
vn -0.1207 -0.1207 0.9853
vn -0.1586 -0.1586 0.9745
vn -0.2484 -0.2484 0.9363
vn -0.4766 -0.4766 0.7387
vn -0.5996 -0.5996 0.5301
vn -0.2982 -0.2172 0.9295
vn -0.1971 -0.1435 0.9698
vn -0.1479 -0.1077 0.9831
vn -0.1258 -0.0916 0.9878
vn -0.1225 -0.0892 0.9885
vn -0.138 -0.1005 0.9853
vn -0.1814 -0.1321 0.9745
vn -0.284 -0.2069 0.9362
vn -0.5449 -0.3969 0.7386
vn -0.6854 -0.4993 0.53
vn -0.3286 -0.1681 0.9294
vn -0.2172 -0.1111 0.9698
vn -0.163 -0.0834 0.9831
vn -0.1386 -0.0709 0.9878
vn -0.135 -0.0691 0.9884
vn -0.1521 -0.0778 0.9853
vn -0.1999 -0.1023 0.9745
vn -0.313 -0.1602 0.9361
vn -0.6004 -0.3072 0.7383
vn -0.755 -0.3865 0.5297
vn -0.3512 -0.1147 0.9292
vn -0.2322 -0.0758 0.9697
vn -0.1743 -0.0569 0.9831
vn -0.1482 -0.0484 0.9878
vn -0.1443 -0.0471 0.9884
vn -0.1626 -0.0531 0.9853
vn -0.2137 -0.0697 0.9744
vn -0.3347 -0.1092 0.936
vn -0.6416 -0.2094 0.7379
vn -0.8065 -0.2635 0.5292
vn -0.3653 -0.058 0.9291
vn -0.2415 -0.0384 0.9697
vn -0.1813 -0.0288 0.983
vn -0.1541 -0.0245 0.9877
vn -0.1501 -0.0238 0.9884
vn -0.1691 -0.0268 0.9852
vn -0.2223 -0.0353 0.9743
vn -0.348 -0.0552 0.9358
vn -0.6669 -0.1059 0.7376
vn -0.8382 -0.1333 0.5288
vn -0.3701 -0 0.929
vn -0.2447 -0 0.9696
vn -0.1837 -0 0.983
vn -0.1562 -0 0.9877
vn -0.1521 -0 0.9884
vn -0.1714 -0 0.9852
vn -0.2252 -0 0.9743
vn -0.3526 -0 0.9358
vn -0.6754 -0 0.7375
vn -0.8489 -0 0.5285
vn -0.3653 0.058 0.9291
vn -0.2415 0.0384 0.9697
vn -0.1813 0.0288 0.983
vn -0.1541 0.0245 0.9877
vn -0.1501 0.0238 0.9884
vn -0.1691 0.0268 0.9852
vn -0.2223 0.0353 0.9743
vn -0.3481 0.0552 0.9358
vn -0.6669 0.1059 0.7376
vn -0.8382 0.1333 0.5288
vn -0.3512 0.1147 0.9292
vn -0.2322 0.0758 0.9697
vn -0.1743 0.0569 0.9831
vn -0.1482 0.0484 0.9878
vn -0.1443 0.0471 0.9884
vn -0.1626 0.0531 0.9853
vn -0.2137 0.0697 0.9744
vn -0.3347 0.1092 0.936
vn -0.6416 0.2094 0.7379
vn -0.8065 0.2635 0.5292
vn -0.3286 0.1681 0.9294
vn -0.2172 0.1111 0.9698
vn -0.163 0.0834 0.9831
vn -0.1386 0.0709 0.9878
vn -0.135 0.0691 0.9884
vn -0.1521 0.0778 0.9853
vn -0.1999 0.1023 0.9745
vn -0.313 0.1602 0.9361
vn -0.6004 0.3072 0.7383
vn -0.755 0.3865 0.5297
vn -0.2982 0.2172 0.9295
vn -0.1971 0.1435 0.9698
vn -0.1479 0.1077 0.9831
vn -0.1258 0.0916 0.9878
vn -0.1225 0.0892 0.9885
vn -0.138 0.1005 0.9853
vn -0.1814 0.1321 0.9745
vn -0.284 0.2069 0.9362
vn -0.5449 0.3969 0.7386
vn -0.6854 0.4993 0.53
vn -0.2608 0.2608 0.9295
vn -0.1723 0.1723 0.9698
vn -0.1294 0.1294 0.9831
vn -0.11 0.11 0.9878
vn -0.1071 0.1071 0.9885
vn -0.1207 0.1207 0.9853
vn -0.1586 0.1586 0.9745
vn -0.2484 0.2484 0.9363
vn -0.4766 0.4766 0.7387
vn -0.5996 0.5996 0.5301
vn -0.2172 0.2982 0.9295
vn -0.1435 0.1971 0.9698
vn -0.1077 0.1479 0.9831
vn -0.0916 0.1258 0.9878
vn -0.0892 0.1225 0.9885
vn -0.1005 0.138 0.9853
vn -0.1321 0.1814 0.9745
vn -0.2069 0.284 0.9362
vn -0.3969 0.5449 0.7386
vn -0.4993 0.6854 0.53
vn -0.1681 0.3286 0.9294
vn -0.1111 0.2172 0.9698
vn -0.0834 0.163 0.9831
vn -0.0709 0.1386 0.9878
vn -0.0691 0.135 0.9884
vn -0.0778 0.1521 0.9853
vn -0.1023 0.1999 0.9745
vn -0.1602 0.313 0.9361
vn -0.3072 0.6004 0.7383
vn -0.3865 0.755 0.5297
vn -0.1147 0.3512 0.9292
vn -0.0758 0.2322 0.9697
vn -0.0569 0.1743 0.9831
vn -0.0484 0.1482 0.9878
vn -0.0471 0.1443 0.9884
vn -0.0531 0.1626 0.9853
vn -0.0697 0.2137 0.9744
vn -0.1092 0.3347 0.936
vn -0.2094 0.6416 0.7379
vn -0.2635 0.8065 0.5292
vn -0.058 0.3653 0.9291
vn -0.0384 0.2415 0.9697
vn -0.0288 0.1813 0.983
vn -0.0245 0.1541 0.9877
vn -0.0238 0.1501 0.9884
vn -0.0268 0.1691 0.9852
vn -0.0353 0.2223 0.9743
vn -0.0552 0.3481 0.9358
vn -0.1059 0.6669 0.7376
vn -0.1333 0.8382 0.5288
vn 0 0.3701 0.929
vn 0 0.2447 0.9696
vn 0 0.1837 0.983
vn 0 0.1562 0.9877
vn 0 0.1521 0.9884
vn 0 0.1714 0.9852
vn 0 0.2252 0.9743
vn 0 0.3526 0.9358
vn 0 0.6754 0.7375
vn 0 0.8489 0.5285
vn 0.058 0.3653 0.9291
vn 0.0384 0.2415 0.9697
vn 0.0288 0.1813 0.983
vn 0.0245 0.1541 0.9877
vn 0.0238 0.1501 0.9884
vn 0.0268 0.1691 0.9852
vn 0.0353 0.2223 0.9743
vn 0.0552 0.3481 0.9358
vn 0.1059 0.6669 0.7376
vn 0.1333 0.8382 0.5288
vn 0.1147 0.3512 0.9292
vn 0.0758 0.2322 0.9697
vn 0.0569 0.1743 0.9831
vn 0.0484 0.1482 0.9878
vn 0.0471 0.1443 0.9884
vn 0.0531 0.1626 0.9853
vn 0.0697 0.2137 0.9744
vn 0.1092 0.3347 0.936
vn 0.2094 0.6416 0.7379
vn 0.2635 0.8065 0.5292
vn 0.1681 0.3286 0.9294
vn 0.1111 0.2172 0.9698
vn 0.0834 0.163 0.9831
vn 0.0709 0.1386 0.9878
vn 0.0691 0.135 0.9884
vn 0.0778 0.1521 0.9853
vn 0.1023 0.1999 0.9745
vn 0.1602 0.313 0.9361
vn 0.3072 0.6004 0.7383
vn 0.3865 0.755 0.5297
vn 0.2172 0.2982 0.9295
vn 0.1435 0.1971 0.9698
vn 0.1077 0.1479 0.9831
vn 0.0916 0.1258 0.9878
vn 0.0892 0.1225 0.9885
vn 0.1005 0.138 0.9853
vn 0.1321 0.1814 0.9745
vn 0.2069 0.284 0.9362
vn 0.3969 0.5449 0.7386
vn 0.4993 0.6854 0.53
vn 0.2608 0.2608 0.9295
vn 0.1724 0.1723 0.9698
vn 0.1294 0.1294 0.9831
vn 0.11 0.11 0.9878
vn 0.1071 0.1071 0.9885
vn 0.1207 0.1207 0.9853
vn 0.1586 0.1586 0.9745
vn 0.2484 0.2484 0.9363
vn 0.4766 0.4766 0.7387
vn 0.5996 0.5996 0.5301
vn 0.2982 0.2172 0.9295
vn 0.1971 0.1435 0.9698
vn 0.1479 0.1077 0.9831
vn 0.1258 0.0916 0.9878
vn 0.1225 0.0892 0.9885
vn 0.138 0.1005 0.9853
vn 0.1814 0.1321 0.9745
vn 0.284 0.2069 0.9362
vn 0.5449 0.3969 0.7386
vn 0.6854 0.4993 0.53
vn 0.3286 0.1681 0.9294
vn 0.2172 0.1111 0.9698
vn 0.163 0.0834 0.9831
vn 0.1386 0.0709 0.9878
vn 0.135 0.0691 0.9884
vn 0.1521 0.0778 0.9853
vn 0.1999 0.1023 0.9745
vn 0.313 0.1602 0.9361
vn 0.6004 0.3072 0.7383
vn 0.755 0.3865 0.5297
vn 0.3512 0.1147 0.9292
vn 0.2322 0.0758 0.9697
vn 0.1743 0.0569 0.9831
vn 0.1482 0.0484 0.9878
vn 0.1443 0.0471 0.9884
vn 0.1626 0.0531 0.9853
vn 0.2137 0.0697 0.9744
vn 0.3347 0.1092 0.936
vn 0.6416 0.2094 0.7379
vn 0.8065 0.2635 0.5292
vn 0.3653 0.058 0.9291
vn 0.2415 0.0384 0.9696
vn 0.1813 0.0288 0.983
vn 0.1541 0.0245 0.9877
vn 0.1501 0.0238 0.9884
vn 0.1691 0.0268 0.9852
vn 0.2223 0.0353 0.9743
vn 0.3481 0.0552 0.9358
vn 0.6669 0.1059 0.7376
vn 0.8382 0.1333 0.5288
vt 0.706407 0.327757
vt 0.706407 0.384329
vt 0.69708 0.383596
vt 0.697119 0.328407
vt 0.690386 0.328879
vt 0.690327 0.38307
vt 0.685665 0.382703
vt 0.685742 0.329204
vt 0.682357 0.38245
vt 0.682458 0.329434
vt 0.679261 0.382221
vt 0.679398 0.329649
vt 0.675559 0.329918
vt 0.67539 0.381936
vt 0.670411 0.38156
vt 0.670611 0.330265
vt 0.664543 0.330692
vt 0.664317 0.381087
vt 0.657184 0.380519
vt 0.657434 0.331192
vt 0.649372 0.331759
vt 0.649115 0.379862
vt 0.698196 0.439235
vt 0.68896 0.43707
vt 0.68228 0.435508
vt 0.677673 0.434427
vt 0.674404 0.433669
vt 0.671339 0.432972
vt 0.667517 0.432097
vt 0.662604 0.430956
vt 0.656596 0.429552
vt 0.649578 0.427887
vt 0.641652 0.42599
vt 0.681787 0.491856
vt 0.672871 0.488237
vt 0.666429 0.485627
vt 0.661991 0.483821
vt 0.658844 0.482546
vt 0.65589 0.481362
vt 0.652206 0.479878
vt 0.64748 0.477965
vt 0.64171 0.475611
vt 0.634976 0.472852
vt 0.627383 0.46972
vt 0.657271 0.54124
vt 0.648945 0.536184
vt 0.642942 0.532535
vt 0.638805 0.530022
vt 0.635876 0.528237
vt 0.633129 0.52657
vt 0.629702 0.524488
vt 0.625305 0.521813
vt 0.619943 0.518542
vt 0.613689 0.514717
vt 0.606642 0.510393
vt 0.624831 0.586112
vt 0.61745 0.579722
vt 0.612133 0.57512
vt 0.608457 0.571939
vt 0.605844 0.569678
vt 0.603388 0.567552
vt 0.600332 0.564908
vt 0.596419 0.561523
vt 0.591641 0.557391
vt 0.586074 0.552576
vt 0.579807 0.547158
vt 0.58509 0.624612
vt 0.578902 0.617107
vt 0.574435 0.611697
vt 0.571357 0.607969
vt 0.569173 0.60533
vt 0.567132 0.602855
vt 0.564581 0.599767
vt 0.561305 0.595806
vt 0.557301 0.590978
vt 0.552618 0.585348
vt 0.547328 0.579008
vt 0.539822 0.655884
vt 0.534974 0.647603
vt 0.531471 0.641622
vt 0.529056 0.637499
vt 0.527345 0.634576
vt 0.525753 0.631831
vt 0.523758 0.628409
vt 0.52119 0.62402
vt 0.518035 0.618664
vt 0.514341 0.612416
vt 0.510152 0.605374
vt 0.490281 0.67959
vt 0.486825 0.670801
vt 0.484327 0.664445
vt 0.4826 0.660061
vt 0.481384 0.656949
vt 0.480255 0.65403
vt 0.478842 0.65039
vt 0.47701 0.645713
vt 0.474759 0.639995
vt 0.472102 0.63332
vt 0.469085 0.625783
vt 0.43741 0.695536
vt 0.435354 0.686472
vt 0.433867 0.679908
vt 0.432836 0.675376
vt 0.432111 0.67216
vt 0.431439 0.669149
vt 0.430599 0.665384
vt 0.429508 0.66054
vt 0.428159 0.654615
vt 0.426564 0.64768
vt 0.424741 0.639837
vt 0.381852 0.703612
vt 0.381183 0.694447
vt 0.380688 0.687803
vt 0.380338 0.683219
vt 0.380087 0.679965
vt 0.379848 0.676919
vt 0.379547 0.673104
vt 0.379158 0.668188
vt 0.378678 0.662153
vt 0.378126 0.655117
vt 0.377494 0.647132
vt 0.321031 0.70367
vt 0.323168 0.694523
vt 0.32478 0.687922
vt 0.325961 0.6834
vt 0.326811 0.680238
vt 0.327441 0.677278
vt 0.327955 0.673517
vt 0.328412 0.668625
vt 0.328853 0.662604
vt 0.329325 0.655488
vt 0.329851 0.647479
vt 0.26406 0.695297
vt 0.268368 0.686387
vt 0.271586 0.680029
vt 0.273893 0.675768
vt 0.275523 0.672897
vt 0.276805 0.670206
vt 0.27801 0.66663
vt 0.279266 0.661845
vt 0.280636 0.65589
vt 0.282157 0.648874
vt 0.283879 0.640933
vt 0.2108 0.679099
vt 0.216747 0.670603
vt 0.221135 0.664615
vt 0.224222 0.6607
vt 0.226349 0.658181
vt 0.228065 0.655825
vt 0.229845 0.652505
vt 0.231866 0.647932
vt 0.234177 0.642166
vt 0.236801 0.635353
vt 0.239768 0.627645
vt 0.161534 0.65518
vt 0.168705 0.647274
vt 0.173936 0.641759
vt 0.177536 0.638217
vt 0.179954 0.636024
vt 0.18195 0.633983
vt 0.184214 0.630967
vt 0.18696 0.626716
vt 0.190209 0.621315
vt 0.19395 0.614912
vt 0.198172 0.607671
vt 0.117086 0.623507
vt 0.125164 0.616425
vt 0.13099 0.611506
vt 0.134929 0.60837
vt 0.137523 0.606453
vt 0.139726 0.604676
vt 0.142415 0.602011
vt 0.145829 0.598227
vt 0.149965 0.59341
vt 0.154756 0.587702
vt 0.160185 0.581199
vt 0.078782 0.584439
vt 0.087473 0.578401
vt 0.093697 0.574191
vt 0.097876 0.571494
vt 0.10062 0.569817
vt 0.103028 0.568261
vt 0.1061 0.565981
vt 0.110109 0.562774
vt 0.115022 0.558698
vt 0.120754 0.553863
vt 0.127204 0.548375
vt 0.04753 0.539234
vt 0.056575 0.534395
vt 0.06305 0.530994
vt 0.067408 0.52878
vt 0.07032 0.527358
vt 0.072956 0.526038
vt 0.076354 0.524197
vt 0.080812 0.521663
vt 0.086295 0.518465
vt 0.092706 0.514673
vt 0.099929 0.510356
vt 0.023853 0.489137
vt 0.033081 0.485633
vt 0.039719 0.483139
vt 0.044231 0.481483
vt 0.047329 0.48038
vt 0.050193 0.479363
vt 0.053848 0.478016
vt 0.058612 0.476208
vt 0.064471 0.473949
vt 0.071321 0.471266
vt 0.079057 0.468206
vt 0.008012 0.435275
vt 0.017349 0.433179
vt 0.024077 0.431687
vt 0.028709 0.430671
vt 0.031963 0.429975
vt 0.035001 0.429336
vt 0.038825 0.428526
vt 0.043773 0.427461
vt 0.049835 0.426136
vt 0.056933 0.424564
vt 0.064959 0.422764
vt 0.000145 0.378443
vt 0.009561 0.377786
vt 0.016383 0.377313
vt 0.021087 0.376991
vt 0.024414 0.376765
vt 0.027513 0.376556
vt 0.031401 0.376293
vt 0.036414 0.375954
vt 0.042561 0.375536
vt 0.049761 0.375044
vt 0.057927 0.374485
vt 0.000296 0.321135
vt 0.009737 0.321904
vt 0.016571 0.322455
vt 0.021289 0.322838
vt 0.024637 0.323104
vt 0.027769 0.323343
vt 0.031685 0.323641
vt 0.036724 0.324035
vt 0.042889 0.324528
vt 0.050105 0.325119
vt 0.058267 0.325802
vt 0.008786 0.265606
vt 0.01812 0.267827
vt 0.024871 0.269429
vt 0.029527 0.270537
vt 0.032831 0.271314
vt 0.035928 0.272029
vt 0.03979 0.272926
vt 0.044755 0.274095
vt 0.050825 0.275532
vt 0.057916 0.277237
vt 0.065924 0.279177
vt 0.02557 0.212459
vt 0.034571 0.216151
vt 0.041072 0.218814
vt 0.045552 0.220655
vt 0.048729 0.221956
vt 0.051709 0.223163
vt 0.055428 0.224677
vt 0.060197 0.226627
vt 0.06602 0.229027
vt 0.072815 0.231838
vt 0.080477 0.235029
vt 0.050549 0.162644
vt 0.058941 0.167788
vt 0.064993 0.171501
vt 0.069163 0.174058
vt 0.072115 0.175873
vt 0.074884 0.177568
vt 0.078338 0.179686
vt 0.082769 0.182407
vt 0.088173 0.185733
vt 0.094475 0.189623
vt 0.101576 0.194018
vt 0.083528 0.117443
vt 0.090957 0.123935
vt 0.096307 0.128609
vt 0.100007 0.131841
vt 0.102636 0.134137
vt 0.105108 0.136296
vt 0.108183 0.138981
vt 0.11212 0.142419
vt 0.116927 0.146615
vt 0.122528 0.151503
vt 0.128832 0.157004
vt 0.123875 0.078736
vt 0.130088 0.086351
vt 0.134574 0.091841
vt 0.137664 0.095624
vt 0.139857 0.098301
vt 0.141906 0.100813
vt 0.144467 0.103945
vt 0.147755 0.107963
vt 0.151775 0.112861
vt 0.156474 0.118571
vt 0.161784 0.125002
vt 0.169792 0.04738
vt 0.174643 0.055778
vt 0.178149 0.061843
vt 0.180565 0.066023
vt 0.182276 0.068987
vt 0.183869 0.07177
vt 0.185864 0.075239
vt 0.188433 0.079689
vt 0.191587 0.085118
vt 0.195282 0.09145
vt 0.19947 0.098588
vt 0.220015 0.023718
vt 0.223453 0.032627
vt 0.225937 0.03907
vt 0.227654 0.043513
vt 0.228863 0.046667
vt 0.229984 0.049625
vt 0.231387 0.053314
vt 0.233208 0.058053
vt 0.235443 0.063846
vt 0.238081 0.070609
vt 0.241077 0.078244
vt 0.273595 0.007947
vt 0.275614 0.017135
vt 0.277072 0.023787
vt 0.278083 0.028379
vt 0.278793 0.031638
vt 0.279449 0.03469
vt 0.28027 0.038505
vt 0.281335 0.043412
vt 0.282651 0.049414
vt 0.284208 0.056438
vt 0.285985 0.06438
vt 0.32991 0.000145
vt 0.330544 0.009475
vt 0.331005 0.016239
vt 0.331322 0.020904
vt 0.331547 0.024203
vt 0.331757 0.027277
vt 0.332019 0.031133
vt 0.332358 0.036103
vt 0.332775 0.042198
vt 0.333263 0.049339
vt 0.333817 0.057436
vt 0.386732 0.00026
vt 0.385976 0.009627
vt 0.385433 0.016408
vt 0.385055 0.02109
vt 0.384793 0.024412
vt 0.384558 0.027522
vt 0.384263 0.031408
vt 0.383874 0.036409
vt 0.383387 0.042529
vt 0.382801 0.049691
vt 0.382124 0.057793
vt 0.441866 0.008628
vt 0.43967 0.0179
vt 0.438085 0.024607
vt 0.436989 0.029232
vt 0.436221 0.032514
vt 0.435513 0.035591
vt 0.434625 0.039427
vt 0.433468 0.044359
vt 0.432044 0.05039
vt 0.430354 0.057435
vt 0.428431 0.065391
vt 0.494689 0.025236
vt 0.491031 0.034185
vt 0.488392 0.04065
vt 0.486567 0.045104
vt 0.485278 0.048262
vt 0.484081 0.051226
vt 0.482581 0.054923
vt 0.480647 0.059666
vt 0.478268 0.065456
vt 0.475479 0.072212
vt 0.472313 0.079831
vt 0.544245 0.049998
vt 0.539141 0.05835
vt 0.535457 0.064372
vt 0.53292 0.068521
vt 0.531118 0.071459
vt 0.529437 0.074214
vt 0.527335 0.077652
vt 0.524634 0.082061
vt 0.521333 0.087438
vt 0.517471 0.09371
vt 0.513107 0.100776
vt 0.589246 0.08273
vt 0.5828 0.090129
vt 0.578158 0.095458
vt 0.574949 0.099142
vt 0.572669 0.101761
vt 0.570524 0.104222
vt 0.567857 0.107285
vt 0.564443 0.111206
vt 0.560275 0.115993
vt 0.555419 0.121571
vt 0.549954 0.127849
vt 0.627818 0.122809
vt 0.62025 0.129003
vt 0.614795 0.133475
vt 0.611036 0.136555
vt 0.608375 0.138741
vt 0.605879 0.140784
vt 0.602765 0.143336
vt 0.598772 0.146615
vt 0.593904 0.150621
vt 0.588228 0.155306
vt 0.581836 0.160597
vt 0.659096 0.16845
vt 0.650746 0.173293
vt 0.644716 0.176791
vt 0.64056 0.179203
vt 0.637613 0.180911
vt 0.634846 0.1825
vt 0.631396 0.184491
vt 0.626971 0.187055
vt 0.621572 0.190203
vt 0.615275 0.19389
vt 0.608176 0.198069
vt 0.682735 0.218398
vt 0.673873 0.221836
vt 0.667464 0.224319
vt 0.663044 0.226036
vt 0.659906 0.227245
vt 0.656963 0.228366
vt 0.653294 0.229769
vt 0.64858 0.23159
vt 0.642816 0.233825
vt 0.636088 0.236462
vt 0.628492 0.239457
vt 0.698532 0.271708
vt 0.689389 0.273734
vt 0.682769 0.275198
vt 0.678199 0.276212
vt 0.674956 0.276926
vt 0.671919 0.277585
vt 0.668122 0.278408
vt 0.663239 0.279478
vt 0.657265 0.280799
vt 0.650275 0.282361
vt 0.64237 0.284145
vt 0.617672 0.377068
vt 0.617973 0.333975
vt 0.590898 0.374642
vt 0.591215 0.335871
vt 0.568374 0.337496
vt 0.568058 0.37256
vt 0.548515 0.37077
vt 0.548825 0.338892
vt 0.532029 0.340094
vt 0.531728 0.369234
vt 0.51724 0.36791
vt 0.517535 0.341134
vt 0.504668 0.366765
vt 0.504959 0.342038
vt 0.49398 0.342829
vt 0.493688 0.365767
vt 0.484012 0.364893
vt 0.484314 0.343527
vt 0.475716 0.344148
vt 0.475383 0.364115
vt 0.610786 0.418304
vt 0.5846 0.411702
vt 0.562304 0.406048
vt 0.543251 0.4012
vt 0.526896 0.397038
vt 0.512789 0.393446
vt 0.500552 0.390333
vt 0.489869 0.387618
vt 0.480459 0.38523
vt 0.472073 0.383107
vt 0.59784 0.457248
vt 0.572862 0.446621
vt 0.551641 0.437557
vt 0.533527 0.429806
vt 0.517992 0.423155
vt 0.5046 0.417421
vt 0.49299 0.412451
vt 0.482858 0.408117
vt 0.47394 0.404305
vt 0.465997 0.400916
vt 0.579226 0.49336
vt 0.556095 0.478942
vt 0.536465 0.466691
vt 0.519722 0.456235
vt 0.50537 0.447268
vt 0.493002 0.439543
vt 0.482283 0.432849
vt 0.472929 0.427012
vt 0.4647 0.421878
vt 0.457376 0.417317
vt 0.555341 0.526014
vt 0.534677 0.508169
vt 0.517134 0.493028
vt 0.502169 0.480118
vt 0.489339 0.469054
vt 0.478281 0.45952
vt 0.468696 0.451258
vt 0.46033 0.444047
vt 0.452963 0.437698
vt 0.446391 0.432034
vt 0.526522 0.554379
vt 0.508903 0.533615
vt 0.493922 0.516003
vt 0.481129 0.500984
vt 0.470154 0.488114
vt 0.460695 0.477022
vt 0.452495 0.467409
vt 0.445343 0.459022
vt 0.439051 0.451641
vt 0.433458 0.445072
vt 0.493555 0.578019
vt 0.479418 0.554905
vt 0.467358 0.535271
vt 0.457038 0.518514
vt 0.448178 0.504142
vt 0.440535 0.491751
vt 0.433908 0.481008
vt 0.428126 0.47163
vt 0.423038 0.463375
vt 0.418512 0.456021
vt 0.457015 0.596471
vt 0.446669 0.571607
vt 0.43781 0.550435
vt 0.430213 0.532337
vt 0.423683 0.516797
vt 0.418049 0.503388
vt 0.413161 0.491754
vt 0.408895 0.481594
vt 0.40514 0.472644
vt 0.4018 0.464665
vt 0.417386 0.609299
vt 0.411047 0.583278
vt 0.405612 0.561062
vt 0.400946 0.54204
vt 0.396935 0.52569
vt 0.393475 0.511573
vt 0.390475 0.499318
vt 0.387858 0.48861
vt 0.385556 0.479172
vt 0.383506 0.470754
vt 0.37502 0.615973
vt 0.372891 0.589357
vt 0.371073 0.566599
vt 0.369522 0.547099
vt 0.368196 0.530332
vt 0.367057 0.515854
vt 0.366073 0.503287
vt 0.365218 0.492311
vt 0.364469 0.482647
vt 0.363804 0.474048
vt 0.332167 0.616173
vt 0.334244 0.589449
vt 0.336071 0.566616
vt 0.337669 0.547062
vt 0.339061 0.530255
vt 0.340274 0.515746
vt 0.341333 0.503153
vt 0.342264 0.492152
vt 0.343084 0.482458
vt 0.343819 0.473814
vt 0.290945 0.609952
vt 0.297135 0.583645
vt 0.302508 0.561238
vt 0.307158 0.542089
vt 0.311176 0.525653
vt 0.314662 0.511479
vt 0.317695 0.499188
vt 0.320349 0.488458
vt 0.322689 0.47901
vt 0.324774 0.470592
vt 0.251667 0.597681
vt 0.261934 0.572384
vt 0.27076 0.550921
vt 0.27835 0.532624
vt 0.284888 0.516948
vt 0.290541 0.503445
vt 0.295452 0.491749
vt 0.299742 0.481547
vt 0.30352 0.472573
vt 0.306883 0.464584
vt 0.214891 0.579567
vt 0.229115 0.555956
vt 0.241242 0.535984
vt 0.251617 0.51899
vt 0.260529 0.504452
vt 0.268217 0.491942
vt 0.274885 0.481114
vt 0.280704 0.471676
vt 0.285825 0.463378
vt 0.290377 0.455999
vt 0.181393 0.55588
vt 0.199271 0.534654
vt 0.214437 0.516723
vt 0.22737 0.50148
vt 0.238454 0.488446
vt 0.248006 0.477236
vt 0.256285 0.467535
vt 0.26351 0.459079
vt 0.269872 0.45164
vt 0.275547 0.445011
vt 0.152194 0.526832
vt 0.173203 0.50871
vt 0.190991 0.493376
vt 0.206139 0.48033
vt 0.219107 0.46917
vt 0.230274 0.459573
vt 0.239945 0.451268
vt 0.248379 0.444035
vt 0.255797 0.43768
vt 0.262398 0.432036
vt 0.127879 0.493287
vt 0.151406 0.478805
vt 0.171334 0.466494
vt 0.188307 0.455991
vt 0.202839 0.446995
vt 0.215353 0.439251
vt 0.22619 0.432547
vt 0.235641 0.426705
vt 0.243955 0.421571
vt 0.251357 0.417008
vt 0.109046 0.455961
vt 0.1344 0.445469
vt 0.155931 0.436497
vt 0.174295 0.428814
vt 0.190034 0.42222
vt 0.203594 0.416538
vt 0.215344 0.411613
vt 0.225596 0.407319
vt 0.234619 0.403542
vt 0.242656 0.400183
vt 0.096152 0.415482
vt 0.122667 0.409189
vt 0.145251 0.403785
vt 0.164548 0.399141
vt 0.181105 0.395147
vt 0.19538 0.3917
vt 0.207757 0.38871
vt 0.21856 0.3861
vt 0.228074 0.383805
vt 0.236554 0.381761
vt 0.089708 0.372287
vt 0.116775 0.370381
vt 0.139862 0.368735
vt 0.159607 0.367313
vt 0.176558 0.366083
vt 0.191176 0.365018
vt 0.203851 0.364091
vt 0.214911 0.36328
vt 0.224642 0.362566
vt 0.233295 0.361929
vt 0.09006 0.328693
vt 0.117118 0.331185
vt 0.140187 0.333312
vt 0.159915 0.33513
vt 0.176851 0.336685
vt 0.191459 0.338021
vt 0.204129 0.339175
vt 0.215189 0.340178
vt 0.224931 0.341057
vt 0.233616 0.341837
vt 0.0971 0.287029
vt 0.123537 0.293757
vt 0.146036 0.299508
vt 0.165255 0.304431
vt 0.181744 0.308649
vt 0.19596 0.312286
vt 0.208285 0.315434
vt 0.219042 0.318177
vt 0.228513 0.320587
vt 0.23695 0.322728
vt 0.110281 0.247726
vt 0.13547 0.25853
vt 0.156863 0.267734
vt 0.175115 0.275596
vt 0.190762 0.282336
vt 0.204246 0.288141
vt 0.21593 0.293167
vt 0.226124 0.297548
vt 0.235094 0.301398
vt 0.24308 0.304819
vt 0.129198 0.211326
vt 0.152493 0.225963
vt 0.172255 0.23839
vt 0.189104 0.248988
vt 0.203541 0.258067
vt 0.215979 0.265884
vt 0.226755 0.272653
vt 0.236155 0.278551
vt 0.244423 0.283735
vt 0.251779 0.288339
vt 0.15344 0.178462
vt 0.174215 0.196559
vt 0.191845 0.211903
vt 0.206879 0.224977
vt 0.219763 0.236173
vt 0.230865 0.245814
vt 0.240485 0.254164
vt 0.248879 0.261446
vt 0.25627 0.267855
vt 0.262862 0.273569
vt 0.182661 0.149974
vt 0.200331 0.171013
vt 0.215348 0.188848
vt 0.228168 0.204044
vt 0.239162 0.217058
vt 0.248636 0.228266
vt 0.256846 0.237973
vt 0.264006 0.246438
vt 0.270304 0.253882
vt 0.275902 0.260506
vt 0.216061 0.126304
vt 0.230183 0.149707
vt 0.242225 0.169572
vt 0.252525 0.186513
vt 0.261366 0.201032
vt 0.268991 0.213542
vt 0.275602 0.22438
vt 0.28137 0.233836
vt 0.286445 0.242155
vt 0.29096 0.249563
vt 0.253056 0.107925
vt 0.263315 0.133081
vt 0.272094 0.154483
vt 0.27962 0.172762
vt 0.286089 0.188444
vt 0.291671 0.201965
vt 0.296515 0.213688
vt 0.300745 0.223921
vt 0.304468 0.232931
vt 0.307782 0.240959
vt 0.293153 0.095292
vt 0.29932 0.121597
vt 0.304606 0.144028
vt 0.309146 0.163212
vt 0.313052 0.179687
vt 0.316425 0.193901
vt 0.319353 0.206231
vt 0.321912 0.216999
vt 0.324164 0.226486
vt 0.326172 0.234944
vt 0.335982 0.088973
vt 0.337836 0.115843
vt 0.339425 0.138776
vt 0.340791 0.158401
vt 0.341968 0.175259
vt 0.342988 0.189805
vt 0.343875 0.202422
vt 0.344651 0.213438
vt 0.345336 0.223133
vt 0.345947 0.231756
vt 0.379251 0.089362
vt 0.376758 0.116238
vt 0.374619 0.139162
vt 0.372783 0.158772
vt 0.371207 0.175615
vt 0.369851 0.190148
vt 0.368679 0.202757
vt 0.367657 0.213769
vt 0.366763 0.223471
vt 0.365968 0.232121
vt 0.420639 0.096369
vt 0.413948 0.122644
vt 0.408219 0.145011
vt 0.403308 0.164121
vt 0.399094 0.180523
vt 0.395458 0.194667
vt 0.392309 0.206933
vt 0.389563 0.217642
vt 0.387149 0.227072
vt 0.385003 0.235475
vt 0.459709 0.109466
vt 0.448971 0.134516
vt 0.439816 0.155793
vt 0.431989 0.173951
vt 0.425274 0.189519
vt 0.419487 0.202938
vt 0.414473 0.214569
vt 0.410102 0.224718
vt 0.406258 0.23365
vt 0.402842 0.241605
vt 0.495917 0.128261
vt 0.481369 0.151442
vt 0.469011 0.171108
vt 0.458466 0.187878
vt 0.449427 0.202249
vt 0.441642 0.214632
vt 0.434898 0.225361
vt 0.429019 0.234722
vt 0.42385 0.242957
vt 0.419259 0.250286
vt 0.528631 0.152353
vt 0.510639 0.173041
vt 0.495378 0.190597
vt 0.482371 0.205568
vt 0.471227 0.2184
vt 0.461628 0.229457
vt 0.453312 0.239039
vt 0.446057 0.247403
vt 0.439671 0.254766
vt 0.433976 0.261335
vt 0.557009 0.181404
vt 0.536086 0.199014
vt 0.518346 0.213979
vt 0.503224 0.226755
vt 0.490271 0.237711
vt 0.479112 0.247153
vt 0.469445 0.255336
vt 0.461013 0.262473
vt 0.453597 0.268751
vt 0.446997 0.274332
vt 0.580611 0.214622
vt 0.557329 0.228711
vt 0.537564 0.240723
vt 0.520703 0.250997
vt 0.506249 0.259816
vt 0.493793 0.267422
vt 0.482999 0.274016
vt 0.47358 0.279771
vt 0.465291 0.284834
vt 0.45791 0.289338
vt 0.59896 0.251429
vt 0.573927 0.26168
vt 0.552625 0.270451
vt 0.534428 0.277971
vt 0.518814 0.284433
vt 0.505348 0.290009
vt 0.493671 0.294848
vt 0.483476 0.299073
vt 0.474499 0.302792
vt 0.466499 0.306103
vt 0.611604 0.291335
vt 0.585418 0.297519
vt 0.563085 0.30282
vt 0.543981 0.307371
vt 0.527572 0.311286
vt 0.513413 0.314667
vt 0.501128 0.317601
vt 0.490398 0.320165
vt 0.480944 0.322421
vt 0.472513 0.324433
vt 0.467965 0.344709
vt 0.467758 0.363403
vt 0.461094 0.345207
vt 0.460947 0.362765
vt 0.454636 0.362174
vt 0.454752 0.345667
vt 0.448805 0.346098
vt 0.448707 0.361621
vt 0.443175 0.361106
vt 0.443263 0.346501
vt 0.43814 0.360639
vt 0.438221 0.346868
vt 0.43383 0.347187
vt 0.433753 0.360234
vt 0.430196 0.359908
vt 0.430271 0.347446
vt 0.427727 0.347632
vt 0.427651 0.359677
vt 0.426269 0.347738
vt 0.426197 0.359548
vt 0.464687 0.381209
vt 0.458087 0.379503
vt 0.451966 0.377922
vt 0.446211 0.376436
vt 0.440837 0.375051
vt 0.435942 0.373792
vt 0.431676 0.372696
vt 0.428215 0.37181
vt 0.425738 0.371179
vt 0.424323 0.370822
vt 0.459012 0.397904
vt 0.45277 0.395206
vt 0.44698 0.392702
vt 0.441531 0.390348
vt 0.436441 0.388151
vt 0.431803 0.386151
vt 0.427758 0.38441
vt 0.424477 0.382999
vt 0.422127 0.381992
vt 0.420785 0.38142
vt 0.450952 0.413285
vt 0.44521 0.409678
vt 0.439877 0.406331
vt 0.434856 0.403181
vt 0.430162 0.400237
vt 0.425882 0.397557
vt 0.42215 0.39522
vt 0.419121 0.393325
vt 0.416952 0.391972
vt 0.415714 0.391201
vt 0.44072 0.427147
vt 0.435609 0.422742
vt 0.430846 0.418638
vt 0.426356 0.414769
vt 0.422156 0.411149
vt 0.418327 0.40785
vt 0.414989 0.404973
vt 0.41228 0.402638
vt 0.41034 0.400966
vt 0.409237 0.400015
vt 0.428522 0.439314
vt 0.424107 0.434168
vt 0.420008 0.429388
vt 0.416151 0.424887
vt 0.412546 0.420679
vt 0.409261 0.416842
vt 0.4064 0.413495
vt 0.404078 0.410779
vt 0.40242 0.408833
vt 0.401474 0.407722
vt 0.414501 0.449558
vt 0.41091 0.443784
vt 0.407577 0.438427
vt 0.404444 0.433386
vt 0.401518 0.428676
vt 0.398855 0.424383
vt 0.396535 0.420639
vt 0.394655 0.417601
vt 0.393312 0.415426
vt 0.392548 0.414182
vt 0.398829 0.457642
vt 0.396165 0.451366
vt 0.393695 0.445545
vt 0.391374 0.440072
vt 0.389209 0.43496
vt 0.38724 0.430304
vt 0.385525 0.426245
vt 0.384137 0.422952
vt 0.383147 0.420595
vt 0.382585 0.419247
vt 0.381672 0.463317
vt 0.380031 0.456674
vt 0.378512 0.450518
vt 0.377086 0.444733
vt 0.375758 0.439336
vt 0.374551 0.434423
vt 0.373501 0.430142
vt 0.372653 0.426671
vt 0.372049 0.424186
vt 0.371707 0.422766
vt 0.363208 0.466296
vt 0.36268 0.459424
vt 0.362195 0.453079
vt 0.36174 0.44713
vt 0.361318 0.441585
vt 0.360935 0.43654
vt 0.360601 0.432148
vt 0.360332 0.428586
vt 0.360139 0.426041
vt 0.360029 0.424582
vt 0.344495 0.466174
vt 0.345104 0.45935
vt 0.34567 0.453028
vt 0.346202 0.447088
vt 0.346698 0.441546
vt 0.347149 0.436503
vt 0.347541 0.432109
vt 0.347858 0.428547
vt 0.348082 0.425998
vt 0.348207 0.424541
vt 0.326642 0.463179
vt 0.328323 0.456556
vt 0.329883 0.450415
vt 0.331352 0.444641
vt 0.332721 0.439251
vt 0.333967 0.434342
vt 0.335053 0.430065
vt 0.335931 0.426595
vt 0.336557 0.424113
vt 0.336911 0.422694
vt 0.309873 0.457561
vt 0.312556 0.451287
vt 0.315046 0.44547
vt 0.317389 0.439997
vt 0.319576 0.434886
vt 0.321568 0.43023
vt 0.323303 0.42617
vt 0.32471 0.422878
vt 0.325714 0.42052
vt 0.326284 0.419174
vt 0.294402 0.449531
vt 0.298004 0.443752
vt 0.301348 0.438388
vt 0.304495 0.433339
vt 0.307436 0.428621
vt 0.310116 0.424321
vt 0.312452 0.420572
vt 0.314346 0.41753
vt 0.315698 0.415353
vt 0.316469 0.41411
vt 0.280442 0.439296
vt 0.284855 0.434147
vt 0.288966 0.429352
vt 0.292842 0.424834
vt 0.296468 0.42061
vt 0.299773 0.416761
vt 0.302654 0.413407
vt 0.304992 0.410686
vt 0.306667 0.408737
vt 0.30762 0.407629
vt 0.268181 0.427059
vt 0.273348 0.42261
vt 0.278145 0.418483
vt 0.282663 0.414602
vt 0.286885 0.410976
vt 0.290734 0.407674
vt 0.294091 0.404798
vt 0.296815 0.402466
vt 0.298766 0.4008
vt 0.29988 0.39985
vt 0.257859 0.412967
vt 0.263665 0.409351
vt 0.269049 0.405998
vt 0.274114 0.402847
vt 0.278846 0.399906
vt 0.283156 0.39723
vt 0.286914 0.3949
vt 0.289963 0.393012
vt 0.292146 0.391664
vt 0.293394 0.390897
vt 0.249727 0.397198
vt 0.256041 0.394522
vt 0.261895 0.392043
vt 0.267398 0.389713
vt 0.272535 0.387541
vt 0.277212 0.385566
vt 0.281288 0.383847
vt 0.284594 0.382455
vt 0.28696 0.381463
vt 0.288313 0.3809
vt 0.24404 0.37993
vt 0.250725 0.378292
vt 0.256915 0.376776
vt 0.26273 0.375353
vt 0.268154 0.374027
vt 0.273089 0.372822
vt 0.277388 0.371774
vt 0.280872 0.370927
vt 0.283366 0.370324
vt 0.284792 0.369982
vt 0.241093 0.361355
vt 0.248002 0.360846
vt 0.254379 0.360376
vt 0.260355 0.359935
vt 0.265923 0.359524
vt 0.270987 0.359151
vt 0.275396 0.358825
vt 0.27897 0.358561
vt 0.281523 0.358373
vt 0.282986 0.358265
vt 0.241287 0.342551
vt 0.248138 0.343191
vt 0.254482 0.343782
vt 0.260443 0.344337
vt 0.266001 0.344852
vt 0.271059 0.345319
vt 0.275465 0.345725
vt 0.279036 0.346051
vt 0.281592 0.346282
vt 0.283052 0.34641
vt 0.244378 0.324642
vt 0.251014 0.326361
vt 0.257167 0.327953
vt 0.262951 0.329449
vt 0.26835 0.330842
vt 0.273266 0.332109
vt 0.27755 0.33321
vt 0.281025 0.334101
vt 0.283511 0.334736
vt 0.284932 0.335093
vt 0.250101 0.307857
vt 0.256373 0.310579
vt 0.26219 0.313102
vt 0.267663 0.315473
vt 0.272774 0.317686
vt 0.277431 0.319699
vt 0.281491 0.321451
vt 0.284784 0.32287
vt 0.287142 0.323883
vt 0.288489 0.324458
vt 0.25823 0.292406
vt 0.263995 0.296043
vt 0.269347 0.299417
vt 0.274387 0.30259
vt 0.279097 0.305555
vt 0.28339 0.308253
vt 0.287134 0.310605
vt 0.290172 0.312511
vt 0.292346 0.313872
vt 0.293588 0.314648
vt 0.268548 0.278497
vt 0.273673 0.282937
vt 0.278447 0.287072
vt 0.282947 0.290969
vt 0.287156 0.294613
vt 0.290993 0.297933
vt 0.294338 0.300828
vt 0.297052 0.303176
vt 0.298995 0.304857
vt 0.300101 0.305814
vt 0.280841 0.266308
vt 0.28526 0.271492
vt 0.289361 0.276305
vt 0.293221 0.280836
vt 0.296827 0.28507
vt 0.300113 0.288929
vt 0.302977 0.292295
vt 0.305299 0.295026
vt 0.306958 0.296982
vt 0.307904 0.298098
vt 0.294962 0.25607
vt 0.298546 0.261882
vt 0.301871 0.267272
vt 0.304998 0.272342
vt 0.307917 0.277079
vt 0.310576 0.281393
vt 0.312891 0.285156
vt 0.314768 0.288208
vt 0.316109 0.290393
vt 0.316872 0.291642
vt 0.310731 0.248023
vt 0.313376 0.254333
vt 0.315829 0.260183
vt 0.318135 0.265683
vt 0.320286 0.270819
vt 0.322244 0.275495
vt 0.323948 0.279569
vt 0.32533 0.282875
vt 0.326314 0.285241
vt 0.326873 0.286594
vt 0.327972 0.242414
vt 0.329584 0.249085
vt 0.331078 0.255264
vt 0.332481 0.26107
vt 0.333788 0.266485
vt 0.334978 0.271414
vt 0.336013 0.275707
vt 0.33685 0.279188
vt 0.337447 0.28168
vt 0.337785 0.283104
vt 0.346499 0.239529
vt 0.346989 0.246419
vt 0.347442 0.252778
vt 0.347868 0.25874
vt 0.348265 0.264296
vt 0.348627 0.269349
vt 0.348942 0.273749
vt 0.349198 0.277317
vt 0.349381 0.279865
vt 0.349486 0.281326
vt 0.365242 0.239765
vt 0.364591 0.246592
vt 0.363989 0.252917
vt 0.363425 0.258859
vt 0.362901 0.264403
vt 0.362426 0.269448
vt 0.362015 0.273842
vt 0.361683 0.277405
vt 0.361449 0.279955
vt 0.361318 0.281412
vt 0.383086 0.242875
vt 0.381363 0.249488
vt 0.379767 0.255619
vt 0.378268 0.261384
vt 0.376871 0.266767
vt 0.375602 0.271669
vt 0.374497 0.275941
vt 0.373604 0.279407
vt 0.372968 0.281887
vt 0.372609 0.283304
vt 0.399808 0.248599
vt 0.39709 0.254848
vt 0.394569 0.260645
vt 0.392199 0.266099
vt 0.389988 0.271195
vt 0.387976 0.275837
vt 0.386224 0.279885
vt 0.384805 0.283169
vt 0.383792 0.285521
vt 0.383217 0.286864
vt 0.415202 0.256712
vt 0.411574 0.262457
vt 0.408207 0.267791
vt 0.40504 0.272814
vt 0.402082 0.27751
vt 0.399387 0.28179
vt 0.397039 0.285523
vt 0.395136 0.288552
vt 0.393777 0.290721
vt 0.393002 0.29196
vt 0.429063 0.267002
vt 0.424636 0.27211
vt 0.420513 0.276869
vt 0.416626 0.281356
vt 0.412991 0.285552
vt 0.409678 0.289378
vt 0.406789 0.292714
vt 0.404446 0.295421
vt 0.402768 0.297359
vt 0.401814 0.298462
vt 0.441214 0.279257
vt 0.436046 0.283663
vt 0.431248 0.287753
vt 0.42673 0.291602
vt 0.422507 0.295199
vt 0.418658 0.298477
vt 0.4153 0.301333
vt 0.412576 0.303649
vt 0.410625 0.305305
vt 0.409511 0.306249
vt 0.451425 0.293331
vt 0.445632 0.296907
vt 0.440259 0.300225
vt 0.435203 0.303345
vt 0.43048 0.306259
vt 0.426177 0.308912
vt 0.422424 0.311223
vt 0.41938 0.313096
vt 0.4172 0.314435
vt 0.415953 0.315196
vt 0.459458 0.309049
vt 0.453168 0.311691
vt 0.447335 0.314141
vt 0.441851 0.316445
vt 0.43673 0.318594
vt 0.432067 0.320549
vt 0.428002 0.322252
vt 0.424705 0.323632
vt 0.422345 0.324616
vt 0.420995 0.325174
vt 0.465067 0.326236
vt 0.458416 0.32785
vt 0.452254 0.329346
vt 0.446464 0.330751
vt 0.441063 0.33206
vt 0.436147 0.333251
vt 0.431864 0.334287
vt 0.428392 0.335126
vt 0.425906 0.335723
vt 0.424485 0.336061
vt 0.425177 0.347817
vt 0.425117 0.359454
vt 0.423897 0.347911
vt 0.423839 0.359338
vt 0.421907 0.359159
vt 0.421965 0.348052
vt 0.418841 0.358874
vt 0.418896 0.348275
vt 0.414272 0.348613
vt 0.414221 0.358446
vt 0.407661 0.357841
vt 0.407706 0.349092
vt 0.398831 0.349741
vt 0.398793 0.357024
vt 0.387278 0.350587
vt 0.387251 0.355963
vt 0.372672 0.354625
vt 0.372687 0.351657
vt 0.354693 0.352979
vt 0.423273 0.37056
vt 0.42203 0.370243
vt 0.420152 0.36976
vt 0.417167 0.368993
vt 0.412669 0.367837
vt 0.406283 0.366197
vt 0.397646 0.363982
vt 0.386405 0.3611
vt 0.372204 0.357463
vt 0.419789 0.380997
vt 0.418611 0.380492
vt 0.416828 0.379723
vt 0.413998 0.378504
vt 0.40973 0.376665
vt 0.403668 0.374054
vt 0.39547 0.370525
vt 0.384798 0.365931
vt 0.371317 0.360131
vt 0.414796 0.390629
vt 0.413709 0.389949
vt 0.412065 0.388918
vt 0.409451 0.387281
vt 0.405511 0.384811
vt 0.399914 0.381304
vt 0.392343 0.376562
vt 0.382488 0.370389
vt 0.370041 0.362593
vt 0.408426 0.399316
vt 0.407454 0.398479
vt 0.405981 0.397209
vt 0.403643 0.395193
vt 0.400118 0.392155
vt 0.395112 0.38784
vt 0.388344 0.382005
vt 0.379535 0.374409
vt 0.368409 0.364813
vt 0.400773 0.406898
vt 0.39994 0.405924
vt 0.398678 0.40445
vt 0.396673 0.402106
vt 0.393649 0.398573
vt 0.389355 0.393553
vt 0.383549 0.386762
vt 0.375993 0.377921
vt 0.366452 0.366753
vt 0.391982 0.413259
vt 0.391308 0.412169
vt 0.390285 0.410518
vt 0.388661 0.407898
vt 0.386212 0.403947
vt 0.382736 0.398335
vt 0.378036 0.390744
vt 0.371922 0.380862
vt 0.364204 0.368376
vt 0.38217 0.418247
vt 0.381674 0.417064
vt 0.380919 0.415276
vt 0.379719 0.412437
vt 0.377911 0.408157
vt 0.375348 0.402079
vt 0.371883 0.393861
vt 0.367378 0.383162
vt 0.361694 0.369646
vt 0.371454 0.421711
vt 0.37115 0.420464
vt 0.370688 0.418579
vt 0.369954 0.415587
vt 0.368849 0.411077
vt 0.367282 0.404676
vt 0.365168 0.39602
vt 0.36242 0.384754
vt 0.358956 0.370525
vt 0.359946 0.423489
vt 0.35985 0.422209
vt 0.359704 0.420276
vt 0.359472 0.417205
vt 0.359124 0.412578
vt 0.358631 0.406009
vt 0.357966 0.397129
vt 0.357104 0.385571
vt 0.356021 0.370975
vt 0.348298 0.42346
vt 0.348411 0.42218
vt 0.348586 0.420246
vt 0.348863 0.417175
vt 0.349281 0.412549
vt 0.349875 0.405981
vt 0.350677 0.397103
vt 0.351724 0.38555
vt 0.353051 0.370962
vt 0.337172 0.421641
vt 0.337486 0.420395
vt 0.337965 0.418513
vt 0.338727 0.415521
vt 0.339876 0.411014
vt 0.341506 0.404616
vt 0.343711 0.395965
vt 0.346583 0.384709
vt 0.350212 0.370495
vt 0.326706 0.418175
vt 0.32721 0.416993
vt 0.327976 0.415205
vt 0.329193 0.412367
vt 0.331027 0.408087
vt 0.333633 0.40201
vt 0.337157 0.393794
vt 0.341745 0.383105
vt 0.347542 0.369609
vt 0.317041 0.413188
vt 0.31772 0.412098
vt 0.318752 0.410448
vt 0.320389 0.407825
vt 0.322858 0.403872
vt 0.326365 0.398259
vt 0.331107 0.390669
vt 0.33728 0.380796
vt 0.345078 0.368334
vt 0.308319 0.406815
vt 0.309158 0.405839
vt 0.310429 0.40436
vt 0.312448 0.402013
vt 0.31549 0.398475
vt 0.31981 0.393454
vt 0.325652 0.386668
vt 0.333254 0.377841
vt 0.342855 0.366702
vt 0.300706 0.399146
vt 0.301683 0.39831
vt 0.30316 0.397042
vt 0.30551 0.39503
vt 0.309051 0.391995
vt 0.314081 0.387688
vt 0.320883 0.381866
vt 0.329736 0.374296
vt 0.340914 0.364744
vt 0.29432 0.390329
vt 0.295414 0.389653
vt 0.297069 0.388626
vt 0.299697 0.386997
vt 0.30366 0.384541
vt 0.309285 0.381055
vt 0.316893 0.376345
vt 0.326791 0.37022
vt 0.339289 0.362494
vt 0.289317 0.380484
vt 0.290504 0.379986
vt 0.292298 0.37923
vt 0.295147 0.378027
vt 0.29944 0.376216
vt 0.305534 0.373648
vt 0.313771 0.370179
vt 0.324488 0.365669
vt 0.338019 0.359982
vt 0.28585 0.369729
vt 0.287101 0.369426
vt 0.288993 0.368965
vt 0.291995 0.368231
vt 0.296518 0.367127
vt 0.302936 0.365562
vt 0.311611 0.36345
vt 0.322896 0.360704
vt 0.33714 0.357241
vt 0.284083 0.358184
vt 0.285367 0.358089
vt 0.287306 0.357946
vt 0.290385 0.357719
vt 0.295024 0.357376
vt 0.301608 0.356891
vt 0.310506 0.356234
vt 0.322081 0.35538
vt 0.336691 0.354304
vt 0.284135 0.346505
vt 0.285418 0.346621
vt 0.287357 0.3468
vt 0.290434 0.347084
vt 0.29507 0.347512
vt 0.301649 0.348118
vt 0.310541 0.348934
vt 0.322107 0.349995
vt 0.336705 0.351332
vt 0.285986 0.335358
vt 0.287233 0.335676
vt 0.289118 0.33616
vt 0.292113 0.336931
vt 0.296626 0.338092
vt 0.303031 0.339737
vt 0.311689 0.34196
vt 0.322954 0.344849
vt 0.337173 0.348492
vt 0.289488 0.324884
vt 0.29067 0.325392
vt 0.292458 0.326164
vt 0.295297 0.32739
vt 0.299578 0.329237
vt 0.305655 0.33186
vt 0.313873 0.335403
vt 0.324564 0.340009
vt 0.338061 0.345821
vt 0.294509 0.315223
vt 0.295598 0.315906
vt 0.297246 0.316943
vt 0.299867 0.318589
vt 0.303816 0.32107
vt 0.309425 0.324593
vt 0.31701 0.329354
vt 0.32688 0.335545
vt 0.339339 0.343357
vt 0.300913 0.306516
vt 0.301887 0.307358
vt 0.303362 0.308634
vt 0.305704 0.31066
vt 0.309235 0.313713
vt 0.314247 0.318046
vt 0.321024 0.323903
vt 0.329841 0.331521
vt 0.340973 0.341135
vt 0.308605 0.298926
vt 0.309438 0.299905
vt 0.310701 0.301386
vt 0.312707 0.303741
vt 0.315731 0.307289
vt 0.320027 0.312329
vt 0.325834 0.319143
vt 0.333391 0.328007
vt 0.342933 0.339195
vt 0.317437 0.292569
vt 0.318109 0.293664
vt 0.31913 0.295321
vt 0.320752 0.297951
vt 0.323197 0.301918
vt 0.326669 0.307549
vt 0.331362 0.315163
vt 0.337471 0.325068
vt 0.345184 0.337572
vt 0.327286 0.287597
vt 0.32778 0.288784
vt 0.328531 0.290578
vt 0.329726 0.293427
vt 0.331525 0.29772
vt 0.334078 0.303814
vt 0.33753 0.312052
vt 0.342023 0.322771
vt 0.347696 0.336304
vt 0.338034 0.284161
vt 0.338335 0.285411
vt 0.338791 0.287301
vt 0.339517 0.2903
vt 0.340611 0.29482
vt 0.342162 0.301234
vt 0.344259 0.309905
vt 0.346988 0.321186
vt 0.350437 0.335427
vt 0.349565 0.282421
vt 0.349657 0.283703
vt 0.349796 0.285638
vt 0.350017 0.288713
vt 0.350351 0.293346
vt 0.350826 0.299922
vt 0.351469 0.308811
vt 0.352309 0.320376
vt 0.353374 0.33498
vt 0.361222 0.282493
vt 0.361104 0.283773
vt 0.360923 0.285708
vt 0.360634 0.288779
vt 0.3602 0.293406
vt 0.359587 0.299975
vt 0.358761 0.308854
vt 0.35769 0.320407
vt 0.356344 0.334996
vt 0.372344 0.284355
vt 0.372025 0.2856
vt 0.371539 0.287481
vt 0.370766 0.290469
vt 0.369602 0.294971
vt 0.367953 0.301364
vt 0.365725 0.310008
vt 0.36283 0.321257
vt 0.359183 0.335465
vt 0.382792 0.287861
vt 0.382284 0.28904
vt 0.381512 0.290824
vt 0.380286 0.293656
vt 0.378438 0.297927
vt 0.375816 0.303991
vt 0.372272 0.312194
vt 0.367664 0.32287
vt 0.361851 0.336354
vt 0.392428 0.292878
vt 0.391745 0.293965
vt 0.39071 0.295609
vt 0.389066 0.298223
vt 0.386587 0.302163
vt 0.383068 0.30776
vt 0.378311 0.315331
vt 0.372123 0.325185
vt 0.364314 0.337631
vt 0.401113 0.299272
vt 0.400272 0.300243
vt 0.398999 0.301715
vt 0.396976 0.304052
vt 0.393928 0.307574
vt 0.389602 0.312576
vt 0.383752 0.31934
vt 0.376141 0.328144
vt 0.366533 0.339265
vt 0.408685 0.306948
vt 0.407708 0.307779
vt 0.40623 0.30904
vt 0.40388 0.311041
vt 0.400338 0.31406
vt 0.395308 0.318347
vt 0.388505 0.324145
vt 0.379651 0.331691
vt 0.368472 0.341223
vt 0.415029 0.31576
vt 0.413936 0.316431
vt 0.412283 0.317451
vt 0.409658 0.31907
vt 0.4057 0.321511
vt 0.40008 0.324977
vt 0.392479 0.329664
vt 0.382587 0.335766
vt 0.370094 0.343473
vt 0.419994 0.325587
vt 0.418809 0.32608
vt 0.41702 0.326831
vt 0.414177 0.328024
vt 0.409893 0.329822
vt 0.40381 0.332373
vt 0.395586 0.335823
vt 0.384882 0.340313
vt 0.371361 0.345983
vt 0.42343 0.336311
vt 0.422182 0.336612
vt 0.420296 0.337069
vt 0.417304 0.337795
vt 0.412793 0.33889
vt 0.40639 0.340443
vt 0.397734 0.342541
vt 0.386467 0.345272
vt 0.372238 0.348722
vt 0.832054 0.146919
vt 0.832054 0.14692
vt 0.832055 0.146919
vt 0.832055 0.146921
vt 0.832056 0.14692
vt 0.832056 0.146923
vt 0.832058 0.146921
vt 0.832057 0.146926
vt 0.832061 0.146923
vt 0.832059 0.14693
vt 0.832065 0.146925
vt 0.832062 0.146937
vt 0.832071 0.146929
vt 0.832056 0.146919
vt 0.832059 0.146919
vt 0.832062 0.146919
vt 0.832067 0.146919
vt 0.832075 0.14692
vt 0.832054 0.146918
vt 0.832055 0.146918
vt 0.832056 0.146918
vt 0.832059 0.146917
vt 0.832062 0.146916
vt 0.832067 0.146914
vt 0.832075 0.146912
vt 0.832057 0.146917
vt 0.832059 0.146915
vt 0.832061 0.146913
vt 0.832066 0.14691
vt 0.832074 0.146906
vt 0.832055 0.146917
vt 0.832056 0.146916
vt 0.832058 0.146914
vt 0.83206 0.146911
vt 0.832064 0.146907
vt 0.832071 0.146901
vt 0.832056 0.146915
vt 0.832057 0.146913
vt 0.832059 0.146909
vt 0.832062 0.146905
vt 0.832067 0.146897
vt 0.832055 0.146916
vt 0.832055 0.146914
vt 0.832056 0.146912
vt 0.832057 0.146908
vt 0.832059 0.146903
vt 0.832062 0.146894
vt 0.832054 0.146916
vt 0.832054 0.146914
vt 0.832054 0.146911
vt 0.832055 0.146907
vt 0.832055 0.146902
vt 0.832057 0.146892
vt 0.832054 0.146917
vt 0.832053 0.146916
vt 0.832053 0.146914
vt 0.832052 0.146911
vt 0.832052 0.146907
vt 0.832051 0.146902
vt 0.83205 0.146892
vt 0.832053 0.146918
vt 0.832053 0.146917
vt 0.832052 0.146916
vt 0.832051 0.146914
vt 0.83205 0.146911
vt 0.832049 0.146908
vt 0.832046 0.146903
vt 0.832042 0.146894
vt 0.832052 0.146917
vt 0.83205 0.146915
vt 0.832048 0.146913
vt 0.832046 0.14691
vt 0.832042 0.146906
vt 0.832035 0.146899
vt 0.832051 0.146917
vt 0.832049 0.146916
vt 0.832047 0.146914
vt 0.832044 0.146912
vt 0.832039 0.146909
vt 0.832031 0.146904
vt 0.832051 0.146918
vt 0.832049 0.146917
vt 0.832047 0.146916
vt 0.832043 0.146915
vt 0.832038 0.146913
vt 0.832029 0.14691
vt 0.832053 0.146919
vt 0.832051 0.146919
vt 0.832049 0.146918
vt 0.832047 0.146918
vt 0.832043 0.146917
vt 0.832038 0.146916
vt 0.832028 0.146915
vt 0.832052 0.146919
vt 0.83205 0.146919
vt 0.832047 0.146919
vt 0.832043 0.146919
vt 0.832038 0.146919
vt 0.832029 0.146921
vt 0.83205 0.14692
vt 0.832048 0.14692
vt 0.832044 0.146921
vt 0.832039 0.146923
vt 0.832031 0.146926
vt 0.832051 0.14692
vt 0.832049 0.146922
vt 0.832046 0.146923
vt 0.832042 0.146926
vt 0.832035 0.146932
vt 0.832053 0.14692
vt 0.832052 0.146921
vt 0.832051 0.146923
vt 0.832049 0.146925
vt 0.832045 0.146929
vt 0.832041 0.146937
vt 0.832053 0.146921
vt 0.832053 0.146923
vt 0.832052 0.146926
vt 0.832051 0.146931
vt 0.832051 0.146939
vt 0.832084 0.146938
vt 0.832069 0.146951
vt 0.832082 0.146978
vt 0.832108 0.146955
vt 0.832108 0.147033
vt 0.832159 0.146991
vt 0.832164 0.147152
vt 0.832267 0.147068
vt 0.832293 0.147422
vt 0.832514 0.147239
vt 0.832601 0.148071
vt 0.833115 0.147645
vt 0.833388 0.149732
vt 0.834674 0.148663
vt 0.835551 0.154299
vt 0.839029 0.151391
vt 0.842116 0.168172
vt 0.85246 0.159241
vt 0.868685 0.224383
vt 0.901314 0.182034
vt 0.832091 0.146923
vt 0.832121 0.14693
vt 0.832182 0.146943
vt 0.832314 0.146971
vt 0.832614 0.147031
vt 0.833347 0.147162
vt 0.835261 0.147457
vt 0.84064 0.148122
vt 0.856981 0.14933
vt 0.907564 0.146298
vt 0.832092 0.14691
vt 0.832123 0.146906
vt 0.832187 0.146899
vt 0.832323 0.146884
vt 0.832636 0.146846
vt 0.833403 0.146738
vt 0.835426 0.1464
vt 0.841182 0.145237
vt 0.858543 0.140686
vt 0.907564 0.120552
vt 0.832089 0.146899
vt 0.832119 0.146887
vt 0.83218 0.146863
vt 0.832312 0.146812
vt 0.832615 0.146695
vt 0.833366 0.146392
vt 0.835382 0.145533
vt 0.841226 0.142819
vt 0.858923 0.13327
vt 0.90723 0.099337
vt 0.832085 0.14689
vt 0.832112 0.146871
vt 0.832167 0.146833
vt 0.832287 0.146752
vt 0.832567 0.146568
vt 0.833273 0.146103
vt 0.835216 0.144793
vt 0.840979 0.140682
vt 0.858585 0.126456
vt 0.906436 0.078841
vt 0.832079 0.146883
vt 0.832101 0.146857
vt 0.832148 0.146807
vt 0.83225 0.146701
vt 0.832493 0.146457
vt 0.833122 0.145839
vt 0.834898 0.144091
vt 0.840294 0.13856
vt 0.856919 0.11947
vt 0.902282 0.056665
vt 0.832071 0.146877
vt 0.832087 0.146847
vt 0.832121 0.146786
vt 0.832198 0.146656
vt 0.832385 0.146358
vt 0.832882 0.145591
vt 0.834323 0.143391
vt 0.838781 0.136347
vt 0.852529 0.112081
vt 0.88979 0.03259
vt 0.832061 0.146873
vt 0.832069 0.146839
vt 0.832086 0.14677
vt 0.832126 0.146623
vt 0.83223 0.146279
vt 0.832514 0.145382
vt 0.83336 0.142772
vt 0.835992 0.13433
vt 0.843864 0.105337
vt 0.863609 0.010624
vt 0.832048 0.146872
vt 0.832045 0.146836
vt 0.832041 0.146765
vt 0.832033 0.146611
vt 0.832019 0.146247
vt 0.831994 0.145288
vt 0.831931 0.142467
vt 0.831669 0.133292
vt 0.830111 0.101887
vt 0.821431 0.000145
vt 0.832033 0.146876
vt 0.832018 0.146843
vt 0.831987 0.146778
vt 0.83192 0.146638
vt 0.831763 0.146307
vt 0.831348 0.145434
vt 0.830127 0.142859
vt 0.82615 0.134462
vt 0.812524 0.105658
vt 0.7692 0.014034
vt 0.832021 0.146885
vt 0.831995 0.14686
vt 0.831942 0.146811
vt 0.831828 0.146708
vt 0.831554 0.146467
vt 0.830827 0.145841
vt 0.828682 0.144007
vt 0.821749 0.137991
vt 0.798459 0.116865
vt 0.725346 0.045605
vt 0.832014 0.146896
vt 0.831982 0.14688
vt 0.831918 0.14685
vt 0.831778 0.146788
vt 0.831446 0.146651
vt 0.830572 0.146304
vt 0.828015 0.145307
vt 0.819814 0.141993
vt 0.792405 0.129687
vt 0.706697 0.08485
vt 0.832011 0.146906
vt 0.831976 0.146899
vt 0.831908 0.146887
vt 0.831759 0.146865
vt 0.831409 0.146821
vt 0.830501 0.14672
vt 0.827885 0.146443
vt 0.81961 0.145429
vt 0.792126 0.140666
vt 0.707064 0.119017
vt 0.83201 0.146916
vt 0.831976 0.146917
vt 0.831908 0.146921
vt 0.831761 0.146933
vt 0.831418 0.146967
vt 0.830542 0.147064
vt 0.828064 0.147332
vt 0.820365 0.148002
vt 0.795057 0.14875
vt 0.717739 0.143945
vt 0.832012 0.146925
vt 0.83198 0.146934
vt 0.831915 0.146952
vt 0.831777 0.146994
vt 0.831458 0.147095
vt 0.83065 0.147347
vt 0.828407 0.148022
vt 0.821576 0.149876
vt 0.799407 0.154471
vt 0.732232 0.161229
vt 0.832016 0.146934
vt 0.831987 0.14695
vt 0.83193 0.146982
vt 0.831808 0.147052
vt 0.831525 0.147212
vt 0.830816 0.147602
vt 0.828876 0.148619
vt 0.823075 0.151421
vt 0.804468 0.159054
vt 0.747559 0.174857
vt 0.832023 0.146943
vt 0.832 0.146965
vt 0.831955 0.14701
vt 0.831856 0.147106
vt 0.831629 0.147324
vt 0.831061 0.14785
vt 0.829519 0.149201
vt 0.824975 0.152917
vt 0.810449 0.163461
vt 0.763739 0.188594
vt 0.832034 0.14695
vt 0.83202 0.146978
vt 0.831991 0.147034
vt 0.83193 0.147153
vt 0.831786 0.147424
vt 0.831425 0.148074
vt 0.830442 0.149742
vt 0.827551 0.154324
vt 0.818129 0.167729
vt 0.783648 0.20495
vt 0.83205 0.146955
vt 0.832048 0.146984
vt 0.832044 0.147046
vt 0.832035 0.147178
vt 0.832011 0.147478
vt 0.831946 0.148199
vt 0.831747 0.15005
vt 0.831101 0.155147
vt 0.828659 0.17051
vt 0.815262 0.222783
vt 0.32489 0.73005
vt 0.380514 0.704092
vt 0.369032 0.775251
vt 0.394021 0.760935
vt 0.385965 0.79259
vt 0.39954 0.78456
vt 0.39401 0.80083
vt 0.401712 0.796165
vt 0.398404 0.80533
vt 0.402673 0.802658
vt 0.400985 0.807974
vt 0.403227 0.806519
vt 0.402505 0.809532
vt 0.403619 0.808788
vt 0.403376 0.810425
vt 0.403906 0.810063
vt 0.403866 0.810927
vt 0.404106 0.810756
vt 0.404122 0.811189
vt 0.404253 0.811114
vt 0.404282 0.811353
vt 0.404352 0.811321
vt 0.427255 0.70396
vt 0.417694 0.759219
vt 0.412771 0.783206
vt 0.409349 0.795161
vt 0.40695 0.801927
vt 0.405473 0.806038
vt 0.404725 0.808517
vt 0.404433 0.809935
vt 0.404359 0.810704
vt 0.404388 0.811111
vt 0.404422 0.811337
vt 0.463355 0.715826
vt 0.436717 0.764557
vt 0.423694 0.785763
vt 0.415843 0.796287
vt 0.410701 0.802314
vt 0.407484 0.806125
vt 0.405721 0.808542
vt 0.404905 0.809973
vt 0.404591 0.810747
vt 0.404502 0.811163
vt 0.40447 0.811382
vt 0.491202 0.733983
vt 0.451274 0.77363
vt 0.432249 0.790469
vt 0.421154 0.798644
vt 0.413911 0.803381
vt 0.409257 0.806587
vt 0.406602 0.80878
vt 0.405303 0.810134
vt 0.404781 0.810861
vt 0.404578 0.811248
vt 0.404492 0.811432
vt 0.512378 0.756425
vt 0.462037 0.785
vt 0.438729 0.796607
vt 0.425389 0.80197
vt 0.416619 0.805086
vt 0.410803 0.807424
vt 0.407364 0.809219
vt 0.405634 0.81038
vt 0.404909 0.811028
vt 0.404612 0.81134
vt 0.404494 0.811474
vt 0.527272 0.78233
vt 0.469357 0.798093
vt 0.443243 0.803938
vt 0.428495 0.80625
vt 0.41873 0.807513
vt 0.412065 0.808709
vt 0.407979 0.809875
vt 0.405877 0.810716
vt 0.404972 0.811209
vt 0.404613 0.811419
vt 0.404489 0.811502
vt 0.535411 0.81127
vt 0.473169 0.812701
vt 0.445658 0.812382
vt 0.430261 0.811465
vt 0.420028 0.810689
vt 0.412898 0.810481
vt 0.408386 0.810757
vt 0.406018 0.811125
vt 0.404981 0.811384
vt 0.404598 0.811481
vt 0.404482 0.81152
vt 0.535411 0.842947
vt 0.472933 0.828754
vt 0.445588 0.821874
vt 0.430353 0.817519
vt 0.420223 0.814531
vt 0.413099 0.812702
vt 0.408494 0.811853
vt 0.406038 0.811594
vt 0.404949 0.811547
vt 0.404576 0.811528
vt 0.404475 0.81153
vt 0.524635 0.87649
vt 0.467491 0.845994
vt 0.442322 0.832194
vt 0.428284 0.824191
vt 0.418966 0.818832
vt 0.412431 0.81524
vt 0.40818 0.813113
vt 0.405907 0.812117
vt 0.40488 0.811701
vt 0.404552 0.811566
vt 0.404471 0.811537
vt 0.49937 0.908714
vt 0.455009 0.863307
vt 0.434817 0.842633
vt 0.423414 0.830954
vt 0.415841 0.823198
vt 0.410609 0.817838
vt 0.407323 0.814471
vt 0.405528 0.812632
vt 0.404764 0.811848
vt 0.404523 0.811601
vt 0.404466 0.811543
vt 0.466566 0.933213
vt 0.437406 0.875374
vt 0.424203 0.849885
vt 0.416536 0.835661
vt 0.411402 0.826216
vt 0.407968 0.819596
vt 0.405944 0.815294
vt 0.405004 0.812997
vt 0.404614 0.811961
vt 0.404487 0.811629
vt 0.404461 0.811547
vt 0.432783 0.943203
vt 0.420041 0.880407
vt 0.413808 0.852904
vt 0.409817 0.837568
vt 0.407072 0.827369
vt 0.405415 0.820203
vt 0.404677 0.815578
vt 0.404478 0.813116
vt 0.404458 0.812026
vt 0.404448 0.811652
vt 0.404453 0.811552
vt 0.401112 0.942467
vt 0.403985 0.880264
vt 0.404317 0.852748
vt 0.403766 0.837331
vt 0.403235 0.827082
vt 0.403198 0.819948
vt 0.403584 0.815443
vt 0.404009 0.813084
vt 0.404294 0.812054
vt 0.404401 0.811673
vt 0.404443 0.811558
vt 0.372363 0.933657
vt 0.38947 0.876108
vt 0.395932 0.850132
vt 0.398595 0.835441
vt 0.400091 0.825708
vt 0.401447 0.819072
vt 0.402712 0.815014
vt 0.403605 0.812933
vt 0.404119 0.812041
vt 0.404339 0.811687
vt 0.404425 0.811564
vt 0.346802 0.918161
vt 0.37655 0.868478
vt 0.388709 0.845444
vt 0.39439 0.832233
vt 0.397715 0.823538
vt 0.400193 0.817779
vt 0.402071 0.814383
vt 0.403275 0.812681
vt 0.40394 0.811972
vt 0.404259 0.811683
vt 0.404397 0.811569
vt 0.324849 0.896456
vt 0.365435 0.857444
vt 0.382726 0.838818
vt 0.391165 0.827918
vt 0.396076 0.820789
vt 0.399393 0.816212
vt 0.40165 0.81361
vt 0.403036 0.812344
vt 0.403777 0.811841
vt 0.404168 0.811647
vt 0.404355 0.811565
vt 0.30734 0.868173
vt 0.356709 0.842671
vt 0.378225 0.83015
vt 0.388937 0.82255
vt 0.395086 0.817553
vt 0.398974 0.814428
vt 0.401435 0.812723
vt 0.402885 0.811943
vt 0.403667 0.811647
vt 0.404085 0.811569
vt 0.404305 0.811543
vt 0.296328 0.831778
vt 0.351826 0.823519
vt 0.375932 0.819165
vt 0.387968 0.816028
vt 0.394791 0.813792
vt 0.398936 0.812414
vt 0.401434 0.811726
vt 0.40286 0.811469
vt 0.40363 0.811414
vt 0.404036 0.811453
vt 0.404261 0.811494
vt 0.297584 0.78503
vt 0.354114 0.799887
vt 0.377607 0.805967
vt 0.389159 0.808416
vt 0.395627 0.809533
vt 0.399474 0.81018
vt 0.401733 0.810627
vt 0.403001 0.810945
vt 0.403689 0.811163
vt 0.404043 0.811319
vt 0.404247 0.811423
vt 0.404309 0.811381
vt 0.404369 0.811355
vt 0.40433 0.811403
vt 0.404382 0.811381
vt 0.404346 0.811419
vt 0.40439 0.811401
vt 0.404358 0.811432
vt 0.404397 0.811417
vt 0.404367 0.811441
vt 0.404401 0.811427
vt 0.404372 0.811446
vt 0.404403 0.811434
vt 0.404376 0.81145
vt 0.404402 0.811439
vt 0.40438 0.811455
vt 0.4044 0.811445
vt 0.404386 0.811461
vt 0.404398 0.811454
vt 0.404392 0.811466
vt 0.404397 0.811463
vt 0.404428 0.811371
vt 0.404432 0.811396
vt 0.404433 0.811415
vt 0.404434 0.811429
vt 0.404434 0.811438
vt 0.404433 0.811443
vt 0.40443 0.811446
vt 0.404424 0.811449
vt 0.404415 0.811454
vt 0.404407 0.811462
vt 0.404467 0.811411
vt 0.404464 0.811431
vt 0.404462 0.811446
vt 0.404459 0.811455
vt 0.404456 0.811461
vt 0.404454 0.811464
vt 0.404449 0.811464
vt 0.404443 0.811463
vt 0.404433 0.811462
vt 0.40442 0.811464
vt 0.404484 0.811454
vt 0.404478 0.811468
vt 0.404473 0.811478
vt 0.40447 0.811483
vt 0.404467 0.811486
vt 0.404464 0.811487
vt 0.40446 0.811485
vt 0.404455 0.811481
vt 0.404446 0.811476
vt 0.404434 0.811472
vt 0.404485 0.811488
vt 0.404479 0.811497
vt 0.404474 0.811503
vt 0.404471 0.811506
vt 0.404469 0.811507
vt 0.404467 0.811507
vt 0.404464 0.811504
vt 0.40446 0.811499
vt 0.404454 0.811492
vt 0.404443 0.811484
vt 0.40448 0.811511
vt 0.404474 0.811517
vt 0.404471 0.81152
vt 0.404469 0.811521
vt 0.404467 0.811521
vt 0.404466 0.81152
vt 0.404464 0.811517
vt 0.404462 0.811513
vt 0.404457 0.811506
vt 0.404449 0.811497
vt 0.404473 0.811525
vt 0.404469 0.811527
vt 0.404467 0.811529
vt 0.404465 0.81153
vt 0.404465 0.811529
vt 0.404464 0.811528
vt 0.404463 0.811526
vt 0.404461 0.811522
vt 0.404458 0.811516
vt 0.404452 0.811507
vt 0.404469 0.811532
vt 0.404465 0.811533
vt 0.404464 0.811533
vt 0.404463 0.811534
vt 0.404462 0.811534
vt 0.404462 0.811533
vt 0.404461 0.811531
vt 0.40446 0.811528
vt 0.404458 0.811523
vt 0.404452 0.811516
vt 0.404465 0.811536
vt 0.404463 0.811536
vt 0.404462 0.811536
vt 0.404461 0.811536
vt 0.404461 0.811535
vt 0.40446 0.811534
vt 0.404459 0.811531
vt 0.404456 0.811527
vt 0.404451 0.811521
vt 0.404463 0.811539
vt 0.404461 0.811538
vt 0.404461 0.811537
vt 0.40446 0.811537
vt 0.40446 0.811536
vt 0.404459 0.811535
vt 0.404457 0.811534
vt 0.404454 0.811531
vt 0.404449 0.811525
vt 0.40446 0.811542
vt 0.404459 0.81154
vt 0.404459 0.811538
vt 0.404458 0.811537
vt 0.404457 0.811537
vt 0.404455 0.811535
vt 0.404451 0.811533
vt 0.404445 0.811528
vt 0.404455 0.811545
vt 0.404456 0.811542
vt 0.404457 0.81154
vt 0.404457 0.811539
vt 0.404456 0.811539
vt 0.404454 0.811538
vt 0.404451 0.811537
vt 0.404447 0.811534
vt 0.404439 0.811528
vt 0.404448 0.81155
vt 0.404451 0.811545
vt 0.404452 0.811543
vt 0.404453 0.811542
vt 0.404453 0.811541
vt 0.404452 0.81154
vt 0.404449 0.811539
vt 0.404446 0.811537
vt 0.40444 0.811534
vt 0.404431 0.811527
vt 0.404434 0.811555
vt 0.40444 0.81155
vt 0.404443 0.811547
vt 0.404444 0.811545
vt 0.404445 0.811543
vt 0.404444 0.811542
vt 0.404441 0.81154
vt 0.404436 0.811538
vt 0.404429 0.811533
vt 0.404421 0.811525
vt 0.404411 0.81156
vt 0.404421 0.811554
vt 0.404426 0.81155
vt 0.404429 0.811547
vt 0.404431 0.811545
vt 0.40443 0.811543
vt 0.404427 0.81154
vt 0.404423 0.811536
vt 0.404416 0.811529
vt 0.404408 0.811518
vt 0.404377 0.811558
vt 0.404391 0.811552
vt 0.404401 0.811548
vt 0.404407 0.811545
vt 0.40441 0.811542
vt 0.40441 0.811539
vt 0.404409 0.811535
vt 0.404405 0.81153
vt 0.4044 0.811521
vt 0.404397 0.811508
vt 0.404334 0.811541
vt 0.404355 0.811538
vt 0.404369 0.811536
vt 0.404379 0.811533
vt 0.404385 0.811531
vt 0.404388 0.811528
vt 0.404388 0.811524
vt 0.404387 0.811517
vt 0.404386 0.811507
vt 0.404389 0.811495
vt 0.404295 0.8115
vt 0.404321 0.811504
vt 0.404339 0.811507
vt 0.404353 0.811508
vt 0.404362 0.811508
vt 0.404368 0.811507
vt 0.404371 0.811504
vt 0.404374 0.811498
vt 0.404379 0.811489
vt 0.404387 0.811481
vt 0.404281 0.811441
vt 0.404307 0.811454
vt 0.404327 0.811463
vt 0.404342 0.81147
vt 0.404353 0.811474
vt 0.404359 0.811476
vt 0.404364 0.811476
vt 0.404371 0.811474
vt 0.40438 0.811473
vt 0.404388 0.811472
vt 0.148453 0.853334
vt 0.148214 0.853372
vt 0.148096 0.851908
vt 0.148667 0.854192
vt 0.148285 0.854252
vt 0.148787 0.854657
vt 0.148323 0.854729
vt 0.148357 0.855129
vt 0.148881 0.855037
vt 0.14904 0.855684
vt 0.14841 0.855787
vt 0.149333 0.856859
vt 0.148506 0.856985
vt 0.148679 0.859118
vt 0.149858 0.858943
vt 0.148954 0.862525
vt 0.1507 0.86227
vt 0.149295 0.866749
vt 0.151737 0.866409
vt 0.149762 0.872521
vt 0.153114 0.871975
vt 0.148676 0.853261
vt 0.149024 0.854074
vt 0.149214 0.854507
vt 0.149369 0.854873
vt 0.149627 0.855487
vt 0.150105 0.856605
vt 0.150958 0.858586
vt 0.152326 0.86175
vt 0.154014 0.865692
vt 0.15624 0.870948
vt 0.14888 0.853157
vt 0.14935 0.853907
vt 0.149606 0.854308
vt 0.149811 0.854638
vt 0.150164 0.855207
vt 0.150811 0.85624
vt 0.151966 0.858072
vt 0.153814 0.860997
vt 0.156104 0.864645
vt 0.159108 0.869475
vt 0.149062 0.853024
vt 0.149641 0.853693
vt 0.149951 0.854046
vt 0.150209 0.854345
vt 0.150644 0.854853
vt 0.151445 0.855778
vt 0.15287 0.857419
vt 0.155151 0.860038
vt 0.157983 0.863308
vt 0.161673 0.867598
vt 0.149221 0.852865
vt 0.149895 0.853439
vt 0.150257 0.853746
vt 0.150547 0.853993
vt 0.151064 0.854432
vt 0.152001 0.855229
vt 0.153663 0.856642
vt 0.156315 0.858898
vt 0.159632 0.861719
vt 0.163897 0.865346
vt 0.149352 0.852683
vt 0.150105 0.853147
vt 0.150503 0.853396
vt 0.150841 0.853602
vt 0.151412 0.85395
vt 0.152454 0.854593
vt 0.154302 0.855736
vt 0.157253 0.857566
vt 0.160936 0.859836
vt 0.165762 0.86279
vt 0.149454 0.852482
vt 0.15027 0.852825
vt 0.150705 0.853014
vt 0.151067 0.853163
vt 0.151684 0.853419
vt 0.152808 0.853892
vt 0.154802 0.854738
vt 0.157985 0.856093
vt 0.161953 0.857767
vt 0.167203 0.859956
vt 0.149525 0.852264
vt 0.150384 0.852477
vt 0.150848 0.852596
vt 0.151224 0.852688
vt 0.151874 0.852845
vt 0.153054 0.853137
vt 0.155147 0.853661
vt 0.158489 0.854503
vt 0.162652 0.855536
vt 0.168197 0.856889
vt 0.149561 0.852032
vt 0.150442 0.852106
vt 0.150917 0.852148
vt 0.151311 0.852182
vt 0.151975 0.852234
vt 0.153181 0.852335
vt 0.155323 0.852518
vt 0.158742 0.852814
vt 0.162994 0.853174
vt 0.168708 0.853639
vt 0.14956 0.85179
vt 0.150439 0.851719
vt 0.150913 0.85168
vt 0.151318 0.851648
vt 0.151975 0.851595
vt 0.153173 0.851498
vt 0.155306 0.851325
vt 0.158712 0.85105
vt 0.162938 0.850709
vt 0.168709 0.850242
vt 0.149522 0.85155
vt 0.150379 0.851336
vt 0.150844 0.851217
vt 0.151224 0.851123
vt 0.151872 0.850964
vt 0.153047 0.850671
vt 0.155131 0.850146
vt 0.158458 0.849304
vt 0.162597 0.848266
vt 0.168162 0.846889
vt 0.149449 0.851327
vt 0.150262 0.85098
vt 0.150694 0.85079
vt 0.151061 0.850635
vt 0.151675 0.850376
vt 0.152792 0.849899
vt 0.154774 0.849045
vt 0.157938 0.847678
vt 0.16188 0.84599
vt 0.167136 0.843764
vt 0.149345 0.851123
vt 0.150094 0.850654
vt 0.150496 0.850397
vt 0.150825 0.850192
vt 0.151394 0.84984
vt 0.152428 0.849192
vt 0.15426 0.848038
vt 0.157185 0.846189
vt 0.160833 0.8439
vt 0.165663 0.840896
vt 0.149211 0.850941
vt 0.14988 0.850363
vt 0.150234 0.850052
vt 0.150532 0.849795
vt 0.15104 0.849359
vt 0.151966 0.848558
vt 0.153607 0.847133
vt 0.156226 0.844853
vt 0.159496 0.842021
vt 0.163786 0.838331
vt 0.149052 0.850783
vt 0.149626 0.850108
vt 0.149933 0.849747
vt 0.150181 0.849456
vt 0.15062 0.84894
vt 0.151417 0.848002
vt 0.15283 0.846341
vt 0.155086 0.843688
vt 0.157907 0.840371
vt 0.161534 0.836106
vt 0.148871 0.850651
vt 0.149334 0.849899
vt 0.149584 0.8495
vt 0.14979 0.849163
vt 0.150138 0.848592
vt 0.15078 0.84755
vt 0.151924 0.845701
vt 0.153754 0.84275
vt 0.156024 0.839068
vt 0.158978 0.834241
vt 0.148669 0.850549
vt 0.149013 0.849734
vt 0.149201 0.849299
vt 0.14935 0.848936
vt 0.149607 0.84832
vt 0.15008 0.847196
vt 0.150926 0.845202
vt 0.152281 0.842018
vt 0.153955 0.83805
vt 0.156144 0.8328
vt 0.148451 0.850479
vt 0.148664 0.84962
vt 0.148783 0.849156
vt 0.148876 0.848779
vt 0.149033 0.848129
vt 0.149325 0.846949
vt 0.149849 0.844856
vt 0.150691 0.841514
vt 0.151724 0.837352
vt 0.153077 0.831806
vt 0.148219 0.850443
vt 0.148293 0.849562
vt 0.148336 0.849087
vt 0.14837 0.848692
vt 0.148422 0.848029
vt 0.148522 0.846823
vt 0.148706 0.84468
vt 0.149002 0.841262
vt 0.149362 0.83701
vt 0.149827 0.831295
vt 0.147977 0.850443
vt 0.147906 0.849565
vt 0.147868 0.84909
vt 0.147836 0.848685
vt 0.147783 0.848029
vt 0.147686 0.84683
vt 0.147513 0.844697
vt 0.147238 0.841291
vt 0.146896 0.837065
vt 0.14643 0.831295
vt 0.147738 0.850482
vt 0.147524 0.849624
vt 0.147405 0.84916
vt 0.14731 0.848779
vt 0.147151 0.848131
vt 0.146858 0.846957
vt 0.146333 0.844872
vt 0.145492 0.841545
vt 0.144454 0.837406
vt 0.143077 0.831841
vt 0.147515 0.850554
vt 0.147167 0.849742
vt 0.146977 0.849309
vt 0.146822 0.848943
vt 0.146564 0.848328
vt 0.146087 0.847211
vt 0.145233 0.845229
vt 0.143866 0.842066
vt 0.142177 0.838123
vt 0.139951 0.832867
vt 0.147311 0.850659
vt 0.146841 0.849909
vt 0.146585 0.849507
vt 0.14638 0.849178
vt 0.146027 0.848609
vt 0.14538 0.847576
vt 0.144226 0.845743
vt 0.142377 0.842819
vt 0.140087 0.83917
vt 0.137084 0.83434
vt 0.147129 0.850792
vt 0.14655 0.850123
vt 0.14624 0.84977
vt 0.145983 0.849471
vt 0.145547 0.848963
vt 0.144746 0.848037
vt 0.143321 0.846397
vt 0.141041 0.843777
vt 0.138208 0.840507
vt 0.134518 0.836217
vt 0.14697 0.850951
vt 0.146296 0.850377
vt 0.145935 0.85007
vt 0.145644 0.849823
vt 0.145127 0.849384
vt 0.14419 0.848586
vt 0.142529 0.847173
vt 0.139876 0.844917
vt 0.136559 0.842096
vt 0.132294 0.838469
vt 0.146839 0.851133
vt 0.146086 0.850669
vt 0.145688 0.85042
vt 0.145351 0.850214
vt 0.144779 0.849865
vt 0.143737 0.849223
vt 0.141889 0.84808
vt 0.138938 0.84625
vt 0.135255 0.843979
vt 0.130429 0.841026
vt 0.146737 0.851334
vt 0.145922 0.850991
vt 0.145486 0.850802
vt 0.145124 0.850653
vt 0.144507 0.850397
vt 0.143383 0.849923
vt 0.14139 0.849078
vt 0.138206 0.847723
vt 0.134238 0.846048
vt 0.128988 0.843859
vt 0.146666 0.851552
vt 0.145807 0.851339
vt 0.145343 0.85122
vt 0.144967 0.851128
vt 0.144317 0.850971
vt 0.143137 0.850679
vt 0.141044 0.850155
vt 0.137702 0.849313
vt 0.133539 0.848279
vt 0.127994 0.846926
vt 0.14663 0.851784
vt 0.14575 0.85171
vt 0.145275 0.851668
vt 0.14488 0.851633
vt 0.144216 0.851581
vt 0.14301 0.851481
vt 0.140868 0.851298
vt 0.137449 0.851001
vt 0.133197 0.850642
vt 0.127483 0.850176
vt 0.146631 0.852026
vt 0.145752 0.852097
vt 0.145278 0.852136
vt 0.144873 0.852168
vt 0.144216 0.852221
vt 0.143018 0.852318
vt 0.140885 0.85249
vt 0.137479 0.852766
vt 0.133253 0.853107
vt 0.127482 0.853574
vt 0.146669 0.852265
vt 0.145812 0.85248
vt 0.145347 0.852599
vt 0.144967 0.852693
vt 0.144319 0.852852
vt 0.143145 0.853145
vt 0.14106 0.85367
vt 0.137733 0.854512
vt 0.133594 0.855549
vt 0.128029 0.856926
vt 0.146742 0.852488
vt 0.14593 0.852836
vt 0.145497 0.853026
vt 0.14513 0.853181
vt 0.144516 0.853439
vt 0.143399 0.853917
vt 0.141417 0.85477
vt 0.138254 0.856138
vt 0.134311 0.857826
vt 0.129055 0.860052
vt 0.146846 0.852692
vt 0.146097 0.853162
vt 0.145695 0.853418
vt 0.145366 0.853623
vt 0.144797 0.853976
vt 0.143763 0.854623
vt 0.141931 0.855778
vt 0.139006 0.857626
vt 0.135358 0.859916
vt 0.130528 0.86292
vt 0.14698 0.852874
vt 0.146311 0.853453
vt 0.145957 0.853763
vt 0.145659 0.854021
vt 0.145151 0.854456
vt 0.144225 0.855258
vt 0.142585 0.856683
vt 0.139965 0.858963
vt 0.136695 0.861795
vt 0.132405 0.865486
vt 0.147139 0.853033
vt 0.146565 0.853707
vt 0.146258 0.854068
vt 0.14601 0.854359
vt 0.145571 0.854876
vt 0.144774 0.855813
vt 0.143361 0.857475
vt 0.141105 0.860128
vt 0.138284 0.863445
vt 0.134657 0.86771
vt 0.14732 0.853164
vt 0.146857 0.853917
vt 0.146608 0.854315
vt 0.146401 0.854653
vt 0.146053 0.855224
vt 0.145411 0.856266
vt 0.144268 0.858115
vt 0.142438 0.861066
vt 0.140167 0.864748
vt 0.137214 0.869575
vt 0.147522 0.853267
vt 0.147178 0.854081
vt 0.14699 0.854517
vt 0.146841 0.854879
vt 0.146585 0.855496
vt 0.146111 0.85662
vt 0.145266 0.858614
vt 0.143911 0.861797
vt 0.142236 0.865766
vt 0.140047 0.871016
vt 0.14774 0.853337
vt 0.147527 0.854195
vt 0.147408 0.854659
vt 0.147316 0.855036
vt 0.147159 0.855686
vt 0.146867 0.856866
vt 0.146343 0.85896
vt 0.145501 0.862301
vt 0.144468 0.866464
vt 0.143114 0.872009
vt 0.147972 0.853373
vt 0.147897 0.854253
vt 0.147854 0.854725
vt 0.147823 0.855125
vt 0.14777 0.855787
vt 0.147669 0.856993
vt 0.147486 0.859135
vt 0.147189 0.862554
vt 0.14683 0.866806
vt 0.146364 0.87252
vt 0.155403 0.881111
vt 0.150519 0.881899
vt 0.158479 0.893385
vt 0.151538 0.8945
vt 0.152751 0.909509
vt 0.162143 0.908001
vt 0.166152 0.924008
vt 0.154079 0.925945
vt 0.170264 0.940414
vt 0.155441 0.942791
vt 0.156754 0.959026
vt 0.174232 0.956221
vt 0.157935 0.973638
vt 0.17781 0.970447
vt 0.180764 0.982156
vt 0.158908 0.985669
vt 0.159609 0.994341
vt 0.18291 0.990599
vt 0.184246 0.995917
vt 0.160055 0.999853
vt 0.159956 0.879612
vt 0.164948 0.891257
vt 0.170893 0.905125
vt 0.177401 0.920312
vt 0.184074 0.935874
vt 0.19051 0.950862
vt 0.196307 0.964345
vt 0.201089 0.975435
vt 0.204549 0.983421
vt 0.206712 0.988447
vt 0.164124 0.877464
vt 0.170869 0.888207
vt 0.178901 0.901003
vt 0.187695 0.915012
vt 0.196709 0.929365
vt 0.205397 0.943186
vt 0.213216 0.955611
vt 0.219658 0.965823
vt 0.22431 0.973173
vt 0.227224 0.977795
vt 0.167853 0.874728
vt 0.176168 0.884325
vt 0.186067 0.895752
vt 0.196905 0.908264
vt 0.208012 0.921081
vt 0.21871 0.933421
vt 0.228335 0.944512
vt 0.23625 0.953624
vt 0.241962 0.960172
vt 0.24554 0.964285
vt 0.171092 0.871466
vt 0.18077 0.879696
vt 0.19229 0.889494
vt 0.204904 0.90022
vt 0.217827 0.911211
vt 0.23027 0.921793
vt 0.241459 0.931308
vt 0.250656 0.939129
vt 0.257289 0.94477
vt 0.261409 0.948274
vt 0.173792 0.867745
vt 0.1846 0.874411
vt 0.197468 0.882346
vt 0.211558 0.891034
vt 0.225992 0.899938
vt 0.23989 0.908516
vt 0.252383 0.916233
vt 0.262648 0.922583
vt 0.270029 0.927168
vt 0.274663 0.930039
vt 0.175894 0.863625
vt 0.187581 0.868557
vt 0.2015 0.87443
vt 0.216739 0.880859
vt 0.232354 0.887452
vt 0.24739 0.893807
vt 0.26091 0.899529
vt 0.272023 0.904247
vt 0.280025 0.907658
vt 0.285055 0.909791
vt 0.177345 0.859165
vt 0.18964 0.862223
vt 0.204283 0.865864
vt 0.220317 0.869848
vt 0.236749 0.873935
vt 0.252576 0.877881
vt 0.266814 0.881437
vt 0.278528 0.884376
vt 0.286966 0.886507
vt 0.292274 0.887835
vt 0.178094 0.854431
vt 0.190702 0.855496
vt 0.205716 0.856765
vt 0.222159 0.858152
vt 0.239012 0.859576
vt 0.255251 0.860954
vt 0.269866 0.8622
vt 0.281897 0.863235
vt 0.290574 0.863997
vt 0.296038 0.864462
vt 0.178087 0.849484
vt 0.190688 0.848466
vt 0.205696 0.847253
vt 0.222132 0.845925
vt 0.238978 0.844564
vt 0.255212 0.843252
vt 0.269824 0.842072
vt 0.281854 0.8411
vt 0.290525 0.840399
vt 0.296038 0.839954
vt 0.177299 0.844601
vt 0.189573 0.841525
vt 0.204188 0.837862
vt 0.220195 0.833853
vt 0.236602 0.829741
vt 0.252409 0.825775
vt 0.266634 0.822198
vt 0.278343 0.819245
vt 0.286785 0.8171
vt 0.292103 0.815763
vt 0.1758 0.840048
vt 0.187445 0.835056
vt 0.201313 0.829111
vt 0.2165 0.822604
vt 0.232062 0.815932
vt 0.247051 0.809496
vt 0.260533 0.803701
vt 0.271623 0.798919
vt 0.279609 0.795461
vt 0.284636 0.793298
vt 0.173652 0.83588
vt 0.184395 0.829135
vt 0.197191 0.821103
vt 0.2112 0.81231
vt 0.225554 0.803296
vt 0.239375 0.794609
vt 0.251801 0.786791
vt 0.262013 0.78035
vt 0.269363 0.775699
vt 0.273985 0.772786
vt 0.170916 0.832151
vt 0.180513 0.823836
vt 0.19194 0.813937
vt 0.204453 0.803099
vt 0.21727 0.791994
vt 0.229611 0.781296
vt 0.240702 0.771672
vt 0.249815 0.763757
vt 0.256364 0.758046
vt 0.260477 0.754468
vt 0.167654 0.828911
vt 0.175884 0.819234
vt 0.185682 0.807714
vt 0.19641 0.795101
vt 0.207401 0.782178
vt 0.217983 0.769735
vt 0.2275 0.758546
vt 0.235322 0.74935
vt 0.240963 0.742717
vt 0.244467 0.738598
vt 0.163933 0.826211
vt 0.170599 0.815404
vt 0.178535 0.802536
vt 0.187224 0.788446
vt 0.196128 0.774012
vt 0.204707 0.760114
vt 0.212425 0.747621
vt 0.218776 0.737357
vt 0.223362 0.729976
vt 0.226233 0.725342
vt 0.159813 0.82411
vt 0.164745 0.812423
vt 0.170618 0.798503
vt 0.177049 0.783264
vt 0.183642 0.76765
vt 0.189998 0.752613
vt 0.195721 0.739093
vt 0.20044 0.72798
vt 0.203851 0.719978
vt 0.205985 0.714948
vt 0.155353 0.822659
vt 0.158411 0.810363
vt 0.162053 0.79572
vt 0.166037 0.779686
vt 0.170125 0.763253
vt 0.174072 0.747426
vt 0.177629 0.733187
vt 0.180568 0.721474
vt 0.1827 0.713036
vt 0.184029 0.707727
vt 0.150619 0.82191
vt 0.151685 0.809301
vt 0.152954 0.794287
vt 0.154341 0.777844
vt 0.155766 0.76099
vt 0.157144 0.74475
vt 0.158391 0.730135
vt 0.159426 0.718103
vt 0.160189 0.709425
vt 0.160655 0.703961
vt 0.145672 0.821917
vt 0.144654 0.809315
vt 0.143442 0.794307
vt 0.142114 0.77787
vt 0.140753 0.761023
vt 0.139442 0.744789
vt 0.138262 0.730176
vt 0.13729 0.718145
vt 0.13659 0.709473
vt 0.136144 0.70396
vt 0.140788 0.822704
vt 0.137713 0.81043
vt 0.13405 0.795814
vt 0.130041 0.779807
vt 0.12593 0.763399
vt 0.121963 0.747592
vt 0.118386 0.733366
vt 0.115433 0.721656
vt 0.113288 0.713213
vt 0.111952 0.707895
vt 0.136236 0.824203
vt 0.131244 0.812558
vt 0.125299 0.798689
vt 0.118792 0.783502
vt 0.112119 0.767939
vt 0.105684 0.75295
vt 0.099888 0.739466
vt 0.095106 0.728376
vt 0.091647 0.720389
vt 0.089484 0.715362
vt 0.132067 0.826351
vt 0.125323 0.815608
vt 0.117291 0.802811
vt 0.108498 0.788802
vt 0.099483 0.774448
vt 0.090796 0.760626
vt 0.082977 0.748199
vt 0.076536 0.737987
vt 0.071884 0.730636
vt 0.068971 0.726013
vt 0.128338 0.829087
vt 0.120023 0.81949
vt 0.110124 0.808062
vt 0.099286 0.79555
vt 0.08818 0.782732
vt 0.077481 0.770391
vt 0.067857 0.759298
vt 0.059941 0.750185
vt 0.05423 0.743636
vt 0.050652 0.739522
vt 0.125099 0.832349
vt 0.115421 0.824119
vt 0.1039 0.814321
vt 0.091287 0.803593
vt 0.078364 0.792602
vt 0.06592 0.782019
vt 0.054731 0.772502
vt 0.045534 0.764679
vt 0.0389 0.759038
vt 0.03478 0.755534
vt 0.122399 0.836071
vt 0.111591 0.829404
vt 0.098723 0.821468
vt 0.084632 0.81278
vt 0.070197 0.803875
vt 0.056299 0.795296
vt 0.043805 0.787577
vt 0.03354 0.781227
vt 0.026159 0.776641
vt 0.021524 0.773769
vt 0.120297 0.840191
vt 0.10861 0.835259
vt 0.09469 0.829385
vt 0.07945 0.822955
vt 0.063835 0.816361
vt 0.048798 0.810005
vt 0.035277 0.804283
vt 0.024163 0.799564
vt 0.016161 0.796153
vt 0.01113 0.794019
vt 0.118846 0.84465
vt 0.10655 0.841592
vt 0.091907 0.837951
vt 0.075872 0.833967
vt 0.059439 0.829879
vt 0.043611 0.825933
vt 0.029372 0.822377
vt 0.017657 0.819437
vt 0.009219 0.817305
vt 0.00391 0.815977
vt 0.118097 0.849384
vt 0.105489 0.848319
vt 0.090474 0.84705
vt 0.074031 0.845664
vt 0.057176 0.844239
vt 0.040936 0.842862
vt 0.02632 0.841615
vt 0.014287 0.84058
vt 0.005609 0.839818
vt 0.000145 0.839353
vt 0.118104 0.854331
vt 0.105503 0.85535
vt 0.090494 0.856562
vt 0.074058 0.857891
vt 0.05721 0.859252
vt 0.040975 0.860564
vt 0.026362 0.861745
vt 0.01433 0.862718
vt 0.005658 0.863418
vt 0.000145 0.863864
vt 0.118892 0.859215
vt 0.106618 0.862291
vt 0.092002 0.865955
vt 0.075994 0.869964
vt 0.059587 0.874076
vt 0.043779 0.878043
vt 0.029553 0.881621
vt 0.017843 0.884575
vt 0.0094 0.88672
vt 0.004081 0.888057
vt 0.120391 0.863768
vt 0.108746 0.86876
vt 0.094877 0.874706
vt 0.07969 0.881213
vt 0.064127 0.887886
vt 0.049138 0.894323
vt 0.035654 0.90012
vt 0.024564 0.904902
vt 0.016577 0.908361
vt 0.011551 0.910525
vt 0.122539 0.867936
vt 0.111796 0.874681
vt 0.099 0.882714
vt 0.08499 0.891507
vt 0.070636 0.900523
vt 0.056815 0.909211
vt 0.044389 0.91703
vt 0.034176 0.923472
vt 0.026826 0.928124
vt 0.022203 0.931038
vt 0.125275 0.871666
vt 0.115678 0.879981
vt 0.104251 0.88988
vt 0.091738 0.900719
vt 0.078921 0.911825
vt 0.066581 0.922525
vt 0.055489 0.932149
vt 0.046376 0.940066
vt 0.039827 0.945778
vt 0.035714 0.949356
vt 0.128538 0.874905
vt 0.120307 0.884583
vt 0.110509 0.896103
vt 0.099782 0.908717
vt 0.088791 0.921641
vt 0.078209 0.934085
vt 0.068693 0.945275
vt 0.060871 0.954472
vt 0.05523 0.961106
vt 0.051726 0.965226
vt 0.132259 0.877605
vt 0.125593 0.888413
vt 0.117657 0.901281
vt 0.108969 0.915372
vt 0.100065 0.929807
vt 0.091487 0.943705
vt 0.083769 0.956199
vt 0.077419 0.966465
vt 0.072833 0.973846
vt 0.069963 0.978481
vt 0.136379 0.879706
vt 0.131447 0.891393
vt 0.125574 0.905313
vt 0.119144 0.920553
vt 0.112552 0.936168
vt 0.106196 0.951206
vt 0.100475 0.964726
vt 0.095757 0.975841
vt 0.092346 0.983843
vt 0.090213 0.988873
vt 0.140839 0.881157
vt 0.137781 0.893453
vt 0.13414 0.908096
vt 0.130156 0.924131
vt 0.126069 0.940564
vt 0.122124 0.956391
vt 0.118568 0.970631
vt 0.11563 0.982345
vt 0.113498 0.990783
vt 0.11217 0.996092
vt 0.145572 0.881906
vt 0.144507 0.894514
vt 0.143239 0.909529
vt 0.141853 0.925972
vt 0.140429 0.942826
vt 0.139052 0.959066
vt 0.137806 0.973681
vt 0.136772 0.985713
vt 0.13601 0.994391
vt 0.135545 0.999855
usemtl Default_OBJ.001
f 1/1/1 2/2/2 3/3/3
f 1/1/1 3/3/3 4/4/4
f 4/4/4 3/3/3 5/5/5
f 3/3/3 6/6/6 5/5/5
f 5/5/5 6/6/6 7/7/7
f 5/5/5 7/7/7 8/8/8
f 8/8/8 7/7/7 9/9/9
f 8/8/8 9/9/9 10/10/10
f 10/10/10 9/9/9 11/11/11
f 10/10/10 11/11/11 12/12/12
f 12/12/12 11/11/11 13/13/13
f 11/11/11 14/14/14 13/13/13
f 13/13/13 14/14/14 15/15/15
f 13/13/13 15/15/15 16/16/16
f 16/16/16 15/15/15 17/17/17
f 15/15/15 18/18/18 17/17/17
f 17/17/17 18/18/18 19/19/19
f 17/17/17 19/19/19 20/20/20
f 20/20/20 19/19/19 21/21/21
f 19/19/19 22/22/22 21/21/21
f 2/2/2 23/23/23 3/3/3
f 23/23/23 24/24/24 3/3/3
f 3/3/3 24/24/24 6/6/6
f 24/24/24 25/25/25 6/6/6
f 6/6/6 25/25/25 26/26/26
f 6/6/6 26/26/26 7/7/7
f 7/7/7 26/26/26 9/9/9
f 26/26/26 27/27/27 9/9/9
f 9/9/9 27/27/27 28/28/28
f 9/9/9 28/28/28 11/11/11
f 11/11/11 28/28/28 14/14/14
f 28/28/28 29/29/29 14/14/14
f 14/14/14 29/29/29 15/15/15
f 29/29/29 30/30/30 15/15/15
f 15/15/15 30/30/30 31/31/31
f 15/15/15 31/31/31 18/18/18
f 18/18/18 31/31/31 32/32/32
f 18/18/18 32/32/32 19/19/19
f 19/19/19 32/32/32 22/22/22
f 32/32/32 33/33/33 22/22/22
f 23/23/23 34/34/34 24/24/24
f 34/34/34 35/35/35 24/24/24
f 24/24/24 35/35/35 36/36/36
f 24/24/24 36/36/36 25/25/25
f 25/25/25 36/36/36 26/26/26
f 36/36/36 37/37/37 26/26/26
f 26/26/26 37/37/37 27/27/27
f 37/37/37 38/38/38 27/27/27
f 27/27/27 38/38/38 28/28/28
f 38/38/38 39/39/39 28/28/28
f 28/28/28 39/39/39 40/40/40
f 28/28/28 40/40/40 29/29/29
f 29/29/29 40/40/40 30/30/30
f 40/40/40 41/41/41 30/30/30
f 30/30/30 41/41/41 42/42/42
f 30/30/30 42/42/42 31/31/31
f 31/31/31 42/42/42 32/32/32
f 42/42/42 43/43/43 32/32/32
f 32/32/32 43/43/43 33/33/33
f 43/43/43 44/44/44 33/33/33
f 34/34/34 45/45/45 35/35/35
f 45/45/45 46/46/46 35/35/35
f 35/35/35 46/46/46 47/47/47
f 35/35/35 47/47/47 36/36/36
f 36/36/36 47/47/47 48/48/48
f 36/36/36 48/48/48 37/37/37
f 37/37/37 48/48/48 38/38/38
f 48/48/48 49/49/49 38/38/38
f 38/38/38 49/49/49 39/39/39
f 49/49/49 50/50/50 39/39/39
f 39/39/39 50/50/50 51/51/51
f 39/39/39 51/51/51 40/40/40
f 40/40/40 51/51/51 52/52/52
f 40/40/40 52/52/52 41/41/41
f 41/41/41 52/52/52 42/42/42
f 52/52/52 53/53/53 42/42/42
f 42/42/42 53/53/53 54/54/54
f 42/42/42 54/54/54 43/43/43
f 43/43/43 54/54/54 55/55/55
f 43/43/43 55/55/55 44/44/44
f 45/45/45 56/56/56 46/46/46
f 56/56/56 57/57/57 46/46/46
f 46/46/46 57/57/57 47/47/47
f 57/57/57 58/58/58 47/47/47
f 47/47/47 58/58/58 59/59/59
f 47/47/47 59/59/59 48/48/48
f 48/48/48 59/59/59 60/60/60
f 48/48/48 60/60/60 49/49/49
f 49/49/49 60/60/60 61/61/61
f 49/49/49 61/61/61 50/50/50
f 50/50/50 61/61/61 51/51/51
f 61/61/61 62/62/62 51/51/51
f 51/51/51 62/62/62 52/52/52
f 62/62/62 63/63/63 52/52/52
f 52/52/52 63/63/63 64/64/64
f 52/52/52 64/64/64 53/53/53
f 53/53/53 64/64/64 54/54/54
f 64/64/64 65/65/65 54/54/54
f 54/54/54 65/65/65 55/55/55
f 65/65/65 66/66/66 55/55/55
f 56/56/56 67/67/67 68/68/68
f 56/56/56 68/68/68 57/57/57
f 57/57/57 68/68/68 69/69/69
f 57/57/57 69/69/69 58/58/58
f 58/58/58 69/69/69 59/59/59
f 69/69/69 70/70/70 59/59/59
f 59/59/59 70/70/70 60/60/60
f 70/70/70 71/71/71 60/60/60
f 60/60/60 71/71/71 61/61/61
f 71/71/71 72/72/72 61/61/61
f 61/61/61 72/72/72 73/73/73
f 61/61/61 73/73/73 62/62/62
f 62/62/62 73/73/73 74/74/74
f 62/62/62 74/74/74 63/63/63
f 63/63/63 74/74/74 64/64/64
f 74/74/74 75/75/75 64/64/64
f 64/64/64 75/75/75 76/76/76
f 64/64/64 76/76/76 65/65/65
f 65/65/65 76/76/76 77/77/77
f 65/65/65 77/77/77 66/66/66
f 67/67/67 78/78/78 79/79/79
f 67/67/67 79/79/79 68/68/68
f 68/68/68 79/79/79 69/69/69
f 79/79/79 80/80/80 69/69/69
f 69/69/69 80/80/80 81/81/81
f 69/69/69 81/81/81 70/70/70
f 70/70/70 81/81/81 82/82/82
f 70/70/70 82/82/82 71/71/71
f 71/71/71 82/82/82 83/83/83
f 71/71/71 83/83/83 72/72/72
f 72/72/72 83/83/83 73/73/73
f 83/83/83 84/84/84 73/73/73
f 73/73/73 84/84/84 74/74/74
f 84/84/84 85/85/85 74/74/74
f 74/74/74 85/85/85 86/86/86
f 74/74/74 86/86/86 75/75/75
f 75/75/75 86/86/86 76/76/76
f 86/86/86 87/87/87 76/76/76
f 76/76/76 87/87/87 77/77/77
f 87/87/87 88/88/88 77/77/77
f 78/78/78 89/89/89 90/90/90
f 78/78/78 90/90/90 79/79/79
f 79/79/79 90/90/90 80/80/80
f 90/90/90 91/91/91 80/80/80
f 80/80/80 91/91/91 92/92/92
f 80/80/80 92/92/92 81/81/81
f 81/81/81 92/92/92 93/93/93
f 81/81/81 93/93/93 82/82/82
f 82/82/82 93/93/93 94/94/94
f 82/82/82 94/94/94 83/83/83
f 83/83/83 94/94/94 84/84/84
f 94/94/94 95/95/95 84/84/84
f 84/84/84 95/95/95 96/96/96
f 84/84/84 96/96/96 85/85/85
f 85/85/85 96/96/96 86/86/86
f 96/96/96 97/97/97 86/86/86
f 86/86/86 97/97/97 98/98/98
f 86/86/86 98/98/98 87/87/87
f 87/87/87 98/98/98 99/99/99
f 87/87/87 99/99/99 88/88/88
f 89/89/89 100/100/100 101/101/101
f 89/89/89 101/101/101 90/90/90
f 90/90/90 101/101/101 102/102/102
f 90/90/90 102/102/102 91/91/91
f 91/91/91 102/102/102 92/92/92
f 102/102/102 103/103/103 92/92/92
f 92/92/92 103/103/103 104/104/104
f 92/92/92 104/104/104 93/93/93
f 93/93/93 104/104/104 94/94/94
f 104/104/104 105/105/105 94/94/94
f 94/94/94 105/105/105 106/106/106
f 94/94/94 106/106/106 95/95/95
f 95/95/95 106/106/106 107/107/107
f 95/95/95 107/107/107 96/96/96
f 96/96/96 107/107/107 97/97/97
f 107/107/107 108/108/108 97/97/97
f 97/97/97 108/108/108 98/98/98
f 108/108/108 109/109/109 98/98/98
f 98/98/98 109/109/109 110/110/110
f 98/98/98 110/110/110 99/99/99
f 100/100/100 111/111/111 101/101/101
f 111/111/111 112/112/112 101/101/101
f 101/101/101 112/112/112 113/113/113
f 101/101/101 113/113/113 102/102/102
f 102/102/102 113/113/113 103/103/103
f 113/113/113 114/114/114 103/103/103
f 103/103/103 114/114/114 104/104/104
f 114/114/114 115/115/115 104/104/104
f 104/104/104 115/115/115 105/105/105
f 115/115/115 116/116/116 105/105/105
f 105/105/105 116/116/116 117/117/117
f 105/105/105 117/117/117 106/106/106
f 106/106/106 117/117/117 107/107/107
f 117/117/117 118/118/118 107/107/107
f 107/107/107 118/118/118 119/119/119
f 107/107/107 119/119/119 108/108/108
f 108/108/108 119/119/119 109/109/109
f 119/119/119 120/120/120 109/109/109
f 109/109/109 120/120/120 121/121/121
f 109/109/109 121/121/121 110/110/110
f 111/111/111 122/122/122 112/112/112
f 122/122/122 123/123/123 112/112/112
f 112/112/112 123/123/123 113/113/113
f 123/123/123 124/124/124 113/113/113
f 113/113/113 124/124/124 125/125/125
f 113/113/113 125/125/125 114/114/114
f 114/114/114 125/125/125 126/126/126
f 114/114/114 126/126/126 115/115/115
f 115/115/115 126/126/126 116/116/116
f 126/126/126 127/127/127 116/116/116
f 116/116/116 127/127/127 117/117/117
f 127/127/127 128/128/128 117/117/117
f 117/117/117 128/128/128 118/118/118
f 128/128/128 129/129/129 118/118/118
f 118/118/118 129/129/129 119/119/119
f 129/129/129 130/130/130 119/119/119
f 119/119/119 130/130/130 120/120/120
f 130/130/130 131/131/131 120/120/120
f 120/120/120 131/131/131 121/121/121
f 131/131/131 132/132/132 121/121/121
f 122/122/122 133/133/133 123/123/123
f 133/133/133 134/134/134 123/123/123
f 123/123/123 134/134/134 124/124/124
f 134/134/134 135/135/135 124/124/124
f 124/124/124 135/135/135 136/136/136
f 124/124/124 136/136/136 125/125/125
f 125/125/125 136/136/136 137/137/137
f 125/125/125 137/137/137 126/126/126
f 126/126/126 137/137/137 127/127/127
f 137/137/137 138/138/138 127/127/127
f 127/127/127 138/138/138 128/128/128
f 138/138/138 139/139/139 128/128/128
f 128/128/128 139/139/139 129/129/129
f 139/139/139 140/140/140 129/129/129
f 129/129/129 140/140/140 130/130/130
f 140/140/140 141/141/141 130/130/130
f 130/130/130 141/141/141 131/131/131
f 141/141/141 142/142/142 131/131/131
f 131/131/131 142/142/142 132/132/132
f 142/142/142 143/143/143 132/132/132
f 133/133/133 144/144/144 134/134/134
f 144/144/144 145/145/145 134/134/134
f 134/134/134 145/145/145 135/135/135
f 145/145/145 146/146/146 135/135/135
f 135/135/135 146/146/146 136/136/136
f 146/146/146 147/147/147 136/136/136
f 136/136/136 147/147/147 137/137/137
f 147/147/147 148/148/148 137/137/137
f 137/137/137 148/148/148 138/138/138
f 148/148/148 149/149/149 138/138/138
f 138/138/138 149/149/149 139/139/139
f 149/149/149 150/150/150 139/139/139
f 139/139/139 150/150/150 140/140/140
f 150/150/150 151/151/151 140/140/140
f 140/140/140 151/151/151 141/141/141
f 151/151/151 152/152/152 141/141/141
f 141/141/141 152/152/152 142/142/142
f 152/152/152 153/153/153 142/142/142
f 142/142/142 153/153/153 143/143/143
f 153/153/153 154/154/154 143/143/143
f 144/144/144 155/155/155 156/156/156
f 144/144/144 156/156/156 145/145/145
f 145/145/145 156/156/156 157/157/157
f 145/145/145 157/157/157 146/146/146
f 146/146/146 157/157/157 147/147/147
f 157/157/157 158/158/158 147/147/147
f 147/147/147 158/158/158 159/159/159
f 147/147/147 159/159/159 148/148/148
f 148/148/148 159/159/159 160/160/160
f 148/148/148 160/160/160 149/149/149
f 149/149/149 160/160/160 161/161/161
f 149/149/149 161/161/161 150/150/150
f 150/150/150 161/161/161 162/162/162
f 150/150/150 162/162/162 151/151/151
f 151/151/151 162/162/162 152/152/152
f 162/162/162 163/163/163 152/152/152
f 152/152/152 163/163/163 164/164/164
f 152/152/152 164/164/164 153/153/153
f 153/153/153 164/164/164 165/165/165
f 153/153/153 165/165/165 154/154/154
f 155/155/155 166/166/166 167/167/167
f 155/155/155 167/167/167 156/156/156
f 156/156/156 167/167/167 168/168/168
f 156/156/156 168/168/168 157/157/157
f 157/157/157 168/168/168 158/158/158
f 168/168/168 169/169/169 158/158/158
f 158/158/158 169/169/169 170/170/170
f 158/158/158 170/170/170 159/159/159
f 159/159/159 170/170/170 171/171/171
f 159/159/159 171/171/171 160/160/160
f 160/160/160 171/171/171 172/172/172
f 160/160/160 172/172/172 161/161/161
f 161/161/161 172/172/172 173/173/173
f 161/161/161 173/173/173 162/162/162
f 162/162/162 173/173/173 174/174/174
f 162/162/162 174/174/174 163/163/163
f 163/163/163 174/174/174 175/175/175
f 163/163/163 175/175/175 164/164/164
f 164/164/164 175/175/175 176/176/176
f 164/164/164 176/176/176 165/165/165
f 166/166/166 177/177/177 178/178/178
f 166/166/166 178/178/178 167/167/167
f 167/167/167 178/178/178 168/168/168
f 178/178/178 179/179/179 168/168/168
f 168/168/168 179/179/179 169/169/169
f 179/179/179 180/180/180 169/169/169
f 169/169/169 180/180/180 181/181/181
f 169/169/169 181/181/181 170/170/170
f 170/170/170 181/181/181 182/182/182
f 170/170/170 182/182/182 171/171/171
f 171/171/171 182/182/182 183/183/183
f 171/171/171 183/183/183 172/172/172
f 172/172/172 183/183/183 184/184/184
f 172/172/172 184/184/184 173/173/173
f 173/173/173 184/184/184 185/185/185
f 173/173/173 185/185/185 174/174/174
f 174/174/174 185/185/185 186/186/186
f 174/174/174 186/186/186 175/175/175
f 175/175/175 186/186/186 187/187/187
f 175/175/175 187/187/187 176/176/176
f 177/177/177 188/188/188 189/189/189
f 177/177/177 189/189/189 178/178/178
f 178/178/178 189/189/189 179/179/179
f 189/189/189 190/190/190 179/179/179
f 179/179/179 190/190/190 180/180/180
f 190/190/190 191/191/191 180/180/180
f 180/180/180 191/191/191 192/192/192
f 180/180/180 192/192/192 181/181/181
f 181/181/181 192/192/192 193/193/193
f 181/181/181 193/193/193 182/182/182
f 182/182/182 193/193/193 194/194/194
f 182/182/182 194/194/194 183/183/183
f 183/183/183 194/194/194 195/195/195
f 183/183/183 195/195/195 184/184/184
f 184/184/184 195/195/195 196/196/196
f 184/184/184 196/196/196 185/185/185
f 185/185/185 196/196/196 197/197/197
f 185/185/185 197/197/197 186/186/186
f 186/186/186 197/197/197 198/198/198
f 186/186/186 198/198/198 187/187/187
f 188/188/188 199/199/199 200/200/200
f 188/188/188 200/200/200 189/189/189
f 189/189/189 200/200/200 201/201/201
f 189/189/189 201/201/201 190/190/190
f 190/190/190 201/201/201 191/191/191
f 201/201/201 202/202/202 191/191/191
f 191/191/191 202/202/202 203/203/203
f 191/191/191 203/203/203 192/192/192
f 192/192/192 203/203/203 204/204/204
f 192/192/192 204/204/204 193/193/193
f 193/193/193 204/204/204 205/205/205
f 193/193/193 205/205/205 194/194/194
f 194/194/194 205/205/205 206/206/206
f 194/194/194 206/206/206 195/195/195
f 195/195/195 206/206/206 207/207/207
f 195/195/195 207/207/207 196/196/196
f 196/196/196 207/207/207 208/208/208
f 196/196/196 208/208/208 197/197/197
f 197/197/197 208/208/208 209/209/209
f 197/197/197 209/209/209 198/198/198
f 199/199/199 210/210/210 211/211/211
f 199/199/199 211/211/211 200/200/200
f 200/200/200 211/211/211 212/212/212
f 200/200/200 212/212/212 201/201/201
f 201/201/201 212/212/212 213/213/213
f 201/201/201 213/213/213 202/202/202
f 202/202/202 213/213/213 214/214/214
f 202/202/202 214/214/214 203/203/203
f 203/203/203 214/214/214 215/215/215
f 203/203/203 215/215/215 204/204/204
f 204/204/204 215/215/215 216/216/216
f 204/204/204 216/216/216 205/205/205
f 205/205/205 216/216/216 217/217/217
f 205/205/205 217/217/217 206/206/206
f 206/206/206 217/217/217 218/218/218
f 206/206/206 218/218/218 207/207/207
f 207/207/207 218/218/218 219/219/219
f 207/207/207 219/219/219 208/208/208
f 208/208/208 219/219/219 220/220/220
f 208/208/208 220/220/220 209/209/209
f 210/210/210 221/221/221 222/222/222
f 210/210/210 222/222/222 211/211/211
f 211/211/211 222/222/222 223/223/223
f 211/211/211 223/223/223 212/212/212
f 212/212/212 223/223/223 224/224/224
f 212/212/212 224/224/224 213/213/213
f 213/213/213 224/224/224 225/225/225
f 213/213/213 225/225/225 214/214/214
f 214/214/214 225/225/225 226/226/226
f 214/214/214 226/226/226 215/215/215
f 215/215/215 226/226/226 227/227/227
f 215/215/215 227/227/227 216/216/216
f 216/216/216 227/227/227 228/228/228
f 216/216/216 228/228/228 217/217/217
f 217/217/217 228/228/228 229/229/229
f 217/217/217 229/229/229 218/218/218
f 218/218/218 229/229/229 230/230/230
f 218/218/218 230/230/230 219/219/219
f 219/219/219 230/230/230 231/231/231
f 219/219/219 231/231/231 220/220/220
f 221/221/221 232/232/232 233/233/233
f 221/221/221 233/233/233 222/222/222
f 222/222/222 233/233/233 223/223/223
f 233/233/233 234/234/234 223/223/223
f 223/223/223 234/234/234 235/235/235
f 223/223/223 235/235/235 224/224/224
f 224/224/224 235/235/235 236/236/236
f 224/224/224 236/236/236 225/225/225
f 225/225/225 236/236/236 237/237/237
f 225/225/225 237/237/237 226/226/226
f 226/226/226 237/237/237 227/227/227
f 237/237/237 238/238/238 227/227/227
f 227/227/227 238/238/238 239/239/239
f 227/227/227 239/239/239 228/228/228
f 228/228/228 239/239/239 229/229/229
f 239/239/239 240/240/240 229/229/229
f 229/229/229 240/240/240 241/241/241
f 229/229/229 241/241/241 230/230/230
f 230/230/230 241/241/241 231/231/231
f 241/241/241 242/242/242 231/231/231
f 232/232/232 243/243/243 233/233/233
f 243/243/243 244/244/244 233/233/233
f 233/233/233 244/244/244 234/234/234
f 244/244/244 245/245/245 234/234/234
f 234/234/234 245/245/245 246/246/246
f 234/234/234 246/246/246 235/235/235
f 235/235/235 246/246/246 236/236/236
f 246/246/246 247/247/247 236/236/236
f 236/236/236 247/247/247 248/248/248
f 236/236/236 248/248/248 237/237/237
f 237/237/237 248/248/248 238/238/238
f 248/248/248 249/249/249 238/238/238
f 238/238/238 249/249/249 239/239/239
f 249/249/249 250/250/250 239/239/239
f 239/239/239 250/250/250 251/251/251
f 239/239/239 251/251/251 240/240/240
f 240/240/240 251/251/251 252/252/252
f 240/240/240 252/252/252 241/241/241
f 241/241/241 252/252/252 242/242/242
f 252/252/252 253/253/253 242/242/242
f 243/243/243 254/254/254 244/244/244
f 254/254/254 255/255/255 244/244/244
f 244/244/244 255/255/255 256/256/256
f 244/244/244 256/256/256 245/245/245
f 245/245/245 256/256/256 246/246/246
f 256/256/256 257/257/257 246/246/246
f 246/246/246 257/257/257 247/247/247
f 257/257/257 258/258/258 247/247/247
f 247/247/247 258/258/258 248/248/248
f 258/258/258 259/259/259 248/248/248
f 248/248/248 259/259/259 260/260/260
f 248/248/248 260/260/260 249/249/249
f 249/249/249 260/260/260 250/250/250
f 260/260/260 261/261/261 250/250/250
f 250/250/250 261/261/261 262/262/262
f 250/250/250 262/262/262 251/251/251
f 251/251/251 262/262/262 252/252/252
f 262/262/262 263/263/263 252/252/252
f 252/252/252 263/263/263 253/253/253
f 263/263/263 264/264/264 253/253/253
f 254/254/254 265/265/265 255/255/255
f 265/265/265 266/266/266 255/255/255
f 255/255/255 266/266/266 267/267/267
f 255/255/255 267/267/267 256/256/256
f 256/256/256 267/267/267 268/268/268
f 256/256/256 268/268/268 257/257/257
f 257/257/257 268/268/268 258/258/258
f 268/268/268 269/269/269 258/258/258
f 258/258/258 269/269/269 259/259/259
f 269/269/269 270/270/270 259/259/259
f 259/259/259 270/270/270 271/271/271
f 259/259/259 271/271/271 260/260/260
f 260/260/260 271/271/271 272/272/272
f 260/260/260 272/272/272 261/261/261
f 261/261/261 272/272/272 262/262/262
f 272/272/272 273/273/273 262/262/262
f 262/262/262 273/273/273 274/274/274
f 262/262/262 274/274/274 263/263/263
f 263/263/263 274/274/274 275/275/275
f 263/263/263 275/275/275 264/264/264
f 265/265/265 276/276/276 266/266/266
f 276/276/276 277/277/277 266/266/266
f 266/266/266 277/277/277 267/267/267
f 277/277/277 278/278/278 267/267/267
f 267/267/267 278/278/278 279/279/279
f 267/267/267 279/279/279 268/268/268
f 268/268/268 279/279/279 280/280/280
f 268/268/268 280/280/280 269/269/269
f 269/269/269 280/280/280 281/281/281
f 269/269/269 281/281/281 270/270/270
f 270/270/270 281/281/281 271/271/271
f 281/281/281 282/282/282 271/271/271
f 271/271/271 282/282/282 272/272/272
f 282/282/282 283/283/283 272/272/272
f 272/272/272 283/283/283 284/284/284
f 272/272/272 284/284/284 273/273/273
f 273/273/273 284/284/284 274/274/274
f 284/284/284 285/285/285 274/274/274
f 274/274/274 285/285/285 275/275/275
f 285/285/285 286/286/286 275/275/275
f 276/276/276 287/287/287 288/288/288
f 276/276/276 288/288/288 277/277/277
f 277/277/277 288/288/288 289/289/289
f 277/277/277 289/289/289 278/278/278
f 278/278/278 289/289/289 279/279/279
f 289/289/289 290/290/290 279/279/279
f 279/279/279 290/290/290 280/280/280
f 290/290/290 291/291/291 280/280/280
f 280/280/280 291/291/291 281/281/281
f 291/291/291 292/292/292 281/281/281
f 281/281/281 292/292/292 293/293/293
f 281/281/281 293/293/293 282/282/282
f 282/282/282 293/293/293 294/294/294
f 282/282/282 294/294/294 283/283/283
f 283/283/283 294/294/294 284/284/284
f 294/294/294 295/295/295 284/284/284
f 284/284/284 295/295/295 296/296/296
f 284/284/284 296/296/296 285/285/285
f 285/285/285 296/296/296 297/297/297
f 285/285/285 297/297/297 286/286/286
f 287/287/287 298/298/298 299/299/299
f 287/287/287 299/299/299 288/288/288
f 288/288/288 299/299/299 289/289/289
f 299/299/299 300/300/300 289/289/289
f 289/289/289 300/300/300 301/301/301
f 289/289/289 301/301/301 290/290/290
f 290/290/290 301/301/301 302/302/302
f 290/290/290 302/302/302 291/291/291
f 291/291/291 302/302/302 303/303/303
f 291/291/291 303/303/303 292/292/292
f 292/292/292 303/303/303 293/293/293
f 303/303/303 304/304/304 293/293/293
f 293/293/293 304/304/304 294/294/294
f 304/304/304 305/305/305 294/294/294
f 294/294/294 305/305/305 306/306/306
f 294/294/294 306/306/306 295/295/295
f 295/295/295 306/306/306 296/296/296
f 306/306/306 307/307/307 296/296/296
f 296/296/296 307/307/307 297/297/297
f 307/307/307 308/308/308 297/297/297
f 298/298/298 309/309/309 310/310/310
f 298/298/298 310/310/310 299/299/299
f 299/299/299 310/310/310 300/300/300
f 310/310/310 311/311/311 300/300/300
f 300/300/300 311/311/311 312/312/312
f 300/300/300 312/312/312 301/301/301
f 301/301/301 312/312/312 313/313/313
f 301/301/301 313/313/313 302/302/302
f 302/302/302 313/313/313 314/314/314
f 302/302/302 314/314/314 303/303/303
f 303/303/303 314/314/314 304/304/304
f 314/314/314 315/315/315 304/304/304
f 304/304/304 315/315/315 316/316/316
f 304/304/304 316/316/316 305/305/305
f 305/305/305 316/316/316 306/306/306
f 316/316/316 317/317/317 306/306/306
f 306/306/306 317/317/317 318/318/318
f 306/306/306 318/318/318 307/307/307
f 307/307/307 318/318/318 319/319/319
f 307/307/307 319/319/319 308/308/308
f 309/309/309 320/320/320 321/321/321
f 309/309/309 321/321/321 310/310/310
f 310/310/310 321/321/321 322/322/322
f 310/310/310 322/322/322 311/311/311
f 311/311/311 322/322/322 312/312/312
f 322/322/322 323/323/323 312/312/312
f 312/312/312 323/323/323 324/324/324
f 312/312/312 324/324/324 313/313/313
f 313/313/313 324/324/324 314/314/314
f 324/324/324 325/325/325 314/314/314
f 314/314/314 325/325/325 326/326/326
f 314/314/314 326/326/326 315/315/315
f 315/315/315 326/326/326 327/327/327
f 315/315/315 327/327/327 316/316/316
f 316/316/316 327/327/327 317/317/317
f 327/327/327 328/328/328 317/317/317
f 317/317/317 328/328/328 318/318/318
f 328/328/328 329/329/329 318/318/318
f 318/318/318 329/329/329 330/330/330
f 318/318/318 330/330/330 319/319/319
f 320/320/320 331/331/331 321/321/321
f 331/331/331 332/332/332 321/321/321
f 321/321/321 332/332/332 333/333/333
f 321/321/321 333/333/333 322/322/322
f 322/322/322 333/333/333 323/323/323
f 333/333/333 334/334/334 323/323/323
f 323/323/323 334/334/334 324/324/324
f 334/334/334 335/335/335 324/324/324
f 324/324/324 335/335/335 325/325/325
f 335/335/335 336/336/336 325/325/325
f 325/325/325 336/336/336 337/337/337
f 325/325/325 337/337/337 326/326/326
f 326/326/326 337/337/337 327/327/327
f 337/337/337 338/338/338 327/327/327
f 327/327/327 338/338/338 339/339/339
f 327/327/327 339/339/339 328/328/328
f 328/328/328 339/339/339 329/329/329
f 339/339/339 340/340/340 329/329/329
f 329/329/329 340/340/340 341/341/341
f 329/329/329 341/341/341 330/330/330
f 331/331/331 342/342/342 343/343/343
f 331/331/331 343/343/343 332/332/332
f 332/332/332 343/343/343 333/333/333
f 343/343/343 344/344/344 333/333/333
f 333/333/333 344/344/344 345/345/345
f 333/333/333 345/345/345 334/334/334
f 334/334/334 345/345/345 346/346/346
f 334/334/334 346/346/346 335/335/335
f 335/335/335 346/346/346 347/347/347
f 335/335/335 347/347/347 336/336/336
f 336/336/336 347/347/347 337/337/337
f 347/347/347 348/348/348 337/337/337
f 337/337/337 348/348/348 349/349/349
f 337/337/337 349/349/349 338/338/338
f 338/338/338 349/349/349 339/339/339
f 349/349/349 350/350/350 339/339/339
f 339/339/339 350/350/350 351/351/351
f 339/339/339 351/351/351 340/340/340
f 340/340/340 351/351/351 341/341/341
f 351/351/351 352/352/352 341/341/341
f 342/342/342 353/353/353 343/343/343
f 353/353/353 354/354/354 343/343/343
f 343/343/343 354/354/354 344/344/344
f 354/354/354 355/355/355 344/344/344
f 344/344/344 355/355/355 356/356/356
f 344/344/344 356/356/356 345/345/345
f 345/345/345 356/356/356 346/346/346
f 356/356/356 357/357/357 346/346/346
f 346/346/346 357/357/357 358/358/358
f 346/346/346 358/358/358 347/347/347
f 347/347/347 358/358/358 348/348/348
f 358/358/358 359/359/359 348/348/348
f 348/348/348 359/359/359 349/349/349
f 359/359/359 360/360/360 349/349/349
f 349/349/349 360/360/360 361/361/361
f 349/349/349 361/361/361 350/350/350
f 350/350/350 361/361/361 362/362/362
f 350/350/350 362/362/362 351/351/351
f 351/351/351 362/362/362 352/352/352
f 362/362/362 363/363/363 352/352/352
f 353/353/353 364/364/364 354/354/354
f 364/364/364 365/365/365 354/354/354
f 354/354/354 365/365/365 366/366/366
f 354/354/354 366/366/366 355/355/355
f 355/355/355 366/366/366 356/356/356
f 366/366/366 367/367/367 356/356/356
f 356/356/356 367/367/367 357/357/357
f 367/367/367 368/368/368 357/357/357
f 357/357/357 368/368/368 358/358/358
f 368/368/368 369/369/369 358/358/358
f 358/358/358 369/369/369 370/370/370
f 358/358/358 370/370/370 359/359/359
f 359/359/359 370/370/370 360/360/360
f 370/370/370 371/371/371 360/360/360
f 360/360/360 371/371/371 372/372/372
f 360/360/360 372/372/372 361/361/361
f 361/361/361 372/372/372 362/362/362
f 372/372/372 373/373/373 362/362/362
f 362/362/362 373/373/373 363/363/363
f 373/373/373 374/374/374 363/363/363
f 364/364/364 375/375/375 365/365/365
f 375/375/375 376/376/376 365/365/365
f 365/365/365 376/376/376 377/377/377
f 365/365/365 377/377/377 366/366/366
f 366/366/366 377/377/377 367/367/367
f 377/377/377 378/378/378 367/367/367
f 367/367/367 378/378/378 368/368/368
f 378/378/378 379/379/379 368/368/368
f 368/368/368 379/379/379 369/369/369
f 379/379/379 380/380/380 369/369/369
f 369/369/369 380/380/380 381/381/381
f 369/369/369 381/381/381 370/370/370
f 370/370/370 381/381/381 382/382/382
f 370/370/370 382/382/382 371/371/371
f 371/371/371 382/382/382 372/372/372
f 382/382/382 383/383/383 372/372/372
f 372/372/372 383/383/383 384/384/384
f 372/372/372 384/384/384 373/373/373
f 373/373/373 384/384/384 385/385/385
f 373/373/373 385/385/385 374/374/374
f 375/375/375 386/386/386 376/376/376
f 386/386/386 387/387/387 376/376/376
f 376/376/376 387/387/387 377/377/377
f 387/387/387 388/388/388 377/377/377
f 377/377/377 388/388/388 389/389/389
f 377/377/377 389/389/389 378/378/378
f 378/378/378 389/389/389 390/390/390
f 378/378/378 390/390/390 379/379/379
f 379/379/379 390/390/390 391/391/391
f 379/379/379 391/391/391 380/380/380
f 380/380/380 391/391/391 381/381/381
f 391/391/391 392/392/392 381/381/381
f 381/381/381 392/392/392 382/382/382
f 392/392/392 393/393/393 382/382/382
f 382/382/382 393/393/393 394/394/394
f 382/382/382 394/394/394 383/383/383
f 383/383/383 394/394/394 384/384/384
f 394/394/394 395/395/395 384/384/384
f 384/384/384 395/395/395 385/385/385
f 395/395/395 396/396/396 385/385/385
f 386/386/386 397/397/397 398/398/398
f 386/386/386 398/398/398 387/387/387
f 387/387/387 398/398/398 399/399/399
f 387/387/387 399/399/399 388/388/388
f 388/388/388 399/399/399 389/389/389
f 399/399/399 400/400/400 389/389/389
f 389/389/389 400/400/400 390/390/390
f 400/400/400 401/401/401 390/390/390
f 390/390/390 401/401/401 391/391/391
f 401/401/401 402/402/402 391/391/391
f 391/391/391 402/402/402 403/403/403
f 391/391/391 403/403/403 392/392/392
f 392/392/392 403/403/403 404/404/404
f 392/392/392 404/404/404 393/393/393
f 393/393/393 404/404/404 394/394/394
f 404/404/404 405/405/405 394/394/394
f 394/394/394 405/405/405 406/406/406
f 394/394/394 406/406/406 395/395/395
f 395/395/395 406/406/406 407/407/407
f 395/395/395 407/407/407 396/396/396
f 397/397/397 408/408/408 409/409/409
f 397/397/397 409/409/409 398/398/398
f 398/398/398 409/409/409 399/399/399
f 409/409/409 410/410/410 399/399/399
f 399/399/399 410/410/410 411/411/411
f 399/399/399 411/411/411 400/400/400
f 400/400/400 411/411/411 412/412/412
f 400/400/400 412/412/412 401/401/401
f 401/401/401 412/412/412 413/413/413
f 401/401/401 413/413/413 402/402/402
f 402/402/402 413/413/413 403/403/403
f 413/413/413 414/414/414 403/403/403
f 403/403/403 414/414/414 404/404/404
f 414/414/414 415/415/415 404/404/404
f 404/404/404 415/415/415 416/416/416
f 404/404/404 416/416/416 405/405/405
f 405/405/405 416/416/416 406/406/406
f 416/416/416 417/417/417 406/406/406
f 406/406/406 417/417/417 407/407/407
f 417/417/417 418/418/418 407/407/407
f 408/408/408 419/419/419 420/420/420
f 408/408/408 420/420/420 409/409/409
f 409/409/409 420/420/420 410/410/410
f 420/420/420 421/421/421 410/410/410
f 410/410/410 421/421/421 422/422/422
f 410/410/410 422/422/422 411/411/411
f 411/411/411 422/422/422 423/423/423
f 411/411/411 423/423/423 412/412/412
f 412/412/412 423/423/423 424/424/424
f 412/412/412 424/424/424 413/413/413
f 413/413/413 424/424/424 414/414/414
f 424/424/424 425/425/425 414/414/414
f 414/414/414 425/425/425 426/426/426
f 414/414/414 426/426/426 415/415/415
f 415/415/415 426/426/426 416/416/416
f 426/426/426 427/427/427 416/416/416
f 416/416/416 427/427/427 428/428/428
f 416/416/416 428/428/428 417/417/417
f 417/417/417 428/428/428 429/429/429
f 417/417/417 429/429/429 418/418/418
f 419/419/419 430/430/430 431/431/431
f 419/419/419 431/431/431 420/420/420
f 420/420/420 431/431/431 432/432/432
f 420/420/420 432/432/432 421/421/421
f 421/421/421 432/432/432 422/422/422
f 432/432/432 433/433/433 422/422/422
f 422/422/422 433/433/433 434/434/434
f 422/422/422 434/434/434 423/423/423
f 423/423/423 434/434/434 424/424/424
f 434/434/434 435/435/435 424/424/424
f 424/424/424 435/435/435 436/436/436
f 424/424/424 436/436/436 425/425/425
f 425/425/425 436/436/436 437/437/437
f 425/425/425 437/437/437 426/426/426
f 426/426/426 437/437/437 427/427/427
f 437/437/437 438/438/438 427/427/427
f 427/427/427 438/438/438 428/428/428
f 438/438/438 439/439/439 428/428/428
f 428/428/428 439/439/439 440/440/440
f 428/428/428 440/440/440 429/429/429
f 430/430/430 1/1/1 431/431/431
f 1/1/1 4/4/4 431/431/431
f 431/431/431 4/4/4 5/5/5
f 431/431/431 5/5/5 432/432/432
f 432/432/432 5/5/5 433/433/433
f 5/5/5 8/8/8 433/433/433
f 433/433/433 8/8/8 434/434/434
f 8/8/8 10/10/10 434/434/434
f 434/434/434 10/10/10 435/435/435
f 10/10/10 12/12/12 435/435/435
f 435/435/435 12/12/12 13/13/13
f 435/435/435 13/13/13 436/436/436
f 436/436/436 13/13/13 437/437/437
f 13/13/13 16/16/16 437/437/437
f 437/437/437 16/16/16 17/17/17
f 437/437/437 17/17/17 438/438/438
f 438/438/438 17/17/17 439/439/439
f 17/17/17 20/20/20 439/439/439
f 439/439/439 20/20/20 21/21/21
f 439/439/439 21/21/21 440/440/440
f 21/21/21 22/22/22 441/441/441
f 21/21/21 441/441/441 442/442/442
f 442/442/442 441/441/441 443/443/443
f 442/442/442 443/443/443 444/444/444
f 444/444/444 443/443/443 445/445/445
f 443/443/443 446/446/446 445/445/445
f 445/445/445 446/446/446 447/447/447
f 445/445/445 447/447/447 448/448/448
f 448/448/448 447/447/447 449/449/449
f 447/447/447 450/450/450 449/449/449
f 449/449/449 450/450/450 451/451/451
f 449/449/449 451/451/451 452/452/452
f 452/452/452 451/451/451 453/453/453
f 452/452/452 453/453/453 454/454/454
f 454/454/454 453/453/453 455/455/455
f 453/453/453 456/456/456 455/455/455
f 455/455/455 456/456/456 457/457/457
f 455/455/455 457/457/457 458/458/458
f 458/458/458 457/457/457 459/459/459
f 457/457/457 460/460/460 459/459/459
f 22/22/22 33/33/33 461/461/461
f 22/22/22 461/461/461 441/441/441
f 441/441/441 461/461/461 443/443/443
f 461/461/461 462/462/462 443/443/443
f 443/443/443 462/462/462 463/463/463
f 443/443/443 463/463/463 446/446/446
f 446/446/446 463/463/463 464/464/464
f 446/446/446 464/464/464 447/447/447
f 447/447/447 464/464/464 450/450/450
f 464/464/464 465/465/465 450/450/450
f 450/450/450 465/465/465 451/451/451
f 465/465/465 466/466/466 451/451/451
f 451/451/451 466/466/466 453/453/453
f 466/466/466 467/467/467 453/453/453
f 453/453/453 467/467/467 468/468/468
f 453/453/453 468/468/468 456/456/456
f 456/456/456 468/468/468 469/469/469
f 456/456/456 469/469/469 457/457/457
f 457/457/457 469/469/469 460/460/460
f 469/469/469 470/470/470 460/460/460
f 33/33/33 44/44/44 461/461/461
f 44/44/44 471/471/471 461/461/461
f 461/461/461 471/471/471 472/472/472
f 461/461/461 472/472/472 462/462/462
f 462/462/462 472/472/472 463/463/463
f 472/472/472 473/473/473 463/463/463
f 463/463/463 473/473/473 474/474/474
f 463/463/463 474/474/474 464/464/464
f 464/464/464 474/474/474 465/465/465
f 474/474/474 475/475/475 465/465/465
f 465/465/465 475/475/475 476/476/476
f 465/465/465 476/476/476 466/466/466
f 466/466/466 476/476/476 467/467/467
f 476/476/476 477/477/477 467/467/467
f 467/467/467 477/477/477 478/478/478
f 467/467/467 478/478/478 468/468/468
f 468/468/468 478/478/478 469/469/469
f 478/478/478 479/479/479 469/469/469
f 469/469/469 479/479/479 480/480/480
f 469/469/469 480/480/480 470/470/470
f 44/44/44 55/55/55 481/481/481
f 44/44/44 481/481/481 471/471/471
f 471/471/471 481/481/481 472/472/472
f 481/481/481 482/482/482 472/472/472
f 472/472/472 482/482/482 473/473/473
f 482/482/482 483/483/483 473/473/473
f 473/473/473 483/483/483 484/484/484
f 473/473/473 484/484/484 474/474/474
f 474/474/474 484/484/484 485/485/485
f 474/474/474 485/485/485 475/475/475
f 475/475/475 485/485/485 476/476/476
f 485/485/485 486/486/486 476/476/476
f 476/476/476 486/486/486 487/487/487
f 476/476/476 487/487/487 477/477/477
f 477/477/477 487/487/487 488/488/488
f 477/477/477 488/488/488 478/478/478
f 478/478/478 488/488/488 489/489/489
f 478/478/478 489/489/489 479/479/479
f 479/479/479 489/489/489 480/480/480
f 489/489/489 490/490/490 480/480/480
f 55/55/55 66/66/66 491/491/491
f 55/55/55 491/491/491 481/481/481
f 481/481/481 491/491/491 482/482/482
f 491/491/491 492/492/492 482/482/482
f 482/482/482 492/492/492 493/493/493
f 482/482/482 493/493/493 483/483/483
f 483/483/483 493/493/493 484/484/484
f 493/493/493 494/494/494 484/484/484
f 484/484/484 494/494/494 485/485/485
f 494/494/494 495/495/495 485/485/485
f 485/485/485 495/495/495 496/496/496
f 485/485/485 496/496/496 486/486/486
f 486/486/486 496/496/496 487/487/487
f 496/496/496 497/497/497 487/487/487
f 487/487/487 497/497/497 498/498/498
f 487/487/487 498/498/498 488/488/488
f 488/488/488 498/498/498 499/499/499
f 488/488/488 499/499/499 489/489/489
f 489/489/489 499/499/499 490/490/490
f 499/499/499 500/500/500 490/490/490
f 66/66/66 77/77/77 491/491/491
f 77/77/77 501/501/501 491/491/491
f 491/491/491 501/501/501 502/502/502
f 491/491/491 502/502/502 492/492/492
f 492/492/492 502/502/502 493/493/493
f 502/502/502 503/503/503 493/493/493
f 493/493/493 503/503/503 504/504/504
f 493/493/493 504/504/504 494/494/494
f 494/494/494 504/504/504 505/505/505
f 494/494/494 505/505/505 495/495/495
f 495/495/495 505/505/505 496/496/496
f 505/505/505 506/506/506 496/496/496
f 496/496/496 506/506/506 507/507/507
f 496/496/496 507/507/507 497/497/497
f 497/497/497 507/507/507 498/498/498
f 507/507/507 508/508/508 498/498/498
f 498/498/498 508/508/508 499/499/499
f 508/508/508 509/509/509 499/499/499
f 499/499/499 509/509/509 510/510/510
f 499/499/499 510/510/510 500/500/500
f 77/77/77 88/88/88 501/501/501
f 88/88/88 511/511/511 501/501/501
f 501/501/501 511/511/511 512/512/512
f 501/501/501 512/512/512 502/502/502
f 502/502/502 512/512/512 513/513/513
f 502/502/502 513/513/513 503/503/503
f 503/503/503 513/513/513 504/504/504
f 513/513/513 514/514/514 504/504/504
f 504/504/504 514/514/514 505/505/505
f 514/514/514 515/515/515 505/505/505
f 505/505/505 515/515/515 516/516/516
f 505/505/505 516/516/516 506/506/506
f 506/506/506 516/516/516 507/507/507
f 516/516/516 517/517/517 507/507/507
f 507/507/507 517/517/517 508/508/508
f 517/517/517 518/518/518 508/508/508
f 508/508/508 518/518/518 509/509/509
f 518/518/518 519/519/519 509/509/509
f 509/509/509 519/519/519 520/520/520
f 509/509/509 520/520/520 510/510/510
f 88/88/88 99/99/99 511/511/511
f 99/99/99 521/521/521 511/511/511
f 511/511/511 521/521/521 512/512/512
f 521/521/521 522/522/522 512/512/512
f 512/512/512 522/522/522 523/523/523
f 512/512/512 523/523/523 513/513/513
f 513/513/513 523/523/523 514/514/514
f 523/523/523 524/524/524 514/514/514
f 514/514/514 524/524/524 515/515/515
f 524/524/524 525/525/525 515/515/515
f 515/515/515 525/525/525 516/516/516
f 525/525/525 526/526/526 516/516/516
f 516/516/516 526/526/526 527/527/527
f 516/516/516 527/527/527 517/517/517
f 517/517/517 527/527/527 518/518/518
f 527/527/527 528/528/528 518/518/518
f 518/518/518 528/528/528 529/529/529
f 518/518/518 529/529/529 519/519/519
f 519/519/519 529/529/529 520/520/520
f 529/529/529 530/530/530 520/520/520
f 99/99/99 110/110/110 521/521/521
f 110/110/110 531/531/531 521/521/521
f 521/521/521 531/531/531 532/532/532
f 521/521/521 532/532/532 522/522/522
f 522/522/522 532/532/532 523/523/523
f 532/532/532 533/533/533 523/523/523
f 523/523/523 533/533/533 524/524/524
f 533/533/533 534/534/534 524/524/524
f 524/524/524 534/534/534 535/535/535
f 524/524/524 535/535/535 525/525/525
f 525/525/525 535/535/535 536/536/536
f 525/525/525 536/536/536 526/526/526
f 526/526/526 536/536/536 537/537/537
f 526/526/526 537/537/537 527/527/527
f 527/527/527 537/537/537 528/528/528
f 537/537/537 538/538/538 528/528/528
f 528/528/528 538/538/538 529/529/529
f 538/538/538 539/539/539 529/529/529
f 529/529/529 539/539/539 540/540/540
f 529/529/529 540/540/540 530/530/530
f 110/110/110 121/121/121 531/531/531
f 121/121/121 541/541/541 531/531/531
f 531/531/531 541/541/541 532/532/532
f 541/541/541 542/542/542 532/532/532
f 532/532/532 542/542/542 543/543/543
f 532/532/532 543/543/543 533/533/533
f 533/533/533 543/543/543 534/534/534
f 543/543/543 544/544/544 534/534/534
f 534/534/534 544/544/544 545/545/545
f 534/534/534 545/545/545 535/535/535
f 535/535/535 545/545/545 536/536/536
f 545/545/545 546/546/546 536/536/536
f 536/536/536 546/546/546 537/537/537
f 546/546/546 547/547/547 537/537/537
f 537/537/537 547/547/547 548/548/548
f 537/537/537 548/548/548 538/538/538
f 538/538/538 548/548/548 539/539/539
f 548/548/548 549/549/549 539/539/539
f 539/539/539 549/549/549 550/550/550
f 539/539/539 550/550/550 540/540/540
f 121/121/121 132/132/132 551/551/551
f 121/121/121 551/551/551 541/541/541
f 541/541/541 551/551/551 552/552/552
f 541/541/541 552/552/552 542/542/542
f 542/542/542 552/552/552 543/543/543
f 552/552/552 553/553/553 543/543/543
f 543/543/543 553/553/553 554/554/554
f 543/543/543 554/554/554 544/544/544
f 544/544/544 554/554/554 545/545/545
f 554/554/554 555/555/555 545/545/545
f 545/545/545 555/555/555 556/556/556
f 545/545/545 556/556/556 546/546/546
f 546/546/546 556/556/556 557/557/557
f 546/546/546 557/557/557 547/547/547
f 547/547/547 557/557/557 548/548/548
f 557/557/557 558/558/558 548/548/548
f 548/548/548 558/558/558 559/559/559
f 548/548/548 559/559/559 549/549/549
f 549/549/549 559/559/559 550/550/550
f 559/559/559 560/560/560 550/550/550
f 132/132/132 143/143/143 561/561/561
f 132/132/132 561/561/561 551/551/551
f 551/551/551 561/561/561 552/552/552
f 561/561/561 562/562/562 552/552/552
f 552/552/552 562/562/562 563/563/563
f 552/552/552 563/563/563 553/553/553
f 553/553/553 563/563/563 564/564/564
f 553/553/553 564/564/564 554/554/554
f 554/554/554 564/564/564 555/555/555
f 564/564/564 565/565/565 555/555/555
f 555/555/555 565/565/565 556/556/556
f 565/565/565 566/566/566 556/556/556
f 556/556/556 566/566/566 557/557/557
f 566/566/566 567/567/567 557/557/557
f 557/557/557 567/567/567 568/568/568
f 557/557/557 568/568/568 558/558/558
f 558/558/558 568/568/568 569/569/569
f 558/558/558 569/569/569 559/559/559
f 559/559/559 569/569/569 560/560/560
f 569/569/569 570/570/570 560/560/560
f 143/143/143 154/154/154 571/571/571
f 143/143/143 571/571/571 561/561/561
f 561/561/561 571/571/571 572/572/572
f 561/561/561 572/572/572 562/562/562
f 562/562/562 572/572/572 563/563/563
f 572/572/572 573/573/573 563/563/563
f 563/563/563 573/573/573 574/574/574
f 563/563/563 574/574/574 564/564/564
f 564/564/564 574/574/574 565/565/565
f 574/574/574 575/575/575 565/565/565
f 565/565/565 575/575/575 576/576/576
f 565/565/565 576/576/576 566/566/566
f 566/566/566 576/576/576 567/567/567
f 576/576/576 577/577/577 567/567/567
f 567/567/567 577/577/577 578/578/578
f 567/567/567 578/578/578 568/568/568
f 568/568/568 578/578/578 569/569/569
f 578/578/578 579/579/579 569/569/569
f 569/569/569 579/579/579 580/580/580
f 569/569/569 580/580/580 570/570/570
f 154/154/154 165/165/165 581/581/581
f 154/154/154 581/581/581 571/571/571
f 571/571/571 581/581/581 572/572/572
f 581/581/581 582/582/582 572/572/572
f 572/572/572 582/582/582 573/573/573
f 582/582/582 583/583/583 573/573/573
f 573/573/573 583/583/583 584/584/584
f 573/573/573 584/584/584 574/574/574
f 574/574/574 584/584/584 585/585/585
f 574/574/574 585/585/585 575/575/575
f 575/575/575 585/585/585 576/576/576
f 585/585/585 586/586/586 576/576/576
f 576/576/576 586/586/586 587/587/587
f 576/576/576 587/587/587 577/577/577
f 577/577/577 587/587/587 588/588/588
f 577/577/577 588/588/588 578/578/578
f 578/578/578 588/588/588 589/589/589
f 578/578/578 589/589/589 579/579/579
f 579/579/579 589/589/589 580/580/580
f 589/589/589 590/590/590 580/580/580
f 165/165/165 176/176/176 591/591/591
f 165/165/165 591/591/591 581/581/581
f 581/581/581 591/591/591 582/582/582
f 591/591/591 592/592/592 582/582/582
f 582/582/582 592/592/592 593/593/593
f 582/582/582 593/593/593 583/583/583
f 583/583/583 593/593/593 584/584/584
f 593/593/593 594/594/594 584/584/584
f 584/584/584 594/594/594 585/585/585
f 594/594/594 595/595/595 585/585/585
f 585/585/585 595/595/595 596/596/596
f 585/585/585 596/596/596 586/586/586
f 586/586/586 596/596/596 587/587/587
f 596/596/596 597/597/597 587/587/587
f 587/587/587 597/597/597 598/598/598
f 587/587/587 598/598/598 588/588/588
f 588/588/588 598/598/598 599/599/599
f 588/588/588 599/599/599 589/589/589
f 589/589/589 599/599/599 590/590/590
f 599/599/599 600/600/600 590/590/590
f 176/176/176 187/187/187 591/591/591
f 187/187/187 601/601/601 591/591/591
f 591/591/591 601/601/601 602/602/602
f 591/591/591 602/602/602 592/592/592
f 592/592/592 602/602/602 593/593/593
f 602/602/602 603/603/603 593/593/593
f 593/593/593 603/603/603 604/604/604
f 593/593/593 604/604/604 594/594/594
f 594/594/594 604/604/604 605/605/605
f 594/594/594 605/605/605 595/595/595
f 595/595/595 605/605/605 596/596/596
f 605/605/605 606/606/606 596/596/596
f 596/596/596 606/606/606 607/607/607
f 596/596/596 607/607/607 597/597/597
f 597/597/597 607/607/607 598/598/598
f 607/607/607 608/608/608 598/598/598
f 598/598/598 608/608/608 599/599/599
f 608/608/608 609/609/609 599/599/599
f 599/599/599 609/609/609 610/610/610
f 599/599/599 610/610/610 600/600/600
f 187/187/187 198/198/198 601/601/601
f 198/198/198 611/611/611 601/601/601
f 601/601/601 611/611/611 612/612/612
f 601/601/601 612/612/612 602/602/602
f 602/602/602 612/612/612 613/613/613
f 602/602/602 613/613/613 603/603/603
f 603/603/603 613/613/613 604/604/604
f 613/613/613 614/614/614 604/604/604
f 604/604/604 614/614/614 605/605/605
f 614/614/614 615/615/615 605/605/605
f 605/605/605 615/615/615 616/616/616
f 605/605/605 616/616/616 606/606/606
f 606/606/606 616/616/616 607/607/607
f 616/616/616 617/617/617 607/607/607
f 607/607/607 617/617/617 608/608/608
f 617/617/617 618/618/618 608/608/608
f 608/608/608 618/618/618 609/609/609
f 618/618/618 619/619/619 609/609/609
f 609/609/609 619/619/619 620/620/620
f 609/609/609 620/620/620 610/610/610
f 198/198/198 209/209/209 621/621/621
f 198/198/198 621/621/621 611/611/611
f 611/611/611 621/621/621 612/612/612
f 621/621/621 622/622/622 612/612/612
f 612/612/612 622/622/622 623/623/623
f 612/612/612 623/623/623 613/613/613
f 613/613/613 623/623/623 614/614/614
f 623/623/623 624/624/624 614/614/614
f 614/614/614 624/624/624 615/615/615
f 624/624/624 625/625/625 615/615/615
f 615/615/615 625/625/625 616/616/616
f 625/625/625 626/626/626 616/616/616
f 616/616/616 626/626/626 627/627/627
f 616/616/616 627/627/627 617/617/617
f 617/617/617 627/627/627 618/618/618
f 627/627/627 628/628/628 618/618/618
f 618/618/618 628/628/628 629/629/629
f 618/618/618 629/629/629 619/619/619
f 619/619/619 629/629/629 620/620/620
f 629/629/629 630/630/630 620/620/620
f 209/209/209 220/220/220 621/621/621
f 220/220/220 631/631/631 621/621/621
f 621/621/621 631/631/631 632/632/632
f 621/621/621 632/632/632 622/622/622
f 622/622/622 632/632/632 623/623/623
f 632/632/632 633/633/633 623/623/623
f 623/623/623 633/633/633 624/624/624
f 633/633/633 634/634/634 624/624/624
f 624/624/624 634/634/634 635/635/635
f 624/624/624 635/635/635 625/625/625
f 625/625/625 635/635/635 636/636/636
f 625/625/625 636/636/636 626/626/626
f 626/626/626 636/636/636 637/637/637
f 626/626/626 637/637/637 627/627/627
f 627/627/627 637/637/637 628/628/628
f 637/637/637 638/638/638 628/628/628
f 628/628/628 638/638/638 629/629/629
f 638/638/638 639/639/639 629/629/629
f 629/629/629 639/639/639 640/640/640
f 629/629/629 640/640/640 630/630/630
f 220/220/220 231/231/231 631/631/631
f 231/231/231 641/641/641 631/631/631
f 631/631/631 641/641/641 632/632/632
f 641/641/641 642/642/642 632/632/632
f 632/632/632 642/642/642 643/643/643
f 632/632/632 643/643/643 633/633/633
f 633/633/633 643/643/643 634/634/634
f 643/643/643 644/644/644 634/634/634
f 634/634/634 644/644/644 645/645/645
f 634/634/634 645/645/645 635/635/635
f 635/635/635 645/645/645 636/636/636
f 645/645/645 646/646/646 636/636/636
f 636/636/636 646/646/646 637/637/637
f 646/646/646 647/647/647 637/637/637
f 637/637/637 647/647/647 648/648/648
f 637/637/637 648/648/648 638/638/638
f 638/638/638 648/648/648 639/639/639
f 648/648/648 649/649/649 639/639/639
f 639/639/639 649/649/649 650/650/650
f 639/639/639 650/650/650 640/640/640
f 231/231/231 242/242/242 651/651/651
f 231/231/231 651/651/651 641/641/641
f 641/641/641 651/651/651 652/652/652
f 641/641/641 652/652/652 642/642/642
f 642/642/642 652/652/652 643/643/643
f 652/652/652 653/653/653 643/643/643
f 643/643/643 653/653/653 654/654/654
f 643/643/643 654/654/654 644/644/644
f 644/644/644 654/654/654 645/645/645
f 654/654/654 655/655/655 645/645/645
f 645/645/645 655/655/655 656/656/656
f 645/645/645 656/656/656 646/646/646
f 646/646/646 656/656/656 657/657/657
f 646/646/646 657/657/657 647/647/647
f 647/647/647 657/657/657 648/648/648
f 657/657/657 658/658/658 648/648/648
f 648/648/648 658/658/658 659/659/659
f 648/648/648 659/659/659 649/649/649
f 649/649/649 659/659/659 650/650/650
f 659/659/659 660/660/660 650/650/650
f 242/242/242 253/253/253 661/661/661
f 242/242/242 661/661/661 651/651/651
f 651/651/651 661/661/661 652/652/652
f 661/661/661 662/662/662 652/652/652
f 652/652/652 662/662/662 663/663/663
f 652/652/652 663/663/663 653/653/653
f 653/653/653 663/663/663 664/664/664
f 653/653/653 664/664/664 654/654/654
f 654/654/654 664/664/664 655/655/655
f 664/664/664 665/665/665 655/655/655
f 655/655/655 665/665/665 656/656/656
f 665/665/665 666/666/666 656/656/656
f 656/656/656 666/666/666 657/657/657
f 666/666/666 667/667/667 657/657/657
f 657/657/657 667/667/667 668/668/668
f 657/657/657 668/668/668 658/658/658
f 658/658/658 668/668/668 669/669/669
f 658/658/658 669/669/669 659/659/659
f 659/659/659 669/669/669 660/660/660
f 669/669/669 670/670/670 660/660/660
f 253/253/253 264/264/264 661/661/661
f 264/264/264 671/671/671 661/661/661
f 661/661/661 671/671/671 672/672/672
f 661/661/661 672/672/672 662/662/662
f 662/662/662 672/672/672 663/663/663
f 672/672/672 673/673/673 663/663/663
f 663/663/663 673/673/673 674/674/674
f 663/663/663 674/674/674 664/664/664
f 664/664/664 674/674/674 665/665/665
f 674/674/674 675/675/675 665/665/665
f 665/665/665 675/675/675 676/676/676
f 665/665/665 676/676/676 666/666/666
f 666/666/666 676/676/676 667/667/667
f 676/676/676 677/677/677 667/667/667
f 667/667/667 677/677/677 678/678/678
f 667/667/667 678/678/678 668/668/668
f 668/668/668 678/678/678 669/669/669
f 678/678/678 679/679/679 669/669/669
f 669/669/669 679/679/679 680/680/680
f 669/669/669 680/680/680 670/670/670
f 264/264/264 275/275/275 681/681/681
f 264/264/264 681/681/681 671/671/671
f 671/671/671 681/681/681 672/672/672
f 681/681/681 682/682/682 672/672/672
f 672/672/672 682/682/682 673/673/673
f 682/682/682 683/683/683 673/673/673
f 673/673/673 683/683/683 684/684/684
f 673/673/673 684/684/684 674/674/674
f 674/674/674 684/684/684 685/685/685
f 674/674/674 685/685/685 675/675/675
f 675/675/675 685/685/685 676/676/676
f 685/685/685 686/686/686 676/676/676
f 676/676/676 686/686/686 687/687/687
f 676/676/676 687/687/687 677/677/677
f 677/677/677 687/687/687 688/688/688
f 677/677/677 688/688/688 678/678/678
f 678/678/678 688/688/688 689/689/689
f 678/678/678 689/689/689 679/679/679
f 679/679/679 689/689/689 680/680/680
f 689/689/689 690/690/690 680/680/680
f 275/275/275 286/286/286 691/691/691
f 275/275/275 691/691/691 681/681/681
f 681/681/681 691/691/691 682/682/682
f 691/691/691 692/692/692 682/682/682
f 682/682/682 692/692/692 693/693/693
f 682/682/682 693/693/693 683/683/683
f 683/683/683 693/693/693 684/684/684
f 693/693/693 694/694/694 684/684/684
f 684/684/684 694/694/694 685/685/685
f 694/694/694 695/695/695 685/685/685
f 685/685/685 695/695/695 696/696/696
f 685/685/685 696/696/696 686/686/686
f 686/686/686 696/696/696 687/687/687
f 696/696/696 697/697/697 687/687/687
f 687/687/687 697/697/697 698/698/698
f 687/687/687 698/698/698 688/688/688
f 688/688/688 698/698/698 699/699/699
f 688/688/688 699/699/699 689/689/689
f 689/689/689 699/699/699 690/690/690
f 699/699/699 700/700/700 690/690/690
f 286/286/286 297/297/297 691/691/691
f 297/297/297 701/701/701 691/691/691
f 691/691/691 701/701/701 702/702/702
f 691/691/691 702/702/702 692/692/692
f 692/692/692 702/702/702 693/693/693
f 702/702/702 703/703/703 693/693/693
f 693/693/693 703/703/703 704/704/704
f 693/693/693 704/704/704 694/694/694
f 694/694/694 704/704/704 705/705/705
f 694/694/694 705/705/705 695/695/695
f 695/695/695 705/705/705 696/696/696
f 705/705/705 706/706/706 696/696/696
f 696/696/696 706/706/706 707/707/707
f 696/696/696 707/707/707 697/697/697
f 697/697/697 707/707/707 698/698/698
f 707/707/707 708/708/708 698/698/698
f 698/698/698 708/708/708 699/699/699
f 708/708/708 709/709/709 699/699/699
f 699/699/699 709/709/709 710/710/710
f 699/699/699 710/710/710 700/700/700
f 297/297/297 308/308/308 701/701/701
f 308/308/308 711/711/711 701/701/701
f 701/701/701 711/711/711 712/712/712
f 701/701/701 712/712/712 702/702/702
f 702/702/702 712/712/712 713/713/713
f 702/702/702 713/713/713 703/703/703
f 703/703/703 713/713/713 704/704/704
f 713/713/713 714/714/714 704/704/704
f 704/704/704 714/714/714 705/705/705
f 714/714/714 715/715/715 705/705/705
f 705/705/705 715/715/715 716/716/716
f 705/705/705 716/716/716 706/706/706
f 706/706/706 716/716/716 707/707/707
f 716/716/716 717/717/717 707/707/707
f 707/707/707 717/717/717 708/708/708
f 717/717/717 718/718/718 708/708/708
f 708/708/708 718/718/718 709/709/709
f 718/718/718 719/719/719 709/709/709
f 709/709/709 719/719/719 720/720/720
f 709/709/709 720/720/720 710/710/710
f 308/308/308 319/319/319 721/721/721
f 308/308/308 721/721/721 711/711/711
f 711/711/711 721/721/721 712/712/712
f 721/721/721 722/722/722 712/712/712
f 712/712/712 722/722/722 723/723/723
f 712/712/712 723/723/723 713/713/713
f 713/713/713 723/723/723 714/714/714
f 723/723/723 724/724/724 714/714/714
f 714/714/714 724/724/724 715/715/715
f 724/724/724 725/725/725 715/715/715
f 715/715/715 725/725/725 716/716/716
f 725/725/725 726/726/726 716/716/716
f 716/716/716 726/726/726 727/727/727
f 716/716/716 727/727/727 717/717/717
f 717/717/717 727/727/727 718/718/718
f 727/727/727 728/728/728 718/718/718
f 718/718/718 728/728/728 729/729/729
f 718/718/718 729/729/729 719/719/719
f 719/719/719 729/729/729 720/720/720
f 729/729/729 730/730/730 720/720/720
f 319/319/319 330/330/330 721/721/721
f 330/330/330 731/731/731 721/721/721
f 721/721/721 731/731/731 732/732/732
f 721/721/721 732/732/732 722/722/722
f 722/722/722 732/732/732 723/723/723
f 732/732/732 733/733/733 723/723/723
f 723/723/723 733/733/733 724/724/724
f 733/733/733 734/734/734 724/724/724
f 724/724/724 734/734/734 735/735/735
f 724/724/724 735/735/735 725/725/725
f 725/725/725 735/735/735 736/736/736
f 725/725/725 736/736/736 726/726/726
f 726/726/726 736/736/736 737/737/737
f 726/726/726 737/737/737 727/727/727
f 727/727/727 737/737/737 728/728/728
f 737/737/737 738/738/738 728/728/728
f 728/728/728 738/738/738 729/729/729
f 738/738/738 739/739/739 729/729/729
f 729/729/729 739/739/739 740/740/740
f 729/729/729 740/740/740 730/730/730
f 330/330/330 341/341/341 731/731/731
f 341/341/341 741/741/741 731/731/731
f 731/731/731 741/741/741 732/732/732
f 741/741/741 742/742/742 732/732/732
f 732/732/732 742/742/742 743/743/743
f 732/732/732 743/743/743 733/733/733
f 733/733/733 743/743/743 734/734/734
f 743/743/743 744/744/744 734/734/734
f 734/734/734 744/744/744 745/745/745
f 734/734/734 745/745/745 735/735/735
f 735/735/735 745/745/745 736/736/736
f 745/745/745 746/746/746 736/736/736
f 736/736/736 746/746/746 737/737/737
f 746/746/746 747/747/747 737/737/737
f 737/737/737 747/747/747 748/748/748
f 737/737/737 748/748/748 738/738/738
f 738/738/738 748/748/748 739/739/739
f 748/748/748 749/749/749 739/739/739
f 739/739/739 749/749/749 750/750/750
f 739/739/739 750/750/750 740/740/740
f 341/341/341 352/352/352 751/751/751
f 341/341/341 751/751/751 741/741/741
f 741/741/741 751/751/751 752/752/752
f 741/741/741 752/752/752 742/742/742
f 742/742/742 752/752/752 743/743/743
f 752/752/752 753/753/753 743/743/743
f 743/743/743 753/753/753 754/754/754
f 743/743/743 754/754/754 744/744/744
f 744/744/744 754/754/754 745/745/745
f 754/754/754 755/755/755 745/745/745
f 745/745/745 755/755/755 756/756/756
f 745/745/745 756/756/756 746/746/746
f 746/746/746 756/756/756 757/757/757
f 746/746/746 757/757/757 747/747/747
f 747/747/747 757/757/757 748/748/748
f 757/757/757 758/758/758 748/748/748
f 748/748/748 758/758/758 759/759/759
f 748/748/748 759/759/759 749/749/749
f 749/749/749 759/759/759 750/750/750
f 759/759/759 760/760/760 750/750/750
f 352/352/352 363/363/363 761/761/761
f 352/352/352 761/761/761 751/751/751
f 751/751/751 761/761/761 752/752/752
f 761/761/761 762/762/762 752/752/752
f 752/752/752 762/762/762 763/763/763
f 752/752/752 763/763/763 753/753/753
f 753/753/753 763/763/763 764/764/764
f 753/753/753 764/764/764 754/754/754
f 754/754/754 764/764/764 755/755/755
f 764/764/764 765/765/765 755/755/755
f 755/755/755 765/765/765 756/756/756
f 765/765/765 766/766/766 756/756/756
f 756/756/756 766/766/766 757/757/757
f 766/766/766 767/767/767 757/757/757
f 757/757/757 767/767/767 768/768/768
f 757/757/757 768/768/768 758/758/758
f 758/758/758 768/768/768 769/769/769
f 758/758/758 769/769/769 759/759/759
f 759/759/759 769/769/769 760/760/760
f 769/769/769 770/770/770 760/760/760
f 363/363/363 374/374/374 761/761/761
f 374/374/374 771/771/771 761/761/761
f 761/761/761 771/771/771 772/772/772
f 761/761/761 772/772/772 762/762/762
f 762/762/762 772/772/772 763/763/763
f 772/772/772 773/773/773 763/763/763
f 763/763/763 773/773/773 774/774/774
f 763/763/763 774/774/774 764/764/764
f 764/764/764 774/774/774 765/765/765
f 774/774/774 775/775/775 765/765/765
f 765/765/765 775/775/775 776/776/776
f 765/765/765 776/776/776 766/766/766
f 766/766/766 776/776/776 767/767/767
f 776/776/776 777/777/777 767/767/767
f 767/767/767 777/777/777 778/778/778
f 767/767/767 778/778/778 768/768/768
f 768/768/768 778/778/778 769/769/769
f 778/778/778 779/779/779 769/769/769
f 769/769/769 779/779/779 780/780/780
f 769/769/769 780/780/780 770/770/770
f 374/374/374 385/385/385 781/781/781
f 374/374/374 781/781/781 771/771/771
f 771/771/771 781/781/781 772/772/772
f 781/781/781 782/782/782 772/772/772
f 772/772/772 782/782/782 773/773/773
f 782/782/782 783/783/783 773/773/773
f 773/773/773 783/783/783 784/784/784
f 773/773/773 784/784/784 774/774/774
f 774/774/774 784/784/784 785/785/785
f 774/774/774 785/785/785 775/775/775
f 775/775/775 785/785/785 776/776/776
f 785/785/785 786/786/786 776/776/776
f 776/776/776 786/786/786 787/787/787
f 776/776/776 787/787/787 777/777/777
f 777/777/777 787/787/787 788/788/788
f 777/777/777 788/788/788 778/778/778
f 778/778/778 788/788/788 789/789/789
f 778/778/778 789/789/789 779/779/779
f 779/779/779 789/789/789 780/780/780
f 789/789/789 790/790/790 780/780/780
f 385/385/385 396/396/396 791/791/791
f 385/385/385 791/791/791 781/781/781
f 781/781/781 791/791/791 782/782/782
f 791/791/791 792/792/792 782/782/782
f 782/782/782 792/792/792 793/793/793
f 782/782/782 793/793/793 783/783/783
f 783/783/783 793/793/793 784/784/784
f 793/793/793 794/794/794 784/784/784
f 784/784/784 794/794/794 785/785/785
f 794/794/794 795/795/795 785/785/785
f 785/785/785 795/795/795 796/796/796
f 785/785/785 796/796/796 786/786/786
f 786/786/786 796/796/796 787/787/787
f 796/796/796 797/797/797 787/787/787
f 787/787/787 797/797/797 798/798/798
f 787/787/787 798/798/798 788/788/788
f 788/788/788 798/798/798 799/799/799
f 788/788/788 799/799/799 789/789/789
f 789/789/789 799/799/799 790/790/790
f 799/799/799 800/800/800 790/790/790
f 396/396/396 407/407/407 791/791/791
f 407/407/407 801/801/801 791/791/791
f 791/791/791 801/801/801 802/802/802
f 791/791/791 802/802/802 792/792/792
f 792/792/792 802/802/802 793/793/793
f 802/802/802 803/803/803 793/793/793
f 793/793/793 803/803/803 804/804/804
f 793/793/793 804/804/804 794/794/794
f 794/794/794 804/804/804 805/805/805
f 794/794/794 805/805/805 795/795/795
f 795/795/795 805/805/805 796/796/796
f 805/805/805 806/806/806 796/796/796
f 796/796/796 806/806/806 807/807/807
f 796/796/796 807/807/807 797/797/797
f 797/797/797 807/807/807 798/798/798
f 807/807/807 808/808/808 798/798/798
f 798/798/798 808/808/808 799/799/799
f 808/808/808 809/809/809 799/799/799
f 799/799/799 809/809/809 810/810/810
f 799/799/799 810/810/810 800/800/800
f 407/407/407 418/418/418 801/801/801
f 418/418/418 811/811/811 801/801/801
f 801/801/801 811/811/811 812/812/812
f 801/801/801 812/812/812 802/802/802
f 802/802/802 812/812/812 813/813/813
f 802/802/802 813/813/813 803/803/803
f 803/803/803 813/813/813 804/804/804
f 813/813/813 814/814/814 804/804/804
f 804/804/804 814/814/814 805/805/805
f 814/814/814 815/815/815 805/805/805
f 805/805/805 815/815/815 816/816/816
f 805/805/805 816/816/816 806/806/806
f 806/806/806 816/816/816 807/807/807
f 816/816/816 817/817/817 807/807/807
f 807/807/807 817/817/817 808/808/808
f 817/817/817 818/818/818 808/808/808
f 808/808/808 818/818/818 809/809/809
f 818/818/818 819/819/819 809/809/809
f 809/809/809 819/819/819 820/820/820
f 809/809/809 820/820/820 810/810/810
f 418/418/418 429/429/429 821/821/821
f 418/418/418 821/821/821 811/811/811
f 811/811/811 821/821/821 812/812/812
f 821/821/821 822/822/822 812/812/812
f 812/812/812 822/822/822 823/823/823
f 812/812/812 823/823/823 813/813/813
f 813/813/813 823/823/823 814/814/814
f 823/823/823 824/824/824 814/814/814
f 814/814/814 824/824/824 815/815/815
f 824/824/824 825/825/825 815/815/815
f 815/815/815 825/825/825 816/816/816
f 825/825/825 826/826/826 816/816/816
f 816/816/816 826/826/826 827/827/827
f 816/816/816 827/827/827 817/817/817
f 817/817/817 827/827/827 818/818/818
f 827/827/827 828/828/828 818/818/818
f 818/818/818 828/828/828 829/829/829
f 818/818/818 829/829/829 819/819/819
f 819/819/819 829/829/829 820/820/820
f 829/829/829 830/830/830 820/820/820
f 429/429/429 440/440/440 821/821/821
f 440/440/440 831/831/831 821/821/821
f 821/821/821 831/831/831 832/832/832
f 821/821/821 832/832/832 822/822/822
f 822/822/822 832/832/832 823/823/823
f 832/832/832 833/833/833 823/823/823
f 823/823/823 833/833/833 824/824/824
f 833/833/833 834/834/834 824/824/824
f 824/824/824 834/834/834 835/835/835
f 824/824/824 835/835/835 825/825/825
f 825/825/825 835/835/835 836/836/836
f 825/825/825 836/836/836 826/826/826
f 826/826/826 836/836/836 837/837/837
f 826/826/826 837/837/837 827/827/827
f 827/827/827 837/837/837 828/828/828
f 837/837/837 838/838/838 828/828/828
f 828/828/828 838/838/838 829/829/829
f 838/838/838 839/839/839 829/829/829
f 829/829/829 839/839/839 840/840/840
f 829/829/829 840/840/840 830/830/830
f 440/440/440 21/21/21 831/831/831
f 21/21/21 442/442/442 831/831/831
f 831/831/831 442/442/442 832/832/832
f 442/442/442 444/444/444 832/832/832
f 832/832/832 444/444/444 445/445/445
f 832/832/832 445/445/445 833/833/833
f 833/833/833 445/445/445 834/834/834
f 445/445/445 448/448/448 834/834/834
f 834/834/834 448/448/448 449/449/449
f 834/834/834 449/449/449 835/835/835
f 835/835/835 449/449/449 836/836/836
f 449/449/449 452/452/452 836/836/836
f 836/836/836 452/452/452 837/837/837
f 452/452/452 454/454/454 837/837/837
f 837/837/837 454/454/454 455/455/455
f 837/837/837 455/455/455 838/838/838
f 838/838/838 455/455/455 839/839/839
f 455/455/455 458/458/458 839/839/839
f 839/839/839 458/458/458 459/459/459
f 839/839/839 459/459/459 840/840/840
f 459/459/459 460/460/460 841/841/841
f 460/460/460 842/842/842 841/841/841
f 841/841/841 842/842/842 843/843/843
f 842/842/842 844/844/844 843/843/843
f 843/843/843 844/844/844 845/845/845
f 843/843/843 845/845/845 846/846/846
f 846/846/846 845/845/845 847/847/847
f 845/845/845 848/848/848 847/847/847
f 847/847/847 848/848/848 849/849/849
f 847/847/847 849/849/849 850/850/850
f 850/850/850 849/849/849 851/851/851
f 850/850/850 851/851/851 852/852/852
f 852/852/852 851/851/851 853/853/853
f 851/851/851 854/854/854 853/853/853
f 853/853/853 854/854/854 855/855/855
f 853/853/853 855/855/855 856/856/856
f 856/856/856 855/855/855 857/857/857
f 855/855/855 858/858/858 857/857/857
f 857/857/857 858/858/858 859/859/859
f 858/858/858 860/860/860 859/859/859
f 460/460/460 470/470/470 842/842/842
f 470/470/470 861/861/861 842/842/842
f 842/842/842 861/861/861 862/862/862
f 842/842/842 862/862/862 844/844/844
f 844/844/844 862/862/862 845/845/845
f 862/862/862 863/863/863 845/845/845
f 845/845/845 863/863/863 864/864/864
f 845/845/845 864/864/864 848/848/848
f 848/848/848 864/864/864 849/849/849
f 864/864/864 865/865/865 849/849/849
f 849/849/849 865/865/865 851/851/851
f 865/865/865 866/866/866 851/851/851
f 851/851/851 866/866/866 867/867/867
f 851/851/851 867/867/867 854/854/854
f 854/854/854 867/867/867 855/855/855
f 867/867/867 868/868/868 855/855/855
f 855/855/855 868/868/868 869/869/869
f 855/855/855 869/869/869 858/858/858
f 858/858/858 869/869/869 860/860/860
f 869/869/869 870/870/870 860/860/860
f 470/470/470 480/480/480 861/861/861
f 480/480/480 871/871/871 861/861/861
f 861/861/861 871/871/871 862/862/862
f 871/871/871 872/872/872 862/862/862
f 862/862/862 872/872/872 873/873/873
f 862/862/862 873/873/873 863/863/863
f 863/863/863 873/873/873 864/864/864
f 873/873/873 874/874/874 864/864/864
f 864/864/864 874/874/874 875/875/875
f 864/864/864 875/875/875 865/865/865
f 865/865/865 875/875/875 876/876/876
f 865/865/865 876/876/876 866/866/866
f 866/866/866 876/876/876 867/867/867
f 876/876/876 877/877/877 867/867/867
f 867/867/867 877/877/877 878/878/878
f 867/867/867 878/878/878 868/868/868
f 868/868/868 878/878/878 869/869/869
f 878/878/878 879/879/879 869/869/869
f 869/869/869 879/879/879 870/870/870
f 879/879/879 880/880/880 870/870/870
f 480/480/480 490/490/490 881/881/881
f 480/480/480 881/881/881 871/871/871
f 871/871/871 881/881/881 882/882/882
f 871/871/871 882/882/882 872/872/872
f 872/872/872 882/882/882 873/873/873
f 882/882/882 883/883/883 873/873/873
f 873/873/873 883/883/883 884/884/884
f 873/873/873 884/884/884 874/874/874
f 874/874/874 884/884/884 875/875/875
f 884/884/884 885/885/885 875/875/875
f 875/875/875 885/885/885 886/886/886
f 875/875/875 886/886/886 876/876/876
f 876/876/876 886/886/886 877/877/877
f 886/886/886 887/887/887 877/877/877
f 877/877/877 887/887/887 878/878/878
f 887/887/887 888/888/888 878/878/878
f 878/878/878 888/888/888 889/889/889
f 878/878/878 889/889/889 879/879/879
f 879/879/879 889/889/889 880/880/880
f 889/889/889 890/890/890 880/880/880
f 490/490/490 500/500/500 881/881/881
f 500/500/500 891/891/891 881/881/881
f 881/881/881 891/891/891 882/882/882
f 891/891/891 892/892/892 882/882/882
f 882/882/882 892/892/892 893/893/893
f 882/882/882 893/893/893 883/883/883
f 883/883/883 893/893/893 894/894/894
f 883/883/883 894/894/894 884/884/884
f 884/884/884 894/894/894 895/895/895
f 884/884/884 895/895/895 885/885/885
f 885/885/885 895/895/895 886/886/886
f 895/895/895 896/896/896 886/886/886
f 886/886/886 896/896/896 897/897/897
f 886/886/886 897/897/897 887/887/887
f 887/887/887 897/897/897 898/898/898
f 887/887/887 898/898/898 888/888/888
f 888/888/888 898/898/898 889/889/889
f 898/898/898 899/899/899 889/889/889
f 889/889/889 899/899/899 900/900/900
f 889/889/889 900/900/900 890/890/890
f 500/500/500 510/510/510 891/891/891
f 510/510/510 901/901/901 891/891/891
f 891/891/891 901/901/901 902/902/902
f 891/891/891 902/902/902 892/892/892
f 892/892/892 902/902/902 893/893/893
f 902/902/902 903/903/903 893/893/893
f 893/893/893 903/903/903 894/894/894
f 903/903/903 904/904/904 894/894/894
f 894/894/894 904/904/904 895/895/895
f 904/904/904 905/905/905 895/895/895
f 895/895/895 905/905/905 896/896/896
f 905/905/905 906/906/906 896/896/896
f 896/896/896 906/906/906 897/897/897
f 906/906/906 907/907/907 897/897/897
f 897/897/897 907/907/907 898/898/898
f 907/907/907 908/908/908 898/898/898
f 898/898/898 908/908/908 909/909/909
f 898/898/898 909/909/909 899/899/899
f 899/899/899 909/909/909 910/910/910
f 899/899/899 910/910/910 900/900/900
f 510/510/510 520/520/520 911/911/911
f 510/510/510 911/911/911 901/901/901
f 901/901/901 911/911/911 902/902/902
f 911/911/911 912/912/912 902/902/902
f 902/902/902 912/912/912 913/913/913
f 902/902/902 913/913/913 903/903/903
f 903/903/903 913/913/913 904/904/904
f 913/913/913 914/914/914 904/904/904
f 904/904/904 914/914/914 915/915/915
f 904/904/904 915/915/915 905/905/905
f 905/905/905 915/915/915 916/916/916
f 905/905/905 916/916/916 906/906/906
f 906/906/906 916/916/916 907/907/907
f 916/916/916 917/917/917 907/907/907
f 907/907/907 917/917/917 918/918/918
f 907/907/907 918/918/918 908/908/908
f 908/908/908 918/918/918 909/909/909
f 918/918/918 919/919/919 909/909/909
f 909/909/909 919/919/919 910/910/910
f 919/919/919 920/920/920 910/910/910
f 520/520/520 530/530/530 921/921/921
f 520/520/520 921/921/921 911/911/911
f 911/911/911 921/921/921 922/922/922
f 911/911/911 922/922/922 912/912/912
f 912/912/912 922/922/922 913/913/913
f 922/922/922 923/923/923 913/913/913
f 913/913/913 923/923/923 924/924/924
f 913/913/913 924/924/924 914/914/914
f 914/914/914 924/924/924 915/915/915
f 924/924/924 925/925/925 915/915/915
f 915/915/915 925/925/925 916/916/916
f 925/925/925 926/926/926 916/916/916
f 916/916/916 926/926/926 927/927/927
f 916/916/916 927/927/927 917/917/917
f 917/917/917 927/927/927 918/918/918
f 927/927/927 928/928/928 918/918/918
f 918/918/918 928/928/928 929/929/929
f 918/918/918 929/929/929 919/919/919
f 919/919/919 929/929/929 930/930/930
f 919/919/919 930/930/930 920/920/920
f 530/530/530 540/540/540 931/931/931
f 530/530/530 931/931/931 921/921/921
f 921/921/921 931/931/931 922/922/922
f 931/931/931 932/932/932 922/922/922
f 922/922/922 932/932/932 933/933/933
f 922/922/922 933/933/933 923/923/923
f 923/923/923 933/933/933 924/924/924
f 933/933/933 934/934/934 924/924/924
f 924/924/924 934/934/934 935/935/935
f 924/924/924 935/935/935 925/925/925
f 925/925/925 935/935/935 936/936/936
f 925/925/925 936/936/936 926/926/926
f 926/926/926 936/936/936 927/927/927
f 936/936/936 937/937/937 927/927/927
f 927/927/927 937/937/937 938/938/938
f 927/927/927 938/938/938 928/928/928
f 928/928/928 938/938/938 929/929/929
f 938/938/938 939/939/939 929/929/929
f 929/929/929 939/939/939 940/940/940
f 929/929/929 940/940/940 930/930/930
f 540/540/540 550/550/550 941/941/941
f 540/540/540 941/941/941 931/931/931
f 931/931/931 941/941/941 942/942/942
f 931/931/931 942/942/942 932/932/932
f 932/932/932 942/942/942 933/933/933
f 942/942/942 943/943/943 933/933/933
f 933/933/933 943/943/943 944/944/944
f 933/933/933 944/944/944 934/934/934
f 934/934/934 944/944/944 935/935/935
f 944/944/944 945/945/945 935/935/935
f 935/935/935 945/945/945 936/936/936
f 945/945/945 946/946/946 936/936/936
f 936/936/936 946/946/946 947/947/947
f 936/936/936 947/947/947 937/937/937
f 937/937/937 947/947/947 938/938/938
f 947/947/947 948/948/948 938/938/938
f 938/938/938 948/948/948 949/949/949
f 938/938/938 949/949/949 939/939/939
f 939/939/939 949/949/949 950/950/950
f 939/939/939 950/950/950 940/940/940
f 550/550/550 560/560/560 941/941/941
f 560/560/560 951/951/951 941/941/941
f 941/941/941 951/951/951 942/942/942
f 951/951/951 952/952/952 942/942/942
f 942/942/942 952/952/952 953/953/953
f 942/942/942 953/953/953 943/943/943
f 943/943/943 953/953/953 944/944/944
f 953/953/953 954/954/954 944/944/944
f 944/944/944 954/954/954 955/955/955
f 944/944/944 955/955/955 945/945/945
f 945/945/945 955/955/955 956/956/956
f 945/945/945 956/956/956 946/946/946
f 946/946/946 956/956/956 947/947/947
f 956/956/956 957/957/957 947/947/947
f 947/947/947 957/957/957 958/958/958
f 947/947/947 958/958/958 948/948/948
f 948/948/948 958/958/958 949/949/949
f 958/958/958 959/959/959 949/949/949
f 949/949/949 959/959/959 950/950/950
f 959/959/959 960/960/960 950/950/950
f 560/560/560 570/570/570 951/951/951
f 570/570/570 961/961/961 951/951/951
f 951/951/951 961/961/961 962/962/962
f 951/951/951 962/962/962 952/952/952
f 952/952/952 962/962/962 953/953/953
f 962/962/962 963/963/963 953/953/953
f 953/953/953 963/963/963 964/964/964
f 953/953/953 964/964/964 954/954/954
f 954/954/954 964/964/964 955/955/955
f 964/964/964 965/965/965 955/955/955
f 955/955/955 965/965/965 956/956/956
f 965/965/965 966/966/966 956/956/956
f 956/956/956 966/966/966 967/967/967
f 956/956/956 967/967/967 957/957/957
f 957/957/957 967/967/967 958/958/958
f 967/967/967 968/968/968 958/958/958
f 958/958/958 968/968/968 969/969/969
f 958/958/958 969/969/969 959/959/959
f 959/959/959 969/969/969 960/960/960
f 969/969/969 970/970/970 960/960/960
f 570/570/570 580/580/580 961/961/961
f 580/580/580 971/971/971 961/961/961
f 961/961/961 971/971/971 962/962/962
f 971/971/971 972/972/972 962/962/962
f 962/962/962 972/972/972 973/973/973
f 962/962/962 973/973/973 963/963/963
f 963/963/963 973/973/973 964/964/964
f 973/973/973 974/974/974 964/964/964
f 964/964/964 974/974/974 975/975/975
f 964/964/964 975/975/975 965/965/965
f 965/965/965 975/975/975 976/976/976
f 965/965/965 976/976/976 966/966/966
f 966/966/966 976/976/976 967/967/967
f 976/976/976 977/977/977 967/967/967
f 967/967/967 977/977/977 978/978/978
f 967/967/967 978/978/978 968/968/968
f 968/968/968 978/978/978 969/969/969
f 978/978/978 979/979/979 969/969/969
f 969/969/969 979/979/979 970/970/970
f 979/979/979 980/980/980 970/970/970
f 580/580/580 590/590/590 981/981/981
f 580/580/580 981/981/981 971/971/971
f 971/971/971 981/981/981 982/982/982
f 971/971/971 982/982/982 972/972/972
f 972/972/972 982/982/982 973/973/973
f 982/982/982 983/983/983 973/973/973
f 973/973/973 983/983/983 984/984/984
f 973/973/973 984/984/984 974/974/974
f 974/974/974 984/984/984 975/975/975
f 984/984/984 985/985/985 975/975/975
f 975/975/975 985/985/985 986/986/986
f 975/975/975 986/986/986 976/976/976
f 976/976/976 986/986/986 977/977/977
f 986/986/986 987/987/987 977/977/977
f 977/977/977 987/987/987 978/978/978
f 987/987/987 988/988/988 978/978/978
f 978/978/978 988/988/988 989/989/989
f 978/978/978 989/989/989 979/979/979
f 979/979/979 989/989/989 980/980/980
f 989/989/989 990/990/990 980/980/980
f 590/590/590 600/600/600 981/981/981
f 600/600/600 991/991/991 981/981/981
f 981/981/981 991/991/991 982/982/982
f 991/991/991 992/992/992 982/982/982
f 982/982/982 992/992/992 993/993/993
f 982/982/982 993/993/993 983/983/983
f 983/983/983 993/993/993 994/994/994
f 983/983/983 994/994/994 984/984/984
f 984/984/984 994/994/994 995/995/995
f 984/984/984 995/995/995 985/985/985
f 985/985/985 995/995/995 986/986/986
f 995/995/995 996/996/996 986/986/986
f 986/986/986 996/996/996 997/997/997
f 986/986/986 997/997/997 987/987/987
f 987/987/987 997/997/997 998/998/998
f 987/987/987 998/998/998 988/988/988
f 988/988/988 998/998/998 989/989/989
f 998/998/998 999/999/999 989/989/989
f 989/989/989 999/999/999 1000/1000/1000
f 989/989/989 1000/1000/1000 990/990/990
f 600/600/600 610/610/610 991/991/991
f 610/610/610 1001/1001/1001 991/991/991
f 991/991/991 1001/1001/1001 1002/1002/1002
f 991/991/991 1002/1002/1002 992/992/992
f 992/992/992 1002/1002/1002 993/993/993
f 1002/1002/1002 1003/1003/1003 993/993/993
f 993/993/993 1003/1003/1003 994/994/994
f 1003/1003/1003 1004/1004/1004 994/994/994
f 994/994/994 1004/1004/1004 995/995/995
f 1004/1004/1004 1005/1005/1005 995/995/995
f 995/995/995 1005/1005/1005 996/996/996
f 1005/1005/1005 1006/1006/1006 996/996/996
f 996/996/996 1006/1006/1006 997/997/997
f 1006/1006/1006 1007/1007/1007 997/997/997
f 997/997/997 1007/1007/1007 998/998/998
f 1007/1007/1007 1008/1008/1008 998/998/998
f 998/998/998 1008/1008/1008 1009/1009/1009
f 998/998/998 1009/1009/1009 999/999/999
f 999/999/999 1009/1009/1009 1010/1010/1010
f 999/999/999 1010/1010/1010 1000/1000/1000
f 610/610/610 620/620/620 1011/1011/1011
f 610/610/610 1011/1011/1011 1001/1001/1001
f 1001/1001/1001 1011/1011/1011 1002/1002/1002
f 1011/1011/1011 1012/1012/1012 1002/1002/1002
f 1002/1002/1002 1012/1012/1012 1013/1013/1013
f 1002/1002/1002 1013/1013/1013 1003/1003/1003
f 1003/1003/1003 1013/1013/1013 1004/1004/1004
f 1013/1013/1013 1014/1014/1014 1004/1004/1004
f 1004/1004/1004 1014/1014/1014 1015/1015/1015
f 1004/1004/1004 1015/1015/1015 1005/1005/1005
f 1005/1005/1005 1015/1015/1015 1016/1016/1016
f 1005/1005/1005 1016/1016/1016 1006/1006/1006
f 1006/1006/1006 1016/1016/1016 1007/1007/1007
f 1016/1016/1016 1017/1017/1017 1007/1007/1007
f 1007/1007/1007 1017/1017/1017 1018/1018/1018
f 1007/1007/1007 1018/1018/1018 1008/1008/1008
f 1008/1008/1008 1018/1018/1018 1009/1009/1009
f 1018/1018/1018 1019/1019/1019 1009/1009/1009
f 1009/1009/1009 1019/1019/1019 1010/1010/1010
f 1019/1019/1019 1020/1020/1020 1010/1010/1010
f 620/620/620 630/630/630 1021/1021/1021
f 620/620/620 1021/1021/1021 1011/1011/1011
f 1011/1011/1011 1021/1021/1021 1022/1022/1022
f 1011/1011/1011 1022/1022/1022 1012/1012/1012
f 1012/1012/1012 1022/1022/1022 1013/1013/1013
f 1022/1022/1022 1023/1023/1023 1013/1013/1013
f 1013/1013/1013 1023/1023/1023 1024/1024/1024
f 1013/1013/1013 1024/1024/1024 1014/1014/1014
f 1014/1014/1014 1024/1024/1024 1015/1015/1015
f 1024/1024/1024 1025/1025/1025 1015/1015/1015
f 1015/1015/1015 1025/1025/1025 1016/1016/1016
f 1025/1025/1025 1026/1026/1026 1016/1016/1016
f 1016/1016/1016 1026/1026/1026 1027/1027/1027
f 1016/1016/1016 1027/1027/1027 1017/1017/1017
f 1017/1017/1017 1027/1027/1027 1018/1018/1018
f 1027/1027/1027 1028/1028/1028 1018/1018/1018
f 1018/1018/1018 1028/1028/1028 1029/1029/1029
f 1018/1018/1018 1029/1029/1029 1019/1019/1019
f 1019/1019/1019 1029/1029/1029 1030/1030/1030
f 1019/1019/1019 1030/1030/1030 1020/1020/1020
f 630/630/630 640/640/640 1031/1031/1031
f 630/630/630 1031/1031/1031 1021/1021/1021
f 1021/1021/1021 1031/1031/1031 1022/1022/1022
f 1031/1031/1031 1032/1032/1032 1022/1022/1022
f 1022/1022/1022 1032/1032/1032 1033/1033/1033
f 1022/1022/1022 1033/1033/1033 1023/1023/1023
f 1023/1023/1023 1033/1033/1033 1024/1024/1024
f 1033/1033/1033 1034/1034/1034 1024/1024/1024
f 1024/1024/1024 1034/1034/1034 1035/1035/1035
f 1024/1024/1024 1035/1035/1035 1025/1025/1025
f 1025/1025/1025 1035/1035/1035 1036/1036/1036
f 1025/1025/1025 1036/1036/1036 1026/1026/1026
f 1026/1026/1026 1036/1036/1036 1027/1027/1027
f 1036/1036/1036 1037/1037/1037 1027/1027/1027
f 1027/1027/1027 1037/1037/1037 1038/1038/1038
f 1027/1027/1027 1038/1038/1038 1028/1028/1028
f 1028/1028/1028 1038/1038/1038 1029/1029/1029
f 1038/1038/1038 1039/1039/1039 1029/1029/1029
f 1029/1029/1029 1039/1039/1039 1040/1040/1040
f 1029/1029/1029 1040/1040/1040 1030/1030/1030
f 640/640/640 650/650/650 1041/1041/1041
f 640/640/640 1041/1041/1041 1031/1031/1031
f 1031/1031/1031 1041/1041/1041 1042/1042/1042
f 1031/1031/1031 1042/1042/1042 1032/1032/1032
f 1032/1032/1032 1042/1042/1042 1033/1033/1033
f 1042/1042/1042 1043/1043/1043 1033/1033/1033
f 1033/1033/1033 1043/1043/1043 1044/1044/1044
f 1033/1033/1033 1044/1044/1044 1034/1034/1034
f 1034/1034/1034 1044/1044/1044 1035/1035/1035
f 1044/1044/1044 1045/1045/1045 1035/1035/1035
f 1035/1035/1035 1045/1045/1045 1036/1036/1036
f 1045/1045/1045 1046/1046/1046 1036/1036/1036
f 1036/1036/1036 1046/1046/1046 1047/1047/1047
f 1036/1036/1036 1047/1047/1047 1037/1037/1037
f 1037/1037/1037 1047/1047/1047 1038/1038/1038
f 1047/1047/1047 1048/1048/1048 1038/1038/1038
f 1038/1038/1038 1048/1048/1048 1049/1049/1049
f 1038/1038/1038 1049/1049/1049 1039/1039/1039
f 1039/1039/1039 1049/1049/1049 1050/1050/1050
f 1039/1039/1039 1050/1050/1050 1040/1040/1040
f 650/650/650 660/660/660 1041/1041/1041
f 660/660/660 1051/1051/1051 1041/1041/1041
f 1041/1041/1041 1051/1051/1051 1042/1042/1042
f 1051/1051/1051 1052/1052/1052 1042/1042/1042
f 1042/1042/1042 1052/1052/1052 1053/1053/1053
f 1042/1042/1042 1053/1053/1053 1043/1043/1043
f 1043/1043/1043 1053/1053/1053 1044/1044/1044
f 1053/1053/1053 1054/1054/1054 1044/1044/1044
f 1044/1044/1044 1054/1054/1054 1055/1055/1055
f 1044/1044/1044 1055/1055/1055 1045/1045/1045
f 1045/1045/1045 1055/1055/1055 1056/1056/1056
f 1045/1045/1045 1056/1056/1056 1046/1046/1046
f 1046/1046/1046 1056/1056/1056 1047/1047/1047
f 1056/1056/1056 1057/1057/1057 1047/1047/1047
f 1047/1047/1047 1057/1057/1057 1058/1058/1058
f 1047/1047/1047 1058/1058/1058 1048/1048/1048
f 1048/1048/1048 1058/1058/1058 1049/1049/1049
f 1058/1058/1058 1059/1059/1059 1049/1049/1049
f 1049/1049/1049 1059/1059/1059 1050/1050/1050
f 1059/1059/1059 1060/1060/1060 1050/1050/1050
f 660/660/660 670/670/670 1051/1051/1051
f 670/670/670 1061/1061/1061 1051/1051/1051
f 1051/1051/1051 1061/1061/1061 1062/1062/1062
f 1051/1051/1051 1062/1062/1062 1052/1052/1052
f 1052/1052/1052 1062/1062/1062 1053/1053/1053
f 1062/1062/1062 1063/1063/1063 1053/1053/1053
f 1053/1053/1053 1063/1063/1063 1064/1064/1064
f 1053/1053/1053 1064/1064/1064 1054/1054/1054
f 1054/1054/1054 1064/1064/1064 1055/1055/1055
f 1064/1064/1064 1065/1065/1065 1055/1055/1055
f 1055/1055/1055 1065/1065/1065 1056/1056/1056
f 1065/1065/1065 1066/1066/1066 1056/1056/1056
f 1056/1056/1056 1066/1066/1066 1067/1067/1067
f 1056/1056/1056 1067/1067/1067 1057/1057/1057
f 1057/1057/1057 1067/1067/1067 1058/1058/1058
f 1067/1067/1067 1068/1068/1068 1058/1058/1058
f 1058/1058/1058 1068/1068/1068 1069/1069/1069
f 1058/1058/1058 1069/1069/1069 1059/1059/1059
f 1059/1059/1059 1069/1069/1069 1060/1060/1060
f 1069/1069/1069 1070/1070/1070 1060/1060/1060
f 670/670/670 680/680/680 1061/1061/1061
f 680/680/680 1071/1071/1071 1061/1061/1061
f 1061/1061/1061 1071/1071/1071 1062/1062/1062
f 1071/1071/1071 1072/1072/1072 1062/1062/1062
f 1062/1062/1062 1072/1072/1072 1073/1073/1073
f 1062/1062/1062 1073/1073/1073 1063/1063/1063
f 1063/1063/1063 1073/1073/1073 1064/1064/1064
f 1073/1073/1073 1074/1074/1074 1064/1064/1064
f 1064/1064/1064 1074/1074/1074 1075/1075/1075
f 1064/1064/1064 1075/1075/1075 1065/1065/1065
f 1065/1065/1065 1075/1075/1075 1076/1076/1076
f 1065/1065/1065 1076/1076/1076 1066/1066/1066
f 1066/1066/1066 1076/1076/1076 1067/1067/1067
f 1076/1076/1076 1077/1077/1077 1067/1067/1067
f 1067/1067/1067 1077/1077/1077 1078/1078/1078
f 1067/1067/1067 1078/1078/1078 1068/1068/1068
f 1068/1068/1068 1078/1078/1078 1069/1069/1069
f 1078/1078/1078 1079/1079/1079 1069/1069/1069
f 1069/1069/1069 1079/1079/1079 1070/1070/1070
f 1079/1079/1079 1080/1080/1080 1070/1070/1070
f 680/680/680 690/690/690 1081/1081/1081
f 680/680/680 1081/1081/1081 1071/1071/1071
f 1071/1071/1071 1081/1081/1081 1082/1082/1082
f 1071/1071/1071 1082/1082/1082 1072/1072/1072
f 1072/1072/1072 1082/1082/1082 1073/1073/1073
f 1082/1082/1082 1083/1083/1083 1073/1073/1073
f 1073/1073/1073 1083/1083/1083 1084/1084/1084
f 1073/1073/1073 1084/1084/1084 1074/1074/1074
f 1074/1074/1074 1084/1084/1084 1075/1075/1075
f 1084/1084/1084 1085/1085/1085 1075/1075/1075
f 1075/1075/1075 1085/1085/1085 1086/1086/1086
f 1075/1075/1075 1086/1086/1086 1076/1076/1076
f 1076/1076/1076 1086/1086/1086 1077/1077/1077
f 1086/1086/1086 1087/1087/1087 1077/1077/1077
f 1077/1077/1077 1087/1087/1087 1078/1078/1078
f 1087/1087/1087 1088/1088/1088 1078/1078/1078
f 1078/1078/1078 1088/1088/1088 1089/1089/1089
f 1078/1078/1078 1089/1089/1089 1079/1079/1079
f 1079/1079/1079 1089/1089/1089 1080/1080/1080
f 1089/1089/1089 1090/1090/1090 1080/1080/1080
f 690/690/690 700/700/700 1081/1081/1081
f 700/700/700 1091/1091/1091 1081/1081/1081
f 1081/1081/1081 1091/1091/1091 1082/1082/1082
f 1091/1091/1091 1092/1092/1092 1082/1082/1082
f 1082/1082/1082 1092/1092/1092 1093/1093/1093
f 1082/1082/1082 1093/1093/1093 1083/1083/1083
f 1083/1083/1083 1093/1093/1093 1094/1094/1094
f 1083/1083/1083 1094/1094/1094 1084/1084/1084
f 1084/1084/1084 1094/1094/1094 1095/1095/1095
f 1084/1084/1084 1095/1095/1095 1085/1085/1085
f 1085/1085/1085 1095/1095/1095 1086/1086/1086
f 1095/1095/1095 1096/1096/1096 1086/1086/1086
f 1086/1086/1086 1096/1096/1096 1097/1097/1097
f 1086/1086/1086 1097/1097/1097 1087/1087/1087
f 1087/1087/1087 1097/1097/1097 1098/1098/1098
f 1087/1087/1087 1098/1098/1098 1088/1088/1088
f 1088/1088/1088 1098/1098/1098 1089/1089/1089
f 1098/1098/1098 1099/1099/1099 1089/1089/1089
f 1089/1089/1089 1099/1099/1099 1100/1100/1100
f 1089/1089/1089 1100/1100/1100 1090/1090/1090
f 700/700/700 710/710/710 1091/1091/1091
f 710/710/710 1101/1101/1101 1091/1091/1091
f 1091/1091/1091 1101/1101/1101 1102/1102/1102
f 1091/1091/1091 1102/1102/1102 1092/1092/1092
f 1092/1092/1092 1102/1102/1102 1093/1093/1093
f 1102/1102/1102 1103/1103/1103 1093/1093/1093
f 1093/1093/1093 1103/1103/1103 1094/1094/1094
f 1103/1103/1103 1104/1104/1104 1094/1094/1094
f 1094/1094/1094 1104/1104/1104 1095/1095/1095
f 1104/1104/1104 1105/1105/1105 1095/1095/1095
f 1095/1095/1095 1105/1105/1105 1096/1096/1096
f 1105/1105/1105 1106/1106/1106 1096/1096/1096
f 1096/1096/1096 1106/1106/1106 1097/1097/1097
f 1106/1106/1106 1107/1107/1107 1097/1097/1097
f 1097/1097/1097 1107/1107/1107 1098/1098/1098
f 1107/1107/1107 1108/1108/1108 1098/1098/1098
f 1098/1098/1098 1108/1108/1108 1109/1109/1109
f 1098/1098/1098 1109/1109/1109 1099/1099/1099
f 1099/1099/1099 1109/1109/1109 1110/1110/1110
f 1099/1099/1099 1110/1110/1110 1100/1100/1100
f 710/710/710 720/720/720 1111/1111/1111
f 710/710/710 1111/1111/1111 1101/1101/1101
f 1101/1101/1101 1111/1111/1111 1102/1102/1102
f 1111/1111/1111 1112/1112/1112 1102/1102/1102
f 1102/1102/1102 1112/1112/1112 1113/1113/1113
f 1102/1102/1102 1113/1113/1113 1103/1103/1103
f 1103/1103/1103 1113/1113/1113 1104/1104/1104
f 1113/1113/1113 1114/1114/1114 1104/1104/1104
f 1104/1104/1104 1114/1114/1114 1115/1115/1115
f 1104/1104/1104 1115/1115/1115 1105/1105/1105
f 1105/1105/1105 1115/1115/1115 1116/1116/1116
f 1105/1105/1105 1116/1116/1116 1106/1106/1106
f 1106/1106/1106 1116/1116/1116 1107/1107/1107
f 1116/1116/1116 1117/1117/1117 1107/1107/1107
f 1107/1107/1107 1117/1117/1117 1118/1118/1118
f 1107/1107/1107 1118/1118/1118 1108/1108/1108
f 1108/1108/1108 1118/1118/1118 1109/1109/1109
f 1118/1118/1118 1119/1119/1119 1109/1109/1109
f 1109/1109/1109 1119/1119/1119 1110/1110/1110
f 1119/1119/1119 1120/1120/1120 1110/1110/1110
f 720/720/720 730/730/730 1121/1121/1121
f 720/720/720 1121/1121/1121 1111/1111/1111
f 1111/1111/1111 1121/1121/1121 1122/1122/1122
f 1111/1111/1111 1122/1122/1122 1112/1112/1112
f 1112/1112/1112 1122/1122/1122 1113/1113/1113
f 1122/1122/1122 1123/1123/1123 1113/1113/1113
f 1113/1113/1113 1123/1123/1123 1124/1124/1124
f 1113/1113/1113 1124/1124/1124 1114/1114/1114
f 1114/1114/1114 1124/1124/1124 1115/1115/1115
f 1124/1124/1124 1125/1125/1125 1115/1115/1115
f 1115/1115/1115 1125/1125/1125 1116/1116/1116
f 1125/1125/1125 1126/1126/1126 1116/1116/1116
f 1116/1116/1116 1126/1126/1126 1127/1127/1127
f 1116/1116/1116 1127/1127/1127 1117/1117/1117
f 1117/1117/1117 1127/1127/1127 1118/1118/1118
f 1127/1127/1127 1128/1128/1128 1118/1118/1118
f 1118/1118/1118 1128/1128/1128 1129/1129/1129
f 1118/1118/1118 1129/1129/1129 1119/1119/1119
f 1119/1119/1119 1129/1129/1129 1130/1130/1130
f 1119/1119/1119 1130/1130/1130 1120/1120/1120
f 730/730/730 740/740/740 1131/1131/1131
f 730/730/730 1131/1131/1131 1121/1121/1121
f 1121/1121/1121 1131/1131/1131 1122/1122/1122
f 1131/1131/1131 1132/1132/1132 1122/1122/1122
f 1122/1122/1122 1132/1132/1132 1133/1133/1133
f 1122/1122/1122 1133/1133/1133 1123/1123/1123
f 1123/1123/1123 1133/1133/1133 1124/1124/1124
f 1133/1133/1133 1134/1134/1134 1124/1124/1124
f 1124/1124/1124 1134/1134/1134 1135/1135/1135
f 1124/1124/1124 1135/1135/1135 1125/1125/1125
f 1125/1125/1125 1135/1135/1135 1136/1136/1136
f 1125/1125/1125 1136/1136/1136 1126/1126/1126
f 1126/1126/1126 1136/1136/1136 1127/1127/1127
f 1136/1136/1136 1137/1137/1137 1127/1127/1127
f 1127/1127/1127 1137/1137/1137 1138/1138/1138
f 1127/1127/1127 1138/1138/1138 1128/1128/1128
f 1128/1128/1128 1138/1138/1138 1129/1129/1129
f 1138/1138/1138 1139/1139/1139 1129/1129/1129
f 1129/1129/1129 1139/1139/1139 1140/1140/1140
f 1129/1129/1129 1140/1140/1140 1130/1130/1130
f 740/740/740 750/750/750 1141/1141/1141
f 740/740/740 1141/1141/1141 1131/1131/1131
f 1131/1131/1131 1141/1141/1141 1142/1142/1142
f 1131/1131/1131 1142/1142/1142 1132/1132/1132
f 1132/1132/1132 1142/1142/1142 1133/1133/1133
f 1142/1142/1142 1143/1143/1143 1133/1133/1133
f 1133/1133/1133 1143/1143/1143 1144/1144/1144
f 1133/1133/1133 1144/1144/1144 1134/1134/1134
f 1134/1134/1134 1144/1144/1144 1135/1135/1135
f 1144/1144/1144 1145/1145/1145 1135/1135/1135
f 1135/1135/1135 1145/1145/1145 1136/1136/1136
f 1145/1145/1145 1146/1146/1146 1136/1136/1136
f 1136/1136/1136 1146/1146/1146 1147/1147/1147
f 1136/1136/1136 1147/1147/1147 1137/1137/1137
f 1137/1137/1137 1147/1147/1147 1138/1138/1138
f 1147/1147/1147 1148/1148/1148 1138/1138/1138
f 1138/1138/1138 1148/1148/1148 1149/1149/1149
f 1138/1138/1138 1149/1149/1149 1139/1139/1139
f 1139/1139/1139 1149/1149/1149 1150/1150/1150
f 1139/1139/1139 1150/1150/1150 1140/1140/1140
f 750/750/750 760/760/760 1141/1141/1141
f 760/760/760 1151/1151/1151 1141/1141/1141
f 1141/1141/1141 1151/1151/1151 1142/1142/1142
f 1151/1151/1151 1152/1152/1152 1142/1142/1142
f 1142/1142/1142 1152/1152/1152 1153/1153/1153
f 1142/1142/1142 1153/1153/1153 1143/1143/1143
f 1143/1143/1143 1153/1153/1153 1144/1144/1144
f 1153/1153/1153 1154/1154/1154 1144/1144/1144
f 1144/1144/1144 1154/1154/1154 1155/1155/1155
f 1144/1144/1144 1155/1155/1155 1145/1145/1145
f 1145/1145/1145 1155/1155/1155 1156/1156/1156
f 1145/1145/1145 1156/1156/1156 1146/1146/1146
f 1146/1146/1146 1156/1156/1156 1147/1147/1147
f 1156/1156/1156 1157/1157/1157 1147/1147/1147
f 1147/1147/1147 1157/1157/1157 1158/1158/1158
f 1147/1147/1147 1158/1158/1158 1148/1148/1148
f 1148/1148/1148 1158/1158/1158 1149/1149/1149
f 1158/1158/1158 1159/1159/1159 1149/1149/1149
f 1149/1149/1149 1159/1159/1159 1150/1150/1150
f 1159/1159/1159 1160/1160/1160 1150/1150/1150
f 760/760/760 770/770/770 1151/1151/1151
f 770/770/770 1161/1161/1161 1151/1151/1151
f 1151/1151/1151 1161/1161/1161 1162/1162/1162
f 1151/1151/1151 1162/1162/1162 1152/1152/1152
f 1152/1152/1152 1162/1162/1162 1153/1153/1153
f 1162/1162/1162 1163/1163/1163 1153/1153/1153
f 1153/1153/1153 1163/1163/1163 1164/1164/1164
f 1153/1153/1153 1164/1164/1164 1154/1154/1154
f 1154/1154/1154 1164/1164/1164 1155/1155/1155
f 1164/1164/1164 1165/1165/1165 1155/1155/1155
f 1155/1155/1155 1165/1165/1165 1156/1156/1156
f 1165/1165/1165 1166/1166/1166 1156/1156/1156
f 1156/1156/1156 1166/1166/1166 1167/1167/1167
f 1156/1156/1156 1167/1167/1167 1157/1157/1157
f 1157/1157/1157 1167/1167/1167 1158/1158/1158
f 1167/1167/1167 1168/1168/1168 1158/1158/1158
f 1158/1158/1158 1168/1168/1168 1169/1169/1169
f 1158/1158/1158 1169/1169/1169 1159/1159/1159
f 1159/1159/1159 1169/1169/1169 1160/1160/1160
f 1169/1169/1169 1170/1170/1170 1160/1160/1160
f 770/770/770 780/780/780 1161/1161/1161
f 780/780/780 1171/1171/1171 1161/1161/1161
f 1161/1161/1161 1171/1171/1171 1162/1162/1162
f 1171/1171/1171 1172/1172/1172 1162/1162/1162
f 1162/1162/1162 1172/1172/1172 1173/1173/1173
f 1162/1162/1162 1173/1173/1173 1163/1163/1163
f 1163/1163/1163 1173/1173/1173 1164/1164/1164
f 1173/1173/1173 1174/1174/1174 1164/1164/1164
f 1164/1164/1164 1174/1174/1174 1175/1175/1175
f 1164/1164/1164 1175/1175/1175 1165/1165/1165
f 1165/1165/1165 1175/1175/1175 1176/1176/1176
f 1165/1165/1165 1176/1176/1176 1166/1166/1166
f 1166/1166/1166 1176/1176/1176 1167/1167/1167
f 1176/1176/1176 1177/1177/1177 1167/1167/1167
f 1167/1167/1167 1177/1177/1177 1178/1178/1178
f 1167/1167/1167 1178/1178/1178 1168/1168/1168
f 1168/1168/1168 1178/1178/1178 1169/1169/1169
f 1178/1178/1178 1179/1179/1179 1169/1169/1169
f 1169/1169/1169 1179/1179/1179 1170/1170/1170
f 1179/1179/1179 1180/1180/1180 1170/1170/1170
f 780/780/780 790/790/790 1181/1181/1181
f 780/780/780 1181/1181/1181 1171/1171/1171
f 1171/1171/1171 1181/1181/1181 1182/1182/1182
f 1171/1171/1171 1182/1182/1182 1172/1172/1172
f 1172/1172/1172 1182/1182/1182 1173/1173/1173
f 1182/1182/1182 1183/1183/1183 1173/1173/1173
f 1173/1173/1173 1183/1183/1183 1184/1184/1184
f 1173/1173/1173 1184/1184/1184 1174/1174/1174
f 1174/1174/1174 1184/1184/1184 1175/1175/1175
f 1184/1184/1184 1185/1185/1185 1175/1175/1175
f 1175/1175/1175 1185/1185/1185 1186/1186/1186
f 1175/1175/1175 1186/1186/1186 1176/1176/1176
f 1176/1176/1176 1186/1186/1186 1177/1177/1177
f 1186/1186/1186 1187/1187/1187 1177/1177/1177
f 1177/1177/1177 1187/1187/1187 1178/1178/1178
f 1187/1187/1187 1188/1188/1188 1178/1178/1178
f 1178/1178/1178 1188/1188/1188 1189/1189/1189
f 1178/1178/1178 1189/1189/1189 1179/1179/1179
f 1179/1179/1179 1189/1189/1189 1180/1180/1180
f 1189/1189/1189 1190/1190/1190 1180/1180/1180
f 790/790/790 800/800/800 1181/1181/1181
f 800/800/800 1191/1191/1191 1181/1181/1181
f 1181/1181/1181 1191/1191/1191 1182/1182/1182
f 1191/1191/1191 1192/1192/1192 1182/1182/1182
f 1182/1182/1182 1192/1192/1192 1193/1193/1193
f 1182/1182/1182 1193/1193/1193 1183/1183/1183
f 1183/1183/1183 1193/1193/1193 1194/1194/1194
f 1183/1183/1183 1194/1194/1194 1184/1184/1184
f 1184/1184/1184 1194/1194/1194 1195/1195/1195
f 1184/1184/1184 1195/1195/1195 1185/1185/1185
f 1185/1185/1185 1195/1195/1195 1186/1186/1186
f 1195/1195/1195 1196/1196/1196 1186/1186/1186
f 1186/1186/1186 1196/1196/1196 1197/1197/1197
f 1186/1186/1186 1197/1197/1197 1187/1187/1187
f 1187/1187/1187 1197/1197/1197 1198/1198/1198
f 1187/1187/1187 1198/1198/1198 1188/1188/1188
f 1188/1188/1188 1198/1198/1198 1189/1189/1189
f 1198/1198/1198 1199/1199/1199 1189/1189/1189
f 1189/1189/1189 1199/1199/1199 1200/1200/1200
f 1189/1189/1189 1200/1200/1200 1190/1190/1190
f 800/800/800 810/810/810 1191/1191/1191
f 810/810/810 1201/1201/1201 1191/1191/1191
f 1191/1191/1191 1201/1201/1201 1202/1202/1202
f 1191/1191/1191 1202/1202/1202 1192/1192/1192
f 1192/1192/1192 1202/1202/1202 1193/1193/1193
f 1202/1202/1202 1203/1203/1203 1193/1193/1193
f 1193/1193/1193 1203/1203/1203 1194/1194/1194
f 1203/1203/1203 1204/1204/1204 1194/1194/1194
f 1194/1194/1194 1204/1204/1204 1195/1195/1195
f 1204/1204/1204 1205/1205/1205 1195/1195/1195
f 1195/1195/1195 1205/1205/1205 1196/1196/1196
f 1205/1205/1205 1206/1206/1206 1196/1196/1196
f 1196/1196/1196 1206/1206/1206 1197/1197/1197
f 1206/1206/1206 1207/1207/1207 1197/1197/1197
f 1197/1197/1197 1207/1207/1207 1198/1198/1198
f 1207/1207/1207 1208/1208/1208 1198/1198/1198
f 1198/1198/1198 1208/1208/1208 1209/1209/1209
f 1198/1198/1198 1209/1209/1209 1199/1199/1199
f 1199/1199/1199 1209/1209/1209 1210/1210/1210
f 1199/1199/1199 1210/1210/1210 1200/1200/1200
f 810/810/810 820/820/820 1211/1211/1211
f 810/810/810 1211/1211/1211 1201/1201/1201
f 1201/1201/1201 1211/1211/1211 1202/1202/1202
f 1211/1211/1211 1212/1212/1212 1202/1202/1202
f 1202/1202/1202 1212/1212/1212 1213/1213/1213
f 1202/1202/1202 1213/1213/1213 1203/1203/1203
f 1203/1203/1203 1213/1213/1213 1204/1204/1204
f 1213/1213/1213 1214/1214/1214 1204/1204/1204
f 1204/1204/1204 1214/1214/1214 1215/1215/1215
f 1204/1204/1204 1215/1215/1215 1205/1205/1205
f 1205/1205/1205 1215/1215/1215 1216/1216/1216
f 1205/1205/1205 1216/1216/1216 1206/1206/1206
f 1206/1206/1206 1216/1216/1216 1207/1207/1207
f 1216/1216/1216 1217/1217/1217 1207/1207/1207
f 1207/1207/1207 1217/1217/1217 1218/1218/1218
f 1207/1207/1207 1218/1218/1218 1208/1208/1208
f 1208/1208/1208 1218/1218/1218 1209/1209/1209
f 1218/1218/1218 1219/1219/1219 1209/1209/1209
f 1209/1209/1209 1219/1219/1219 1210/1210/1210
f 1219/1219/1219 1220/1220/1220 1210/1210/1210
f 820/820/820 830/830/830 1221/1221/1221
f 820/820/820 1221/1221/1221 1211/1211/1211
f 1211/1211/1211 1221/1221/1221 1222/1222/1222
f 1211/1211/1211 1222/1222/1222 1212/1212/1212
f 1212/1212/1212 1222/1222/1222 1213/1213/1213
f 1222/1222/1222 1223/1223/1223 1213/1213/1213
f 1213/1213/1213 1223/1223/1223 1224/1224/1224
f 1213/1213/1213 1224/1224/1224 1214/1214/1214
f 1214/1214/1214 1224/1224/1224 1215/1215/1215
f 1224/1224/1224 1225/1225/1225 1215/1215/1215
f 1215/1215/1215 1225/1225/1225 1216/1216/1216
f 1225/1225/1225 1226/1226/1226 1216/1216/1216
f 1216/1216/1216 1226/1226/1226 1227/1227/1227
f 1216/1216/1216 1227/1227/1227 1217/1217/1217
f 1217/1217/1217 1227/1227/1227 1218/1218/1218
f 1227/1227/1227 1228/1228/1228 1218/1218/1218
f 1218/1218/1218 1228/1228/1228 1229/1229/1229
f 1218/1218/1218 1229/1229/1229 1219/1219/1219
f 1219/1219/1219 1229/1229/1229 1230/1230/1230
f 1219/1219/1219 1230/1230/1230 1220/1220/1220
f 830/830/830 840/840/840 1231/1231/1231
f 830/830/830 1231/1231/1231 1221/1221/1221
f 1221/1221/1221 1231/1231/1231 1222/1222/1222
f 1231/1231/1231 1232/1232/1232 1222/1222/1222
f 1222/1222/1222 1232/1232/1232 1233/1233/1233
f 1222/1222/1222 1233/1233/1233 1223/1223/1223
f 1223/1223/1223 1233/1233/1233 1224/1224/1224
f 1233/1233/1233 1234/1234/1234 1224/1224/1224
f 1224/1224/1224 1234/1234/1234 1235/1235/1235
f 1224/1224/1224 1235/1235/1235 1225/1225/1225
f 1225/1225/1225 1235/1235/1235 1236/1236/1236
f 1225/1225/1225 1236/1236/1236 1226/1226/1226
f 1226/1226/1226 1236/1236/1236 1227/1227/1227
f 1236/1236/1236 1237/1237/1237 1227/1227/1227
f 1227/1227/1227 1237/1237/1237 1238/1238/1238
f 1227/1227/1227 1238/1238/1238 1228/1228/1228
f 1228/1228/1228 1238/1238/1238 1229/1229/1229
f 1238/1238/1238 1239/1239/1239 1229/1229/1229
f 1229/1229/1229 1239/1239/1239 1240/1240/1240
f 1229/1229/1229 1240/1240/1240 1230/1230/1230
f 840/840/840 459/459/459 841/841/841
f 840/840/840 841/841/841 1231/1231/1231
f 1231/1231/1231 841/841/841 843/843/843
f 1231/1231/1231 843/843/843 1232/1232/1232
f 1232/1232/1232 843/843/843 1233/1233/1233
f 843/843/843 846/846/846 1233/1233/1233
f 1233/1233/1233 846/846/846 847/847/847
f 1233/1233/1233 847/847/847 1234/1234/1234
f 1234/1234/1234 847/847/847 1235/1235/1235
f 847/847/847 850/850/850 1235/1235/1235
f 1235/1235/1235 850/850/850 1236/1236/1236
f 850/850/850 852/852/852 1236/1236/1236
f 1236/1236/1236 852/852/852 853/853/853
f 1236/1236/1236 853/853/853 1237/1237/1237
f 1237/1237/1237 853/853/853 1238/1238/1238
f 853/853/853 856/856/856 1238/1238/1238
f 1238/1238/1238 856/856/856 857/857/857
f 1238/1238/1238 857/857/857 1239/1239/1239
f 1239/1239/1239 857/857/857 859/859/859
f 1239/1239/1239 859/859/859 1240/1240/1240
f 859/859/859 860/860/860 1241/1241/1241
f 860/860/860 1242/1242/1242 1241/1241/1241
f 1241/1241/1241 1242/1242/1242 1243/1243/1243
f 1242/1242/1242 1244/1244/1244 1243/1243/1243
f 1243/1243/1243 1244/1244/1244 1245/1245/1245
f 1243/1243/1243 1245/1245/1245 1246/1246/1246
f 1246/1246/1246 1245/1245/1245 1247/1247/1247
f 1246/1246/1246 1247/1247/1247 1248/1248/1248
f 1248/1248/1248 1247/1247/1247 1249/1249/1249
f 1247/1247/1247 1250/1250/1250 1249/1249/1249
f 1249/1249/1249 1250/1250/1250 1251/1251/1251
f 1249/1249/1249 1251/1251/1251 1252/1252/1252
f 1252/1252/1252 1251/1251/1251 1253/1253/1253
f 1251/1251/1251 1254/1254/1254 1253/1253/1253
f 1253/1253/1253 1254/1254/1254 1255/1255/1255
f 1254/1254/1254 1256/1256/1256 1255/1255/1255
f 1255/1255/1255 1256/1256/1256 1257/1257/1257
f 1255/1255/1255 1257/1257/1257 1258/1258/1258
f 1258/1258/1258 1257/1257/1257 1259/1259/1259
f 860/860/860 870/870/870 1260/1260/1260
f 860/860/860 1260/1260/1260 1242/1242/1242
f 1242/1242/1242 1260/1260/1260 1244/1244/1244
f 1260/1260/1260 1261/1261/1261 1244/1244/1244
f 1244/1244/1244 1261/1261/1261 1262/1262/1262
f 1244/1244/1244 1262/1262/1262 1245/1245/1245
f 1245/1245/1245 1262/1262/1262 1247/1247/1247
f 1262/1262/1262 1263/1263/1263 1247/1247/1247
f 1247/1247/1247 1263/1263/1263 1250/1250/1250
f 1263/1263/1263 1264/1264/1264 1250/1250/1250
f 1250/1250/1250 1264/1264/1264 1265/1265/1265
f 1250/1250/1250 1265/1265/1265 1251/1251/1251
f 1251/1251/1251 1265/1265/1265 1266/1266/1266
f 1251/1251/1251 1266/1266/1266 1254/1254/1254
f 1254/1254/1254 1266/1266/1266 1267/1267/1267
f 1254/1254/1254 1267/1267/1267 1256/1256/1256
f 1256/1256/1256 1267/1267/1267 1257/1257/1257
f 1267/1267/1267 1268/1268/1268 1257/1257/1257
f 1257/1257/1257 1268/1268/1268 1259/1259/1259
f 870/870/870 880/880/880 1260/1260/1260
f 880/880/880 1269/1269/1269 1260/1260/1260
f 1260/1260/1260 1269/1269/1269 1270/1270/1270
f 1260/1260/1260 1270/1270/1270 1261/1261/1261
f 1261/1261/1261 1270/1270/1270 1262/1262/1262
f 1270/1270/1270 1271/1271/1271 1262/1262/1262
f 1262/1262/1262 1271/1271/1271 1272/1272/1272
f 1262/1262/1262 1272/1272/1272 1263/1263/1263
f 1263/1263/1263 1272/1272/1272 1264/1264/1264
f 1272/1272/1272 1273/1273/1273 1264/1264/1264
f 1264/1264/1264 1273/1273/1273 1265/1265/1265
f 1273/1273/1273 1274/1274/1274 1265/1265/1265
f 1265/1265/1265 1274/1274/1274 1266/1266/1266
f 1274/1274/1274 1275/1275/1275 1266/1266/1266
f 1266/1266/1266 1275/1275/1275 1276/1276/1276
f 1266/1266/1266 1276/1276/1276 1267/1267/1267
f 1267/1267/1267 1276/1276/1276 1277/1277/1277
f 1267/1267/1267 1277/1277/1277 1268/1268/1268
f 1268/1268/1268 1277/1277/1277 1259/1259/1259
f 880/880/880 890/890/890 1269/1269/1269
f 890/890/890 1278/1278/1278 1269/1269/1269
f 1269/1269/1269 1278/1278/1278 1270/1270/1270
f 1278/1278/1278 1279/1279/1279 1270/1270/1270
f 1270/1270/1270 1279/1279/1279 1280/1280/1280
f 1270/1270/1270 1280/1280/1280 1271/1271/1271
f 1271/1271/1271 1280/1280/1280 1272/1272/1272
f 1280/1280/1280 1281/1281/1281 1272/1272/1272
f 1272/1272/1272 1281/1281/1281 1282/1282/1282
f 1272/1272/1272 1282/1282/1282 1273/1273/1273
f 1273/1273/1273 1282/1282/1282 1274/1274/1274
f 1282/1282/1282 1283/1283/1283 1274/1274/1274
f 1274/1274/1274 1283/1283/1283 1275/1275/1275
f 1283/1283/1283 1284/1284/1284 1275/1275/1275
f 1275/1275/1275 1284/1284/1284 1276/1276/1276
f 1284/1284/1284 1285/1285/1285 1276/1276/1276
f 1276/1276/1276 1285/1285/1285 1286/1286/1286
f 1276/1276/1276 1286/1286/1286 1277/1277/1277
f 1277/1277/1277 1286/1286/1286 1259/1259/1259
f 890/890/890 900/900/900 1287/1287/1287
f 890/890/890 1287/1287/1287 1278/1278/1278
f 1278/1278/1278 1287/1287/1287 1279/1279/1279
f 1287/1287/1287 1288/1288/1288 1279/1279/1279
f 1279/1279/1279 1288/1288/1288 1289/1289/1289
f 1279/1279/1279 1289/1289/1289 1280/1280/1280
f 1280/1280/1280 1289/1289/1289 1281/1281/1281
f 1289/1289/1289 1290/1290/1290 1281/1281/1281
f 1281/1281/1281 1290/1290/1290 1282/1282/1282
f 1290/1290/1290 1291/1291/1291 1282/1282/1282
f 1282/1282/1282 1291/1291/1291 1292/1292/1292
f 1282/1282/1282 1292/1292/1292 1283/1283/1283
f 1283/1283/1283 1292/1292/1292 1284/1284/1284
f 1292/1292/1292 1293/1293/1293 1284/1284/1284
f 1284/1284/1284 1293/1293/1293 1294/1294/1294
f 1284/1284/1284 1294/1294/1294 1285/1285/1285
f 1285/1285/1285 1294/1294/1294 1295/1295/1295
f 1285/1285/1285 1295/1295/1295 1286/1286/1286
f 1286/1286/1286 1295/1295/1295 1259/1259/1259
f 900/900/900 910/910/910 1287/1287/1287
f 910/910/910 1296/1296/1296 1287/1287/1287
f 1287/1287/1287 1296/1296/1296 1297/1297/1297
f 1287/1287/1287 1297/1297/1297 1288/1288/1288
f 1288/1288/1288 1297/1297/1297 1289/1289/1289
f 1297/1297/1297 1298/1298/1298 1289/1289/1289
f 1289/1289/1289 1298/1298/1298 1299/1299/1299
f 1289/1289/1289 1299/1299/1299 1290/1290/1290
f 1290/1290/1290 1299/1299/1299 1300/1300/1300
f 1290/1290/1290 1300/1300/1300 1291/1291/1291
f 1291/1291/1291 1300/1300/1300 1292/1292/1292
f 1300/1300/1300 1301/1301/1301 1292/1292/1292
f 1292/1292/1292 1301/1301/1301 1302/1302/1302
f 1292/1292/1292 1302/1302/1302 1293/1293/1293
f 1293/1293/1293 1302/1302/1302 1294/1294/1294
f 1302/1302/1302 1303/1303/1303 1294/1294/1294
f 1294/1294/1294 1303/1303/1303 1295/1295/1295
f 1303/1303/1303 1304/1304/1304 1295/1295/1295
f 1295/1295/1295 1304/1304/1304 1259/1259/1259
f 910/910/910 920/920/920 1305/1305/1305
f 910/910/910 1305/1305/1305 1296/1296/1296
f 1296/1296/1296 1305/1305/1305 1306/1306/1306
f 1296/1296/1296 1306/1306/1306 1297/1297/1297
f 1297/1297/1297 1306/1306/1306 1298/1298/1298
f 1306/1306/1306 1307/1307/1307 1298/1298/1298
f 1298/1298/1298 1307/1307/1307 1308/1308/1308
f 1298/1298/1298 1308/1308/1308 1299/1299/1299
f 1299/1299/1299 1308/1308/1308 1300/1300/1300
f 1308/1308/1308 1309/1309/1309 1300/1300/1300
f 1300/1300/1300 1309/1309/1309 1310/1310/1310
f 1300/1300/1300 1310/1310/1310 1301/1301/1301
f 1301/1301/1301 1310/1310/1310 1311/1311/1311
f 1301/1301/1301 1311/1311/1311 1302/1302/1302
f 1302/1302/1302 1311/1311/1311 1312/1312/1312
f 1302/1302/1302 1312/1312/1312 1303/1303/1303
f 1303/1303/1303 1312/1312/1312 1304/1304/1304
f 1312/1312/1312 1313/1313/1313 1304/1304/1304
f 1304/1304/1304 1313/1313/1313 1259/1259/1259
f 920/920/920 930/930/930 1314/1314/1314
f 920/920/920 1314/1314/1314 1305/1305/1305
f 1305/1305/1305 1314/1314/1314 1306/1306/1306
f 1314/1314/1314 1315/1315/1315 1306/1306/1306
f 1306/1306/1306 1315/1315/1315 1316/1316/1316
f 1306/1306/1306 1316/1316/1316 1307/1307/1307
f 1307/1307/1307 1316/1316/1316 1308/1308/1308
f 1316/1316/1316 1317/1317/1317 1308/1308/1308
f 1308/1308/1308 1317/1317/1317 1318/1318/1318
f 1308/1308/1308 1318/1318/1318 1309/1309/1309
f 1309/1309/1309 1318/1318/1318 1319/1319/1319
f 1309/1309/1309 1319/1319/1319 1310/1310/1310
f 1310/1310/1310 1319/1319/1319 1320/1320/1320
f 1310/1310/1310 1320/1320/1320 1311/1311/1311
f 1311/1311/1311 1320/1320/1320 1312/1312/1312
f 1320/1320/1320 1321/1321/1321 1312/1312/1312
f 1312/1312/1312 1321/1321/1321 1313/1313/1313
f 1321/1321/1321 1322/1322/1322 1313/1313/1313
f 1313/1313/1313 1322/1322/1322 1259/1259/1259
f 930/930/930 940/940/940 1314/1314/1314
f 940/940/940 1323/1323/1323 1314/1314/1314
f 1314/1314/1314 1323/1323/1323 1324/1324/1324
f 1314/1314/1314 1324/1324/1324 1315/1315/1315
f 1315/1315/1315 1324/1324/1324 1316/1316/1316
f 1324/1324/1324 1325/1325/1325 1316/1316/1316
f 1316/1316/1316 1325/1325/1325 1326/1326/1326
f 1316/1316/1316 1326/1326/1326 1317/1317/1317
f 1317/1317/1317 1326/1326/1326 1327/1327/1327
f 1317/1317/1317 1327/1327/1327 1318/1318/1318
f 1318/1318/1318 1327/1327/1327 1319/1319/1319
f 1327/1327/1327 1328/1328/1328 1319/1319/1319
f 1319/1319/1319 1328/1328/1328 1320/1320/1320
f 1328/1328/1328 1329/1329/1329 1320/1320/1320
f 1320/1320/1320 1329/1329/1329 1321/1321/1321
f 1329/1329/1329 1330/1330/1330 1321/1321/1321
f 1321/1321/1321 1330/1330/1330 1331/1331/1331
f 1321/1321/1321 1331/1331/1331 1322/1322/1322
f 1322/1322/1322 1331/1331/1331 1259/1259/1259
f 940/940/940 950/950/950 1332/1332/1332
f 940/940/940 1332/1332/1332 1323/1323/1323
f 1323/1323/1323 1332/1332/1332 1333/1333/1333
f 1323/1323/1323 1333/1333/1333 1324/1324/1324
f 1324/1324/1324 1333/1333/1333 1325/1325/1325
f 1333/1333/1333 1334/1334/1334 1325/1325/1325
f 1325/1325/1325 1334/1334/1334 1326/1326/1326
f 1334/1334/1334 1335/1335/1335 1326/1326/1326
f 1326/1326/1326 1335/1335/1335 1336/1336/1336
f 1326/1326/1326 1336/1336/1336 1327/1327/1327
f 1327/1327/1327 1336/1336/1336 1328/1328/1328
f 1336/1336/1336 1337/1337/1337 1328/1328/1328
f 1328/1328/1328 1337/1337/1337 1338/1338/1338
f 1328/1328/1328 1338/1338/1338 1329/1329/1329
f 1329/1329/1329 1338/1338/1338 1339/1339/1339
f 1329/1329/1329 1339/1339/1339 1330/1330/1330
f 1330/1330/1330 1339/1339/1339 1331/1331/1331
f 1339/1339/1339 1340/1340/1340 1331/1331/1331
f 1331/1331/1331 1340/1340/1340 1259/1259/1259
f 950/950/950 960/960/960 1332/1332/1332
f 960/960/960 1341/1341/1341 1332/1332/1332
f 1332/1332/1332 1341/1341/1341 1333/1333/1333
f 1341/1341/1341 1342/1342/1342 1333/1333/1333
f 1333/1333/1333 1342/1342/1342 1343/1343/1343
f 1333/1333/1333 1343/1343/1343 1334/1334/1334
f 1334/1334/1334 1343/1343/1343 1344/1344/1344
f 1334/1334/1334 1344/1344/1344 1335/1335/1335
f 1335/1335/1335 1344/1344/1344 1336/1336/1336
f 1344/1344/1344 1345/1345/1345 1336/1336/1336
f 1336/1336/1336 1345/1345/1345 1346/1346/1346
f 1336/1336/1336 1346/1346/1346 1337/1337/1337
f 1337/1337/1337 1346/1346/1346 1338/1338/1338
f 1346/1346/1346 1347/1347/1347 1338/1338/1338
f 1338/1338/1338 1347/1347/1347 1339/1339/1339
f 1347/1347/1347 1348/1348/1348 1339/1339/1339
f 1339/1339/1339 1348/1348/1348 1349/1349/1349
f 1339/1339/1339 1349/1349/1349 1340/1340/1340
f 1340/1340/1340 1349/1349/1349 1259/1259/1259
f 960/960/960 970/970/970 1350/1350/1350
f 960/960/960 1350/1350/1350 1341/1341/1341
f 1341/1341/1341 1350/1350/1350 1342/1342/1342
f 1350/1350/1350 1351/1351/1351 1342/1342/1342
f 1342/1342/1342 1351/1351/1351 1352/1352/1352
f 1342/1342/1342 1352/1352/1352 1343/1343/1343
f 1343/1343/1343 1352/1352/1352 1344/1344/1344
f 1352/1352/1352 1353/1353/1353 1344/1344/1344
f 1344/1344/1344 1353/1353/1353 1345/1345/1345
f 1353/1353/1353 1354/1354/1354 1345/1345/1345
f 1345/1345/1345 1354/1354/1354 1355/1355/1355
f 1345/1345/1345 1355/1355/1355 1346/1346/1346
f 1346/1346/1346 1355/1355/1355 1356/1356/1356
f 1346/1346/1346 1356/1356/1356 1347/1347/1347
f 1347/1347/1347 1356/1356/1356 1357/1357/1357
f 1347/1347/1347 1357/1357/1357 1348/1348/1348
f 1348/1348/1348 1357/1357/1357 1349/1349/1349
f 1357/1357/1357 1358/1358/1358 1349/1349/1349
f 1349/1349/1349 1358/1358/1358 1259/1259/1259
f 970/970/970 980/980/980 1350/1350/1350
f 980/980/980 1359/1359/1359 1350/1350/1350
f 1350/1350/1350 1359/1359/1359 1360/1360/1360
f 1350/1350/1350 1360/1360/1360 1351/1351/1351
f 1351/1351/1351 1360/1360/1360 1352/1352/1352
f 1360/1360/1360 1361/1361/1361 1352/1352/1352
f 1352/1352/1352 1361/1361/1361 1362/1362/1362
f 1352/1352/1352 1362/1362/1362 1353/1353/1353
f 1353/1353/1353 1362/1362/1362 1354/1354/1354
f 1362/1362/1362 1363/1363/1363 1354/1354/1354
f 1354/1354/1354 1363/1363/1363 1355/1355/1355
f 1363/1363/1363 1364/1364/1364 1355/1355/1355
f 1355/1355/1355 1364/1364/1364 1356/1356/1356
f 1364/1364/1364 1365/1365/1365 1356/1356/1356
f 1356/1356/1356 1365/1365/1365 1366/1366/1366
f 1356/1356/1356 1366/1366/1366 1357/1357/1357
f 1357/1357/1357 1366/1366/1366 1367/1367/1367
f 1357/1357/1357 1367/1367/1367 1358/1358/1358
f 1358/1358/1358 1367/1367/1367 1259/1259/1259
f 980/980/980 990/990/990 1359/1359/1359
f 990/990/990 1368/1368/1368 1359/1359/1359
f 1359/1359/1359 1368/1368/1368 1360/1360/1360
f 1368/1368/1368 1369/1369/1369 1360/1360/1360
f 1360/1360/1360 1369/1369/1369 1370/1370/1370
f 1360/1360/1360 1370/1370/1370 1361/1361/1361
f 1361/1361/1361 1370/1370/1370 1362/1362/1362
f 1370/1370/1370 1371/1371/1371 1362/1362/1362
f 1362/1362/1362 1371/1371/1371 1372/1372/1372
f 1362/1362/1362 1372/1372/1372 1363/1363/1363
f 1363/1363/1363 1372/1372/1372 1364/1364/1364
f 1372/1372/1372 1373/1373/1373 1364/1364/1364
f 1364/1364/1364 1373/1373/1373 1365/1365/1365
f 1373/1373/1373 1374/1374/1374 1365/1365/1365
f 1365/1365/1365 1374/1374/1374 1366/1366/1366
f 1374/1374/1374 1375/1375/1375 1366/1366/1366
f 1366/1366/1366 1375/1375/1375 1376/1376/1376
f 1366/1366/1366 1376/1376/1376 1367/1367/1367
f 1367/1367/1367 1376/1376/1376 1259/1259/1259
f 990/990/990 1000/1000/1000 1377/1377/1377
f 990/990/990 1377/1377/1377 1368/1368/1368
f 1368/1368/1368 1377/1377/1377 1369/1369/1369
f 1377/1377/1377 1378/1378/1378 1369/1369/1369
f 1369/1369/1369 1378/1378/1378 1379/1379/1379
f 1369/1369/1369 1379/1379/1379 1370/1370/1370
f 1370/1370/1370 1379/1379/1379 1371/1371/1371
f 1379/1379/1379 1380/1380/1380 1371/1371/1371
f 1371/1371/1371 1380/1380/1380 1372/1372/1372
f 1380/1380/1380 1381/1381/1381 1372/1372/1372
f 1372/1372/1372 1381/1381/1381 1382/1382/1382
f 1372/1372/1372 1382/1382/1382 1373/1373/1373
f 1373/1373/1373 1382/1382/1382 1374/1374/1374
f 1382/1382/1382 1383/1383/1383 1374/1374/1374
f 1374/1374/1374 1383/1383/1383 1384/1384/1384
f 1374/1374/1374 1384/1384/1384 1375/1375/1375
f 1375/1375/1375 1384/1384/1384 1385/1385/1385
f 1375/1375/1375 1385/1385/1385 1376/1376/1376
f 1376/1376/1376 1385/1385/1385 1259/1259/1259
f 1000/1000/1000 1010/1010/1010 1377/1377/1377
f 1010/1010/1010 1386/1386/1386 1377/1377/1377
f 1377/1377/1377 1386/1386/1386 1387/1387/1387
f 1377/1377/1377 1387/1387/1387 1378/1378/1378
f 1378/1378/1378 1387/1387/1387 1379/1379/1379
f 1387/1387/1387 1388/1388/1388 1379/1379/1379
f 1379/1379/1379 1388/1388/1388 1389/1389/1389
f 1379/1379/1379 1389/1389/1389 1380/1380/1380
f 1380/1380/1380 1389/1389/1389 1390/1390/1390
f 1380/1380/1380 1390/1390/1390 1381/1381/1381
f 1381/1381/1381 1390/1390/1390 1382/1382/1382
f 1390/1390/1390 1391/1391/1391 1382/1382/1382
f 1382/1382/1382 1391/1391/1391 1392/1392/1392
f 1382/1382/1382 1392/1392/1392 1383/1383/1383
f 1383/1383/1383 1392/1392/1392 1384/1384/1384
f 1392/1392/1392 1393/1393/1393 1384/1384/1384
f 1384/1384/1384 1393/1393/1393 1385/1385/1385
f 1393/1393/1393 1394/1394/1394 1385/1385/1385
f 1385/1385/1385 1394/1394/1394 1259/1259/1259
f 1010/1010/1010 1020/1020/1020 1395/1395/1395
f 1010/1010/1010 1395/1395/1395 1386/1386/1386
f 1386/1386/1386 1395/1395/1395 1396/1396/1396
f 1386/1386/1386 1396/1396/1396 1387/1387/1387
f 1387/1387/1387 1396/1396/1396 1388/1388/1388
f 1396/1396/1396 1397/1397/1397 1388/1388/1388
f 1388/1388/1388 1397/1397/1397 1398/1398/1398
f 1388/1388/1388 1398/1398/1398 1389/1389/1389
f 1389/1389/1389 1398/1398/1398 1390/1390/1390
f 1398/1398/1398 1399/1399/1399 1390/1390/1390
f 1390/1390/1390 1399/1399/1399 1400/1400/1400
f 1390/1390/1390 1400/1400/1400 1391/1391/1391
f 1391/1391/1391 1400/1400/1400 1401/1401/1401
f 1391/1391/1391 1401/1401/1401 1392/1392/1392
f 1392/1392/1392 1401/1401/1401 1402/1402/1402
f 1392/1392/1392 1402/1402/1402 1393/1393/1393
f 1393/1393/1393 1402/1402/1402 1394/1394/1394
f 1402/1402/1402 1403/1403/1403 1394/1394/1394
f 1394/1394/1394 1403/1403/1403 1259/1259/1259
f 1020/1020/1020 1030/1030/1030 1404/1404/1404
f 1020/1020/1020 1404/1404/1404 1395/1395/1395
f 1395/1395/1395 1404/1404/1404 1396/1396/1396
f 1404/1404/1404 1405/1405/1405 1396/1396/1396
f 1396/1396/1396 1405/1405/1405 1406/1406/1406
f 1396/1396/1396 1406/1406/1406 1397/1397/1397
f 1397/1397/1397 1406/1406/1406 1398/1398/1398
f 1406/1406/1406 1407/1407/1407 1398/1398/1398
f 1398/1398/1398 1407/1407/1407 1408/1408/1408
f 1398/1398/1398 1408/1408/1408 1399/1399/1399
f 1399/1399/1399 1408/1408/1408 1409/1409/1409
f 1399/1399/1399 1409/1409/1409 1400/1400/1400
f 1400/1400/1400 1409/1409/1409 1410/1410/1410
f 1400/1400/1400 1410/1410/1410 1401/1401/1401
f 1401/1401/1401 1410/1410/1410 1402/1402/1402
f 1410/1410/1410 1411/1411/1411 1402/1402/1402
f 1402/1402/1402 1411/1411/1411 1403/1403/1403
f 1411/1411/1411 1412/1412/1412 1403/1403/1403
f 1403/1403/1403 1412/1412/1412 1259/1259/1259
f 1030/1030/1030 1040/1040/1040 1404/1404/1404
f 1040/1040/1040 1413/1413/1413 1404/1404/1404
f 1404/1404/1404 1413/1413/1413 1414/1414/1414
f 1404/1404/1404 1414/1414/1414 1405/1405/1405
f 1405/1405/1405 1414/1414/1414 1406/1406/1406
f 1414/1414/1414 1415/1415/1415 1406/1406/1406
f 1406/1406/1406 1415/1415/1415 1416/1416/1416
f 1406/1406/1406 1416/1416/1416 1407/1407/1407
f 1407/1407/1407 1416/1416/1416 1417/1417/1417
f 1407/1407/1407 1417/1417/1417 1408/1408/1408
f 1408/1408/1408 1417/1417/1417 1409/1409/1409
f 1417/1417/1417 1418/1418/1418 1409/1409/1409
f 1409/1409/1409 1418/1418/1418 1410/1410/1410
f 1418/1418/1418 1419/1419/1419 1410/1410/1410
f 1410/1410/1410 1419/1419/1419 1411/1411/1411
f 1419/1419/1419 1420/1420/1420 1411/1411/1411
f 1411/1411/1411 1420/1420/1420 1421/1421/1421
f 1411/1411/1411 1421/1421/1421 1412/1412/1412
f 1412/1412/1412 1421/1421/1421 1259/1259/1259
f 1040/1040/1040 1050/1050/1050 1422/1422/1422
f 1040/1040/1040 1422/1422/1422 1413/1413/1413
f 1413/1413/1413 1422/1422/1422 1423/1423/1423
f 1413/1413/1413 1423/1423/1423 1414/1414/1414
f 1414/1414/1414 1423/1423/1423 1415/1415/1415
f 1423/1423/1423 1424/1424/1424 1415/1415/1415
f 1415/1415/1415 1424/1424/1424 1416/1416/1416
f 1424/1424/1424 1425/1425/1425 1416/1416/1416
f 1416/1416/1416 1425/1425/1425 1426/1426/1426
f 1416/1416/1416 1426/1426/1426 1417/1417/1417
f 1417/1417/1417 1426/1426/1426 1418/1418/1418
f 1426/1426/1426 1427/1427/1427 1418/1418/1418
f 1418/1418/1418 1427/1427/1427 1428/1428/1428
f 1418/1418/1418 1428/1428/1428 1419/1419/1419
f 1419/1419/1419 1428/1428/1428 1429/1429/1429
f 1419/1419/1419 1429/1429/1429 1420/1420/1420
f 1420/1420/1420 1429/1429/1429 1421/1421/1421
f 1429/1429/1429 1430/1430/1430 1421/1421/1421
f 1421/1421/1421 1430/1430/1430 1259/1259/1259
f 1050/1050/1050 1060/1060/1060 1422/1422/1422
f 1060/1060/1060 1431/1431/1431 1422/1422/1422
f 1422/1422/1422 1431/1431/1431 1423/1423/1423
f 1431/1431/1431 1432/1432/1432 1423/1423/1423
f 1423/1423/1423 1432/1432/1432 1433/1433/1433
f 1423/1423/1423 1433/1433/1433 1424/1424/1424
f 1424/1424/1424 1433/1433/1433 1434/1434/1434
f 1424/1424/1424 1434/1434/1434 1425/1425/1425
f 1425/1425/1425 1434/1434/1434 1426/1426/1426
f 1434/1434/1434 1435/1435/1435 1426/1426/1426
f 1426/1426/1426 1435/1435/1435 1436/1436/1436
f 1426/1426/1426 1436/1436/1436 1427/1427/1427
f 1427/1427/1427 1436/1436/1436 1428/1428/1428
f 1436/1436/1436 1437/1437/1437 1428/1428/1428
f 1428/1428/1428 1437/1437/1437 1429/1429/1429
f 1437/1437/1437 1438/1438/1438 1429/1429/1429
f 1429/1429/1429 1438/1438/1438 1439/1439/1439
f 1429/1429/1429 1439/1439/1439 1430/1430/1430
f 1430/1430/1430 1439/1439/1439 1259/1259/1259
f 1060/1060/1060 1070/1070/1070 1440/1440/1440
f 1060/1060/1060 1440/1440/1440 1431/1431/1431
f 1431/1431/1431 1440/1440/1440 1432/1432/1432
f 1440/1440/1440 1441/1441/1441 1432/1432/1432
f 1432/1432/1432 1441/1441/1441 1442/1442/1442
f 1432/1432/1432 1442/1442/1442 1433/1433/1433
f 1433/1433/1433 1442/1442/1442 1434/1434/1434
f 1442/1442/1442 1443/1443/1443 1434/1434/1434
f 1434/1434/1434 1443/1443/1443 1435/1435/1435
f 1443/1443/1443 1444/1444/1444 1435/1435/1435
f 1435/1435/1435 1444/1444/1444 1445/1445/1445
f 1435/1435/1435 1445/1445/1445 1436/1436/1436
f 1436/1436/1436 1445/1445/1445 1446/1446/1446
f 1436/1436/1436 1446/1446/1446 1437/1437/1437
f 1437/1437/1437 1446/1446/1446 1447/1447/1447
f 1437/1437/1437 1447/1447/1447 1438/1438/1438
f 1438/1438/1438 1447/1447/1447 1439/1439/1439
f 1447/1447/1447 1448/1448/1448 1439/1439/1439
f 1439/1439/1439 1448/1448/1448 1259/1259/1259
f 1070/1070/1070 1080/1080/1080 1440/1440/1440
f 1080/1080/1080 1449/1449/1449 1440/1440/1440
f 1440/1440/1440 1449/1449/1449 1450/1450/1450
f 1440/1440/1440 1450/1450/1450 1441/1441/1441
f 1441/1441/1441 1450/1450/1450 1442/1442/1442
f 1450/1450/1450 1451/1451/1451 1442/1442/1442
f 1442/1442/1442 1451/1451/1451 1452/1452/1452
f 1442/1442/1442 1452/1452/1452 1443/1443/1443
f 1443/1443/1443 1452/1452/1452 1444/1444/1444
f 1452/1452/1452 1453/1453/1453 1444/1444/1444
f 1444/1444/1444 1453/1453/1453 1445/1445/1445
f 1453/1453/1453 1454/1454/1454 1445/1445/1445
f 1445/1445/1445 1454/1454/1454 1446/1446/1446
f 1454/1454/1454 1455/1455/1455 1446/1446/1446
f 1446/1446/1446 1455/1455/1455 1456/1456/1456
f 1446/1446/1446 1456/1456/1456 1447/1447/1447
f 1447/1447/1447 1456/1456/1456 1457/1457/1457
f 1447/1447/1447 1457/1457/1457 1448/1448/1448
f 1448/1448/1448 1457/1457/1457 1259/1259/1259
f 1080/1080/1080 1090/1090/1090 1449/1449/1449
f 1090/1090/1090 1458/1458/1458 1449/1449/1449
f 1449/1449/1449 1458/1458/1458 1450/1450/1450
f 1458/1458/1458 1459/1459/1459 1450/1450/1450
f 1450/1450/1450 1459/1459/1459 1460/1460/1460
f 1450/1450/1450 1460/1460/1460 1451/1451/1451
f 1451/1451/1451 1460/1460/1460 1452/1452/1452
f 1460/1460/1460 1461/1461/1461 1452/1452/1452
f 1452/1452/1452 1461/1461/1461 1462/1462/1462
f 1452/1452/1452 1462/1462/1462 1453/1453/1453
f 1453/1453/1453 1462/1462/1462 1454/1454/1454
f 1462/1462/1462 1463/1463/1463 1454/1454/1454
f 1454/1454/1454 1463/1463/1463 1455/1455/1455
f 1463/1463/1463 1464/1464/1464 1455/1455/1455
f 1455/1455/1455 1464/1464/1464 1456/1456/1456
f 1464/1464/1464 1465/1465/1465 1456/1456/1456
f 1456/1456/1456 1465/1465/1465 1466/1466/1466
f 1456/1456/1456 1466/1466/1466 1457/1457/1457
f 1457/1457/1457 1466/1466/1466 1259/1259/1259
f 1090/1090/1090 1100/1100/1100 1467/1467/1467
f 1090/1090/1090 1467/1467/1467 1458/1458/1458
f 1458/1458/1458 1467/1467/1467 1459/1459/1459
f 1467/1467/1467 1468/1468/1468 1459/1459/1459
f 1459/1459/1459 1468/1468/1468 1469/1469/1469
f 1459/1459/1459 1469/1469/1469 1460/1460/1460
f 1460/1460/1460 1469/1469/1469 1461/1461/1461
f 1469/1469/1469 1470/1470/1470 1461/1461/1461
f 1461/1461/1461 1470/1470/1470 1462/1462/1462
f 1470/1470/1470 1471/1471/1471 1462/1462/1462
f 1462/1462/1462 1471/1471/1471 1472/1472/1472
f 1462/1462/1462 1472/1472/1472 1463/1463/1463
f 1463/1463/1463 1472/1472/1472 1464/1464/1464
f 1472/1472/1472 1473/1473/1473 1464/1464/1464
f 1464/1464/1464 1473/1473/1473 1474/1474/1474
f 1464/1464/1464 1474/1474/1474 1465/1465/1465
f 1465/1465/1465 1474/1474/1474 1475/1475/1475
f 1465/1465/1465 1475/1475/1475 1466/1466/1466
f 1466/1466/1466 1475/1475/1475 1259/1259/1259
f 1100/1100/1100 1110/1110/1110 1467/1467/1467
f 1110/1110/1110 1476/1476/1476 1467/1467/1467
f 1467/1467/1467 1476/1476/1476 1477/1477/1477
f 1467/1467/1467 1477/1477/1477 1468/1468/1468
f 1468/1468/1468 1477/1477/1477 1469/1469/1469
f 1477/1477/1477 1478/1478/1478 1469/1469/1469
f 1469/1469/1469 1478/1478/1478 1479/1479/1479
f 1469/1469/1469 1479/1479/1479 1470/1470/1470
f 1470/1470/1470 1479/1479/1479 1480/1480/1480
f 1470/1470/1470 1480/1480/1480 1471/1471/1471
f 1471/1471/1471 1480/1480/1480 1472/1472/1472
f 1480/1480/1480 1481/1481/1481 1472/1472/1472
f 1472/1472/1472 1481/1481/1481 1482/1482/1482
f 1472/1472/1472 1482/1482/1482 1473/1473/1473
f 1473/1473/1473 1482/1482/1482 1474/1474/1474
f 1482/1482/1482 1483/1483/1483 1474/1474/1474
f 1474/1474/1474 1483/1483/1483 1475/1475/1475
f 1483/1483/1483 1484/1484/1484 1475/1475/1475
f 1475/1475/1475 1484/1484/1484 1259/1259/1259
f 1110/1110/1110 1120/1120/1120 1485/1485/1485
f 1110/1110/1110 1485/1485/1485 1476/1476/1476
f 1476/1476/1476 1485/1485/1485 1486/1486/1486
f 1476/1476/1476 1486/1486/1486 1477/1477/1477
f 1477/1477/1477 1486/1486/1486 1478/1478/1478
f 1486/1486/1486 1487/1487/1487 1478/1478/1478
f 1478/1478/1478 1487/1487/1487 1488/1488/1488
f 1478/1478/1478 1488/1488/1488 1479/1479/1479
f 1479/1479/1479 1488/1488/1488 1480/1480/1480
f 1488/1488/1488 1489/1489/1489 1480/1480/1480
f 1480/1480/1480 1489/1489/1489 1490/1490/1490
f 1480/1480/1480 1490/1490/1490 1481/1481/1481
f 1481/1481/1481 1490/1490/1490 1491/1491/1491
f 1481/1481/1481 1491/1491/1491 1482/1482/1482
f 1482/1482/1482 1491/1491/1491 1492/1492/1492
f 1482/1482/1482 1492/1492/1492 1483/1483/1483
f 1483/1483/1483 1492/1492/1492 1484/1484/1484
f 1492/1492/1492 1493/1493/1493 1484/1484/1484
f 1484/1484/1484 1493/1493/1493 1259/1259/1259
f 1120/1120/1120 1130/1130/1130 1494/1494/1494
f 1120/1120/1120 1494/1494/1494 1485/1485/1485
f 1485/1485/1485 1494/1494/1494 1486/1486/1486
f 1494/1494/1494 1495/1495/1495 1486/1486/1486
f 1486/1486/1486 1495/1495/1495 1496/1496/1496
f 1486/1486/1486 1496/1496/1496 1487/1487/1487
f 1487/1487/1487 1496/1496/1496 1488/1488/1488
f 1496/1496/1496 1497/1497/1497 1488/1488/1488
f 1488/1488/1488 1497/1497/1497 1498/1498/1498
f 1488/1488/1488 1498/1498/1498 1489/1489/1489
f 1489/1489/1489 1498/1498/1498 1499/1499/1499
f 1489/1489/1489 1499/1499/1499 1490/1490/1490
f 1490/1490/1490 1499/1499/1499 1500/1500/1500
f 1490/1490/1490 1500/1500/1500 1491/1491/1491
f 1491/1491/1491 1500/1500/1500 1492/1492/1492
f 1500/1500/1500 1501/1501/1501 1492/1492/1492
f 1492/1492/1492 1501/1501/1501 1493/1493/1493
f 1501/1501/1501 1502/1502/1502 1493/1493/1493
f 1493/1493/1493 1502/1502/1502 1259/1259/1259
f 1130/1130/1130 1140/1140/1140 1494/1494/1494
f 1140/1140/1140 1503/1503/1503 1494/1494/1494
f 1494/1494/1494 1503/1503/1503 1504/1504/1504
f 1494/1494/1494 1504/1504/1504 1495/1495/1495
f 1495/1495/1495 1504/1504/1504 1496/1496/1496
f 1504/1504/1504 1505/1505/1505 1496/1496/1496
f 1496/1496/1496 1505/1505/1505 1506/1506/1506
f 1496/1496/1496 1506/1506/1506 1497/1497/1497
f 1497/1497/1497 1506/1506/1506 1507/1507/1507
f 1497/1497/1497 1507/1507/1507 1498/1498/1498
f 1498/1498/1498 1507/1507/1507 1499/1499/1499
f 1507/1507/1507 1508/1508/1508 1499/1499/1499
f 1499/1499/1499 1508/1508/1508 1500/1500/1500
f 1508/1508/1508 1509/1509/1509 1500/1500/1500
f 1500/1500/1500 1509/1509/1509 1501/1501/1501
f 1509/1509/1509 1510/1510/1510 1501/1501/1501
f 1501/1501/1501 1510/1510/1510 1511/1511/1511
f 1501/1501/1501 1511/1511/1511 1502/1502/1502
f 1502/1502/1502 1511/1511/1511 1259/1259/1259
f 1140/1140/1140 1150/1150/1150 1512/1512/1512
f 1140/1140/1140 1512/1512/1512 1503/1503/1503
f 1503/1503/1503 1512/1512/1512 1513/1513/1513
f 1503/1503/1503 1513/1513/1513 1504/1504/1504
f 1504/1504/1504 1513/1513/1513 1505/1505/1505
f 1513/1513/1513 1514/1514/1514 1505/1505/1505
f 1505/1505/1505 1514/1514/1514 1506/1506/1506
f 1514/1514/1514 1515/1515/1515 1506/1506/1506
f 1506/1506/1506 1515/1515/1515 1516/1516/1516
f 1506/1506/1506 1516/1516/1516 1507/1507/1507
f 1507/1507/1507 1516/1516/1516 1508/1508/1508
f 1516/1516/1516 1517/1517/1517 1508/1508/1508
f 1508/1508/1508 1517/1517/1517 1518/1518/1518
f 1508/1508/1508 1518/1518/1518 1509/1509/1509
f 1509/1509/1509 1518/1518/1518 1519/1519/1519
f 1509/1509/1509 1519/1519/1519 1510/1510/1510
f 1510/1510/1510 1519/1519/1519 1511/1511/1511
f 1519/1519/1519 1520/1520/1520 1511/1511/1511
f 1511/1511/1511 1520/1520/1520 1259/1259/1259
f 1150/1150/1150 1160/1160/1160 1512/1512/1512
f 1160/1160/1160 1521/1521/1521 1512/1512/1512
f 1512/1512/1512 1521/1521/1521 1513/1513/1513
f 1521/1521/1521 1522/1522/1522 1513/1513/1513
f 1513/1513/1513 1522/1522/1522 1523/1523/1523
f 1513/1513/1513 1523/1523/1523 1514/1514/1514
f 1514/1514/1514 1523/1523/1523 1524/1524/1524
f 1514/1514/1514 1524/1524/1524 1515/1515/1515
f 1515/1515/1515 1524/1524/1524 1516/1516/1516
f 1524/1524/1524 1525/1525/1525 1516/1516/1516
f 1516/1516/1516 1525/1525/1525 1526/1526/1526
f 1516/1516/1516 1526/1526/1526 1517/1517/1517
f 1517/1517/1517 1526/1526/1526 1518/1518/1518
f 1526/1526/1526 1527/1527/1527 1518/1518/1518
f 1518/1518/1518 1527/1527/1527 1519/1519/1519
f 1527/1527/1527 1528/1528/1528 1519/1519/1519
f 1519/1519/1519 1528/1528/1528 1529/1529/1529
f 1519/1519/1519 1529/1529/1529 1520/1520/1520
f 1520/1520/1520 1529/1529/1529 1259/1259/1259
f 1160/1160/1160 1170/1170/1170 1530/1530/1530
f 1160/1160/1160 1530/1530/1530 1521/1521/1521
f 1521/1521/1521 1530/1530/1530 1522/1522/1522
f 1530/1530/1530 1531/1531/1531 1522/1522/1522
f 1522/1522/1522 1531/1531/1531 1532/1532/1532
f 1522/1522/1522 1532/1532/1532 1523/1523/1523
f 1523/1523/1523 1532/1532/1532 1524/1524/1524
f 1532/1532/1532 1533/1533/1533 1524/1524/1524
f 1524/1524/1524 1533/1533/1533 1525/1525/1525
f 1533/1533/1533 1534/1534/1534 1525/1525/1525
f 1525/1525/1525 1534/1534/1534 1535/1535/1535
f 1525/1525/1525 1535/1535/1535 1526/1526/1526
f 1526/1526/1526 1535/1535/1535 1536/1536/1536
f 1526/1526/1526 1536/1536/1536 1527/1527/1527
f 1527/1527/1527 1536/1536/1536 1537/1537/1537
f 1527/1527/1527 1537/1537/1537 1528/1528/1528
f 1528/1528/1528 1537/1537/1537 1529/1529/1529
f 1537/1537/1537 1538/1538/1538 1529/1529/1529
f 1529/1529/1529 1538/1538/1538 1259/1259/1259
f 1170/1170/1170 1180/1180/1180 1530/1530/1530
f 1180/1180/1180 1539/1539/1539 1530/1530/1530
f 1530/1530/1530 1539/1539/1539 1540/1540/1540
f 1530/1530/1530 1540/1540/1540 1531/1531/1531
f 1531/1531/1531 1540/1540/1540 1532/1532/1532
f 1540/1540/1540 1541/1541/1541 1532/1532/1532
f 1532/1532/1532 1541/1541/1541 1542/1542/1542
f 1532/1532/1532 1542/1542/1542 1533/1533/1533
f 1533/1533/1533 1542/1542/1542 1534/1534/1534
f 1542/1542/1542 1543/1543/1543 1534/1534/1534
f 1534/1534/1534 1543/1543/1543 1535/1535/1535
f 1543/1543/1543 1544/1544/1544 1535/1535/1535
f 1535/1535/1535 1544/1544/1544 1536/1536/1536
f 1544/1544/1544 1545/1545/1545 1536/1536/1536
f 1536/1536/1536 1545/1545/1545 1546/1546/1546
f 1536/1536/1536 1546/1546/1546 1537/1537/1537
f 1537/1537/1537 1546/1546/1546 1547/1547/1547
f 1537/1537/1537 1547/1547/1547 1538/1538/1538
f 1538/1538/1538 1547/1547/1547 1259/1259/1259
f 1180/1180/1180 1190/1190/1190 1539/1539/1539
f 1190/1190/1190 1548/1548/1548 1539/1539/1539
f 1539/1539/1539 1548/1548/1548 1540/1540/1540
f 1548/1548/1548 1549/1549/1549 1540/1540/1540
f 1540/1540/1540 1549/1549/1549 1550/1550/1550
f 1540/1540/1540 1550/1550/1550 1541/1541/1541
f 1541/1541/1541 1550/1550/1550 1542/1542/1542
f 1550/1550/1550 1551/1551/1551 1542/1542/1542
f 1542/1542/1542 1551/1551/1551 1552/1552/1552
f 1542/1542/1542 1552/1552/1552 1543/1543/1543
f 1543/1543/1543 1552/1552/1552 1544/1544/1544
f 1552/1552/1552 1553/1553/1553 1544/1544/1544
f 1544/1544/1544 1553/1553/1553 1545/1545/1545
f 1553/1553/1553 1554/1554/1554 1545/1545/1545
f 1545/1545/1545 1554/1554/1554 1546/1546/1546
f 1554/1554/1554 1555/1555/1555 1546/1546/1546
f 1546/1546/1546 1555/1555/1555 1556/1556/1556
f 1546/1546/1546 1556/1556/1556 1547/1547/1547
f 1547/1547/1547 1556/1556/1556 1259/1259/1259
f 1190/1190/1190 1200/1200/1200 1557/1557/1557
f 1190/1190/1190 1557/1557/1557 1548/1548/1548
f 1548/1548/1548 1557/1557/1557 1549/1549/1549
f 1557/1557/1557 1558/1558/1558 1549/1549/1549
f 1549/1549/1549 1558/1558/1558 1559/1559/1559
f 1549/1549/1549 1559/1559/1559 1550/1550/1550
f 1550/1550/1550 1559/1559/1559 1551/1551/1551
f 1559/1559/1559 1560/1560/1560 1551/1551/1551
f 1551/1551/1551 1560/1560/1560 1552/1552/1552
f 1560/1560/1560 1561/1561/1561 1552/1552/1552
f 1552/1552/1552 1561/1561/1561 1562/1562/1562
f 1552/1552/1552 1562/1562/1562 1553/1553/1553
f 1553/1553/1553 1562/1562/1562 1554/1554/1554
f 1562/1562/1562 1563/1563/1563 1554/1554/1554
f 1554/1554/1554 1563/1563/1563 1564/1564/1564
f 1554/1554/1554 1564/1564/1564 1555/1555/1555
f 1555/1555/1555 1564/1564/1564 1565/1565/1565
f 1555/1555/1555 1565/1565/1565 1556/1556/1556
f 1556/1556/1556 1565/1565/1565 1259/1259/1259
f 1200/1200/1200 1210/1210/1210 1557/1557/1557
f 1210/1210/1210 1566/1566/1566 1557/1557/1557
f 1557/1557/1557 1566/1566/1566 1567/1567/1567
f 1557/1557/1557 1567/1567/1567 1558/1558/1558
f 1558/1558/1558 1567/1567/1567 1559/1559/1559
f 1567/1567/1567 1568/1568/1568 1559/1559/1559
f 1559/1559/1559 1568/1568/1568 1569/1569/1569
f 1559/1559/1559 1569/1569/1569 1560/1560/1560
f 1560/1560/1560 1569/1569/1569 1570/1570/1570
f 1560/1560/1560 1570/1570/1570 1561/1561/1561
f 1561/1561/1561 1570/1570/1570 1562/1562/1562
f 1570/1570/1570 1571/1571/1571 1562/1562/1562
f 1562/1562/1562 1571/1571/1571 1572/1572/1572
f 1562/1562/1562 1572/1572/1572 1563/1563/1563
f 1563/1563/1563 1572/1572/1572 1564/1564/1564
f 1572/1572/1572 1573/1573/1573 1564/1564/1564
f 1564/1564/1564 1573/1573/1573 1565/1565/1565
f 1573/1573/1573 1574/1574/1574 1565/1565/1565
f 1565/1565/1565 1574/1574/1574 1259/1259/1259
f 1210/1210/1210 1220/1220/1220 1575/1575/1575
f 1210/1210/1210 1575/1575/1575 1566/1566/1566
f 1566/1566/1566 1575/1575/1575 1576/1576/1576
f 1566/1566/1566 1576/1576/1576 1567/1567/1567
f 1567/1567/1567 1576/1576/1576 1568/1568/1568
f 1576/1576/1576 1577/1577/1577 1568/1568/1568
f 1568/1568/1568 1577/1577/1577 1578/1578/1578
f 1568/1568/1568 1578/1578/1578 1569/1569/1569
f 1569/1569/1569 1578/1578/1578 1570/1570/1570
f 1578/1578/1578 1579/1579/1579 1570/1570/1570
f 1570/1570/1570 1579/1579/1579 1580/1580/1580
f 1570/1570/1570 1580/1580/1580 1571/1571/1571
f 1571/1571/1571 1580/1580/1580 1581/1581/1581
f 1571/1571/1571 1581/1581/1581 1572/1572/1572
f 1572/1572/1572 1581/1581/1581 1582/1582/1582
f 1572/1572/1572 1582/1582/1582 1573/1573/1573
f 1573/1573/1573 1582/1582/1582 1574/1574/1574
f 1582/1582/1582 1583/1583/1583 1574/1574/1574
f 1574/1574/1574 1583/1583/1583 1259/1259/1259
f 1220/1220/1220 1230/1230/1230 1584/1584/1584
f 1220/1220/1220 1584/1584/1584 1575/1575/1575
f 1575/1575/1575 1584/1584/1584 1576/1576/1576
f 1584/1584/1584 1585/1585/1585 1576/1576/1576
f 1576/1576/1576 1585/1585/1585 1586/1586/1586
f 1576/1576/1576 1586/1586/1586 1577/1577/1577
f 1577/1577/1577 1586/1586/1586 1578/1578/1578
f 1586/1586/1586 1587/1587/1587 1578/1578/1578
f 1578/1578/1578 1587/1587/1587 1588/1588/1588
f 1578/1578/1578 1588/1588/1588 1579/1579/1579
f 1579/1579/1579 1588/1588/1588 1589/1589/1589
f 1579/1579/1579 1589/1589/1589 1580/1580/1580
f 1580/1580/1580 1589/1589/1589 1590/1590/1590
f 1580/1580/1580 1590/1590/1590 1581/1581/1581
f 1581/1581/1581 1590/1590/1590 1582/1582/1582
f 1590/1590/1590 1591/1591/1591 1582/1582/1582
f 1582/1582/1582 1591/1591/1591 1583/1583/1583
f 1591/1591/1591 1592/1592/1592 1583/1583/1583
f 1583/1583/1583 1592/1592/1592 1259/1259/1259
f 1230/1230/1230 1240/1240/1240 1584/1584/1584
f 1240/1240/1240 1593/1593/1593 1584/1584/1584
f 1584/1584/1584 1593/1593/1593 1594/1594/1594
f 1584/1584/1584 1594/1594/1594 1585/1585/1585
f 1585/1585/1585 1594/1594/1594 1586/1586/1586
f 1594/1594/1594 1595/1595/1595 1586/1586/1586
f 1586/1586/1586 1595/1595/1595 1596/1596/1596
f 1586/1586/1586 1596/1596/1596 1587/1587/1587
f 1587/1587/1587 1596/1596/1596 1597/1597/1597
f 1587/1587/1587 1597/1597/1597 1588/1588/1588
f 1588/1588/1588 1597/1597/1597 1589/1589/1589
f 1597/1597/1597 1598/1598/1598 1589/1589/1589
f 1589/1589/1589 1598/1598/1598 1590/1590/1590
f 1598/1598/1598 1599/1599/1599 1590/1590/1590
f 1590/1590/1590 1599/1599/1599 1591/1591/1591
f 1599/1599/1599 1600/1600/1600 1591/1591/1591
f 1591/1591/1591 1600/1600/1600 1601/1601/1601
f 1591/1591/1591 1601/1601/1601 1592/1592/1592
f 1592/1592/1592 1601/1601/1601 1259/1259/1259
f 1240/1240/1240 859/859/859 1241/1241/1241
f 1240/1240/1240 1241/1241/1241 1593/1593/1593
f 1593/1593/1593 1241/1241/1241 1243/1243/1243
f 1593/1593/1593 1243/1243/1243 1594/1594/1594
f 1594/1594/1594 1243/1243/1243 1595/1595/1595
f 1243/1243/1243 1246/1246/1246 1595/1595/1595
f 1595/1595/1595 1246/1246/1246 1596/1596/1596
f 1246/1246/1246 1248/1248/1248 1596/1596/1596
f 1596/1596/1596 1248/1248/1248 1249/1249/1249
f 1596/1596/1596 1249/1249/1249 1597/1597/1597
f 1597/1597/1597 1249/1249/1249 1598/1598/1598
f 1249/1249/1249 1252/1252/1252 1598/1598/1598
f 1598/1598/1598 1252/1252/1252 1253/1253/1253
f 1598/1598/1598 1253/1253/1253 1599/1599/1599
f 1599/1599/1599 1253/1253/1253 1255/1255/1255
f 1599/1599/1599 1255/1255/1255 1600/1600/1600
f 1600/1600/1600 1255/1255/1255 1601/1601/1601
f 1255/1255/1255 1258/1258/1258 1601/1601/1601
f 1601/1601/1601 1258/1258/1258 1259/1259/1259
f 1602/1602/1602 1603/1602/1603 1604/1602/1604
f 1603/1602/1603 1605/1602/1605 1604/1602/1604
f 1604/1602/1604 1605/1602/1605 1606/1602/1606
f 1605/1602/1605 1607/1602/1607 1606/1602/1606
f 1606/1602/1606 1607/1602/1607 1608/1602/1608
f 1607/1602/1607 1609/1602/1609 1608/1602/1608
f 1608/1602/1608 1609/1602/1609 1610/1602/1610
f 1609/1602/1609 1611/1602/1611 1610/1602/1610
f 1610/1602/1610 1611/1602/1611 1612/1603/1612
f 1611/1602/1611 1613/1604/1613 1612/1603/1612
f 1612/1603/1612 1613/1604/1613 1614/1605/1614
f 1613/1604/1613 1615/1606/1615 1614/1605/1614
f 1614/1605/1614 1615/1606/1615 1616/1607/1616
f 1615/1606/1615 1617/1608/1617 1616/1607/1616
f 1616/1607/1616 1617/1608/1617 1618/1609/1618
f 1617/1608/1617 1619/1610/1619 1618/1609/1618
f 1618/1609/1618 1619/1610/1619 1620/1611/1620
f 1619/1610/1619 1621/1612/1621 1620/1611/1620
f 1620/1611/1620 1621/1612/1621 1622/1613/1622
f 1621/1612/1621 1623/1614/1623 1622/1613/1622
f 1603/1602/1603 1624/1602/1624 1625/1602/1625
f 1603/1602/1603 1625/1602/1625 1605/1602/1605
f 1605/1602/1605 1625/1602/1625 1607/1602/1607
f 1625/1602/1625 1626/1602/1626 1607/1602/1607
f 1607/1602/1607 1626/1602/1626 1609/1602/1609
f 1626/1602/1626 1627/1602/1627 1609/1602/1609
f 1609/1602/1609 1627/1602/1627 1611/1602/1611
f 1627/1602/1627 1628/1602/1628 1611/1602/1611
f 1611/1602/1611 1628/1602/1628 1613/1604/1613
f 1628/1602/1628 1629/1604/1629 1613/1604/1613
f 1613/1604/1613 1629/1604/1629 1615/1606/1615
f 1629/1604/1629 1630/1615/1630 1615/1606/1615
f 1615/1606/1615 1630/1615/1630 1617/1608/1617
f 1630/1615/1630 1631/1616/1631 1617/1608/1617
f 1617/1608/1617 1631/1616/1631 1619/1610/1619
f 1631/1616/1631 1632/1617/1632 1619/1610/1619
f 1619/1610/1619 1632/1617/1632 1621/1612/1621
f 1632/1617/1632 1633/1618/1633 1621/1612/1621
f 1621/1612/1621 1633/1618/1633 1623/1614/1623
f 1633/1618/1633 1634/1619/1634 1623/1614/1623
f 1624/1602/1624 1635/1602/1635 1625/1602/1625
f 1635/1602/1635 1636/1620/1636 1625/1602/1625
f 1625/1602/1625 1636/1620/1636 1626/1602/1626
f 1636/1620/1636 1637/1620/1637 1626/1602/1626
f 1626/1602/1626 1637/1620/1637 1627/1602/1627
f 1637/1620/1637 1638/1620/1638 1627/1602/1627
f 1627/1602/1627 1638/1620/1638 1628/1602/1628
f 1638/1620/1638 1639/1620/1639 1628/1602/1628
f 1628/1602/1628 1639/1620/1639 1629/1604/1629
f 1639/1620/1639 1640/1621/1640 1629/1604/1629
f 1629/1604/1629 1640/1621/1640 1630/1615/1630
f 1640/1621/1640 1641/1622/1641 1630/1615/1630
f 1630/1615/1630 1641/1622/1641 1631/1616/1631
f 1641/1622/1641 1642/1623/1642 1631/1616/1631
f 1631/1616/1631 1642/1623/1642 1632/1617/1632
f 1642/1623/1642 1643/1624/1643 1632/1617/1632
f 1632/1617/1632 1643/1624/1643 1633/1618/1633
f 1643/1624/1643 1644/1625/1644 1633/1618/1633
f 1633/1618/1633 1644/1625/1644 1634/1619/1634
f 1644/1625/1644 1645/1626/1645 1634/1619/1634
f 1635/1602/1635 1646/1620/1646 1636/1620/1636
f 1646/1620/1646 1647/1620/1647 1636/1620/1636
f 1636/1620/1636 1647/1620/1647 1637/1620/1637
f 1647/1620/1647 1648/1620/1648 1637/1620/1637
f 1637/1620/1637 1648/1620/1648 1638/1620/1638
f 1648/1620/1648 1649/1620/1649 1638/1620/1638
f 1638/1620/1638 1649/1620/1649 1639/1620/1639
f 1649/1620/1649 1650/1620/1650 1639/1620/1639
f 1639/1620/1639 1650/1620/1650 1640/1621/1640
f 1650/1620/1650 1651/1621/1651 1640/1621/1640
f 1640/1621/1640 1651/1621/1651 1641/1622/1641
f 1651/1621/1651 1652/1627/1652 1641/1622/1641
f 1641/1622/1641 1652/1627/1652 1642/1623/1642
f 1652/1627/1652 1653/1628/1653 1642/1623/1642
f 1642/1623/1642 1653/1628/1653 1643/1624/1643
f 1653/1628/1653 1654/1629/1654 1643/1624/1643
f 1643/1624/1643 1654/1629/1654 1644/1625/1644
f 1654/1629/1654 1655/1630/1655 1644/1625/1644
f 1644/1625/1644 1655/1630/1655 1645/1626/1645
f 1655/1630/1655 1656/1631/1656 1645/1626/1645
f 1646/1620/1646 1657/1620/1657 1647/1620/1647
f 1657/1620/1657 1658/1620/1658 1647/1620/1647
f 1647/1620/1647 1658/1620/1658 1648/1620/1648
f 1658/1620/1658 1659/1620/1659 1648/1620/1648
f 1648/1620/1648 1659/1620/1659 1649/1620/1649
f 1659/1620/1659 1660/1620/1660 1649/1620/1649
f 1649/1620/1649 1660/1620/1660 1650/1620/1650
f 1660/1620/1660 1661/1620/1661 1650/1620/1650
f 1650/1620/1650 1661/1620/1661 1651/1621/1651
f 1661/1620/1661 1662/1632/1662 1651/1621/1651
f 1651/1621/1651 1662/1632/1662 1652/1627/1652
f 1662/1632/1662 1663/1633/1663 1652/1627/1652
f 1652/1627/1652 1663/1633/1663 1653/1628/1653
f 1663/1633/1663 1664/1634/1664 1653/1628/1653
f 1653/1628/1653 1664/1634/1664 1654/1629/1654
f 1664/1634/1664 1665/1635/1665 1654/1629/1654
f 1654/1629/1654 1665/1635/1665 1655/1630/1655
f 1665/1635/1665 1666/1636/1666 1655/1630/1655
f 1655/1630/1655 1666/1636/1666 1656/1631/1656
f 1666/1636/1666 1667/1637/1667 1656/1631/1656
f 1657/1620/1657 1668/1602/1668 1658/1620/1658
f 1668/1602/1668 1669/1620/1669 1658/1620/1658
f 1658/1620/1658 1669/1620/1669 1659/1620/1659
f 1669/1620/1669 1670/1620/1670 1659/1620/1659
f 1659/1620/1659 1670/1620/1670 1660/1620/1660
f 1670/1620/1670 1671/1620/1671 1660/1620/1660
f 1660/1620/1660 1671/1620/1671 1661/1620/1661
f 1671/1620/1671 1672/1620/1672 1661/1620/1661
f 1661/1620/1661 1672/1620/1672 1662/1632/1662
f 1672/1620/1672 1673/1632/1673 1662/1632/1662
f 1662/1632/1662 1673/1632/1673 1663/1633/1663
f 1673/1632/1673 1674/1638/1674 1663/1633/1663
f 1663/1633/1663 1674/1638/1674 1664/1634/1664
f 1674/1638/1674 1675/1639/1675 1664/1634/1664
f 1664/1634/1664 1675/1639/1675 1665/1635/1665
f 1675/1639/1675 1676/1640/1676 1665/1635/1665
f 1665/1635/1665 1676/1640/1676 1666/1636/1666
f 1676/1640/1676 1677/1641/1677 1666/1636/1666
f 1666/1636/1666 1677/1641/1677 1667/1637/1667
f 1677/1641/1677 1678/1642/1678 1667/1637/1667
f 1668/1602/1668 1679/1602/1679 1669/1620/1669
f 1679/1602/1679 1680/1620/1680 1669/1620/1669
f 1669/1620/1669 1680/1620/1680 1670/1620/1670
f 1680/1620/1680 1681/1620/1681 1670/1620/1670
f 1670/1620/1670 1681/1620/1681 1671/1620/1671
f 1681/1620/1681 1682/1620/1682 1671/1620/1671
f 1671/1620/1671 1682/1620/1682 1672/1620/1672
f 1682/1620/1682 1683/1620/1683 1672/1620/1672
f 1672/1620/1672 1683/1620/1683 1673/1632/1673
f 1683/1620/1683 1684/1643/1684 1673/1632/1673
f 1673/1632/1673 1684/1643/1684 1674/1638/1674
f 1684/1643/1684 1685/1644/1685 1674/1638/1674
f 1674/1638/1674 1685/1644/1685 1675/1639/1675
f 1685/1644/1685 1686/1645/1686 1675/1639/1675
f 1675/1639/1675 1686/1645/1686 1676/1640/1676
f 1686/1645/1686 1687/1646/1687 1676/1640/1676
f 1676/1640/1676 1687/1646/1687 1677/1641/1677
f 1687/1646/1687 1688/1647/1688 1677/1641/1677
f 1677/1641/1677 1688/1647/1688 1678/1642/1678
f 1688/1647/1688 1689/1648/1689 1678/1642/1678
f 1679/1602/1679 1690/1602/1690 1680/1620/1680
f 1690/1602/1690 1691/1620/1691 1680/1620/1680
f 1680/1620/1680 1691/1620/1691 1681/1620/1681
f 1691/1620/1691 1692/1620/1692 1681/1620/1681
f 1681/1620/1681 1692/1620/1692 1682/1620/1682
f 1692/1620/1692 1693/1620/1693 1682/1620/1682
f 1682/1620/1682 1693/1620/1693 1683/1620/1683
f 1693/1620/1693 1694/1620/1694 1683/1620/1683
f 1683/1620/1683 1694/1620/1694 1684/1643/1684
f 1694/1620/1694 1695/1649/1695 1684/1643/1684
f 1684/1643/1684 1695/1649/1695 1685/1644/1685
f 1695/1649/1695 1696/1650/1696 1685/1644/1685
f 1685/1644/1685 1696/1650/1696 1686/1645/1686
f 1696/1650/1696 1697/1651/1697 1686/1645/1686
f 1686/1645/1686 1697/1651/1697 1687/1646/1687
f 1697/1651/1697 1698/1652/1698 1687/1646/1687
f 1687/1646/1687 1698/1652/1698 1688/1647/1688
f 1698/1652/1698 1699/1653/1699 1688/1647/1688
f 1688/1647/1688 1699/1653/1699 1689/1648/1689
f 1699/1653/1699 1700/1654/1700 1689/1648/1689
f 1690/1602/1690 1701/1602/1701 1691/1620/1691
f 1701/1602/1701 1702/1620/1702 1691/1620/1691
f 1691/1620/1691 1702/1620/1702 1692/1620/1692
f 1702/1620/1702 1703/1620/1703 1692/1620/1692
f 1692/1620/1692 1703/1620/1703 1693/1620/1693
f 1703/1620/1703 1704/1620/1704 1693/1620/1693
f 1693/1620/1693 1704/1620/1704 1694/1620/1694
f 1704/1620/1704 1705/1655/1705 1694/1620/1694
f 1694/1620/1694 1705/1655/1705 1695/1649/1695
f 1705/1655/1705 1706/1656/1706 1695/1649/1695
f 1695/1649/1695 1706/1656/1706 1696/1650/1696
f 1706/1656/1706 1707/1657/1707 1696/1650/1696
f 1696/1650/1696 1707/1657/1707 1697/1651/1697
f 1707/1657/1707 1708/1658/1708 1697/1651/1697
f 1697/1651/1697 1708/1658/1708 1698/1652/1698
f 1708/1658/1708 1709/1659/1709 1698/1652/1698
f 1698/1652/1698 1709/1659/1709 1699/1653/1699
f 1709/1659/1709 1710/1660/1710 1699/1653/1699
f 1699/1653/1699 1710/1660/1710 1700/1654/1700
f 1710/1660/1710 1711/1661/1711 1700/1654/1700
f 1701/1602/1701 1712/1602/1712 1702/1620/1702
f 1712/1602/1712 1713/1620/1713 1702/1620/1702
f 1702/1620/1702 1713/1620/1713 1703/1620/1703
f 1713/1620/1713 1714/1620/1714 1703/1620/1703
f 1703/1620/1703 1714/1620/1714 1704/1620/1704
f 1714/1620/1714 1715/1662/1715 1704/1620/1704
f 1704/1620/1704 1715/1662/1715 1705/1655/1705
f 1715/1662/1715 1716/1663/1716 1705/1655/1705
f 1705/1655/1705 1716/1663/1716 1706/1656/1706
f 1716/1663/1716 1717/1664/1717 1706/1656/1706
f 1706/1656/1706 1717/1664/1717 1707/1657/1707
f 1717/1664/1717 1718/1665/1718 1707/1657/1707
f 1707/1657/1707 1718/1665/1718 1708/1658/1708
f 1718/1665/1718 1719/1666/1719 1708/1658/1708
f 1708/1658/1708 1719/1666/1719 1709/1659/1709
f 1719/1666/1719 1720/1667/1720 1709/1659/1709
f 1709/1659/1709 1720/1667/1720 1710/1660/1710
f 1720/1667/1720 1721/1668/1721 1710/1660/1710
f 1710/1660/1710 1721/1668/1721 1711/1661/1711
f 1721/1668/1721 1722/1669/1722 1711/1661/1711
f 1712/1602/1712 1723/1602/1723 1724/1602/1724
f 1712/1602/1712 1724/1602/1724 1713/1620/1713
f 1713/1620/1713 1724/1602/1724 1725/1662/1725
f 1713/1620/1713 1725/1662/1725 1714/1620/1714
f 1714/1620/1714 1725/1662/1725 1726/1662/1726
f 1714/1620/1714 1726/1662/1726 1715/1662/1715
f 1715/1662/1715 1726/1662/1726 1727/1662/1727
f 1715/1662/1715 1727/1662/1727 1716/1663/1716
f 1716/1663/1716 1727/1662/1727 1728/1670/1728
f 1716/1663/1716 1728/1670/1728 1717/1664/1717
f 1717/1664/1717 1728/1670/1728 1729/1671/1729
f 1717/1664/1717 1729/1671/1729 1718/1665/1718
f 1718/1665/1718 1729/1671/1729 1730/1672/1730
f 1718/1665/1718 1730/1672/1730 1719/1666/1719
f 1719/1666/1719 1730/1672/1730 1731/1673/1731
f 1719/1666/1719 1731/1673/1731 1720/1667/1720
f 1720/1667/1720 1731/1673/1731 1732/1674/1732
f 1720/1667/1720 1732/1674/1732 1721/1668/1721
f 1721/1668/1721 1732/1674/1732 1733/1675/1733
f 1721/1668/1721 1733/1675/1733 1722/1669/1722
f 1723/1602/1723 1734/1602/1734 1735/1602/1735
f 1723/1602/1723 1735/1602/1735 1724/1602/1724
f 1724/1602/1724 1735/1602/1735 1736/1662/1736
f 1724/1602/1724 1736/1662/1736 1725/1662/1725
f 1725/1662/1725 1736/1662/1736 1737/1662/1737
f 1725/1662/1725 1737/1662/1737 1726/1662/1726
f 1726/1662/1726 1737/1662/1737 1738/1662/1738
f 1726/1662/1726 1738/1662/1738 1727/1662/1727
f 1727/1662/1727 1738/1662/1738 1739/1676/1739
f 1727/1662/1727 1739/1676/1739 1728/1670/1728
f 1728/1670/1728 1739/1676/1739 1740/1677/1740
f 1728/1670/1728 1740/1677/1740 1729/1671/1729
f 1729/1671/1729 1740/1677/1740 1741/1678/1741
f 1729/1671/1729 1741/1678/1741 1730/1672/1730
f 1730/1672/1730 1741/1678/1741 1742/1679/1742
f 1730/1672/1730 1742/1679/1742 1731/1673/1731
f 1731/1673/1731 1742/1679/1742 1743/1680/1743
f 1731/1673/1731 1743/1680/1743 1732/1674/1732
f 1732/1674/1732 1743/1680/1743 1744/1681/1744
f 1732/1674/1732 1744/1681/1744 1733/1675/1733
f 1734/1602/1734 1745/1602/1745 1746/1602/1746
f 1734/1602/1734 1746/1602/1746 1735/1602/1735
f 1735/1602/1735 1746/1602/1746 1747/1662/1747
f 1735/1602/1735 1747/1662/1747 1736/1662/1736
f 1736/1662/1736 1747/1662/1747 1748/1662/1748
f 1736/1662/1736 1748/1662/1748 1737/1662/1737
f 1737/1662/1737 1748/1662/1748 1749/1662/1749
f 1737/1662/1737 1749/1662/1749 1738/1662/1738
f 1738/1662/1738 1749/1662/1749 1750/1682/1750
f 1738/1662/1738 1750/1682/1750 1739/1676/1739
f 1739/1676/1739 1750/1682/1750 1751/1683/1751
f 1739/1676/1739 1751/1683/1751 1740/1677/1740
f 1740/1677/1740 1751/1683/1751 1752/1684/1752
f 1740/1677/1740 1752/1684/1752 1741/1678/1741
f 1741/1678/1741 1752/1684/1752 1753/1685/1753
f 1741/1678/1741 1753/1685/1753 1742/1679/1742
f 1742/1679/1742 1753/1685/1753 1754/1686/1754
f 1742/1679/1742 1754/1686/1754 1743/1680/1743
f 1743/1680/1743 1754/1686/1754 1755/1687/1755
f 1743/1680/1743 1755/1687/1755 1744/1681/1744
f 1745/1602/1745 1756/1602/1756 1757/1602/1757
f 1745/1602/1745 1757/1602/1757 1746/1602/1746
f 1746/1602/1746 1757/1602/1757 1758/1688/1758
f 1746/1602/1746 1758/1688/1758 1747/1662/1747
f 1747/1662/1747 1758/1688/1758 1759/1688/1759
f 1747/1662/1747 1759/1688/1759 1748/1662/1748
f 1748/1662/1748 1759/1688/1759 1760/1688/1760
f 1748/1662/1748 1760/1688/1760 1749/1662/1749
f 1749/1662/1749 1760/1688/1760 1761/1689/1761
f 1749/1662/1749 1761/1689/1761 1750/1682/1750
f 1750/1682/1750 1761/1689/1761 1762/1690/1762
f 1750/1682/1750 1762/1690/1762 1751/1683/1751
f 1751/1683/1751 1762/1690/1762 1763/1691/1763
f 1751/1683/1751 1763/1691/1763 1752/1684/1752
f 1752/1684/1752 1763/1691/1763 1764/1692/1764
f 1752/1684/1752 1764/1692/1764 1753/1685/1753
f 1753/1685/1753 1764/1692/1764 1765/1693/1765
f 1753/1685/1753 1765/1693/1765 1754/1686/1754
f 1754/1686/1754 1765/1693/1765 1766/1694/1766
f 1754/1686/1754 1766/1694/1766 1755/1687/1755
f 1756/1602/1756 1767/1602/1767 1768/1602/1768
f 1756/1602/1756 1768/1602/1768 1757/1602/1757
f 1757/1602/1757 1768/1602/1768 1769/1688/1769
f 1757/1602/1757 1769/1688/1769 1758/1688/1758
f 1758/1688/1758 1769/1688/1769 1770/1688/1770
f 1758/1688/1758 1770/1688/1770 1759/1688/1759
f 1759/1688/1759 1770/1688/1770 1771/1688/1771
f 1759/1688/1759 1771/1688/1771 1760/1688/1760
f 1760/1688/1760 1771/1688/1771 1772/1695/1772
f 1760/1688/1760 1772/1695/1772 1761/1689/1761
f 1761/1689/1761 1772/1695/1772 1773/1696/1773
f 1761/1689/1761 1773/1696/1773 1762/1690/1762
f 1762/1690/1762 1773/1696/1773 1774/1697/1774
f 1762/1690/1762 1774/1697/1774 1763/1691/1763
f 1763/1691/1763 1774/1697/1774 1775/1698/1775
f 1763/1691/1763 1775/1698/1775 1764/1692/1764
f 1764/1692/1764 1775/1698/1775 1776/1699/1776
f 1764/1692/1764 1776/1699/1776 1765/1693/1765
f 1765/1693/1765 1776/1699/1776 1777/1700/1777
f 1765/1693/1765 1777/1700/1777 1766/1694/1766
f 1767/1602/1767 1778/1602/1778 1779/1602/1779
f 1767/1602/1767 1779/1602/1779 1768/1602/1768
f 1768/1602/1768 1779/1602/1779 1780/1688/1780
f 1768/1602/1768 1780/1688/1780 1769/1688/1769
f 1769/1688/1769 1780/1688/1780 1781/1688/1781
f 1769/1688/1769 1781/1688/1781 1770/1688/1770
f 1770/1688/1770 1781/1688/1781 1782/1688/1782
f 1770/1688/1770 1782/1688/1782 1771/1688/1771
f 1771/1688/1771 1782/1688/1782 1783/1695/1783
f 1771/1688/1771 1783/1695/1783 1772/1695/1772
f 1772/1695/1772 1783/1695/1783 1784/1701/1784
f 1772/1695/1772 1784/1701/1784 1773/1696/1773
f 1773/1696/1773 1784/1701/1784 1785/1702/1785
f 1773/1696/1773 1785/1702/1785 1774/1697/1774
f 1774/1697/1774 1785/1702/1785 1786/1703/1786
f 1774/1697/1774 1786/1703/1786 1775/1698/1775
f 1775/1698/1775 1786/1703/1786 1787/1704/1787
f 1775/1698/1775 1787/1704/1787 1776/1699/1776
f 1776/1699/1776 1787/1704/1787 1788/1705/1788
f 1776/1699/1776 1788/1705/1788 1777/1700/1777
f 1778/1602/1778 1789/1602/1789 1790/1602/1790
f 1778/1602/1778 1790/1602/1790 1779/1602/1779
f 1779/1602/1779 1790/1602/1790 1791/1602/1791
f 1779/1602/1779 1791/1602/1791 1780/1688/1780
f 1780/1688/1780 1791/1602/1791 1792/1688/1792
f 1780/1688/1780 1792/1688/1792 1781/1688/1781
f 1781/1688/1781 1792/1688/1792 1793/1688/1793
f 1781/1688/1781 1793/1688/1793 1782/1688/1782
f 1782/1688/1782 1793/1688/1793 1794/1695/1794
f 1782/1688/1782 1794/1695/1794 1783/1695/1783
f 1783/1695/1783 1794/1695/1794 1795/1706/1795
f 1783/1695/1783 1795/1706/1795 1784/1701/1784
f 1784/1701/1784 1795/1706/1795 1796/1707/1796
f 1784/1701/1784 1796/1707/1796 1785/1702/1785
f 1785/1702/1785 1796/1707/1796 1797/1708/1797
f 1785/1702/1785 1797/1708/1797 1786/1703/1786
f 1786/1703/1786 1797/1708/1797 1798/1709/1798
f 1786/1703/1786 1798/1709/1798 1787/1704/1787
f 1787/1704/1787 1798/1709/1798 1799/1710/1799
f 1787/1704/1787 1799/1710/1799 1788/1705/1788
f 1789/1602/1789 1800/1602/1800 1801/1602/1801
f 1789/1602/1789 1801/1602/1801 1790/1602/1790
f 1790/1602/1790 1801/1602/1801 1802/1602/1802
f 1790/1602/1790 1802/1602/1802 1791/1602/1791
f 1791/1602/1791 1802/1602/1802 1803/1688/1803
f 1791/1602/1791 1803/1688/1803 1792/1688/1792
f 1792/1688/1792 1803/1688/1803 1804/1688/1804
f 1792/1688/1792 1804/1688/1804 1793/1688/1793
f 1793/1688/1793 1804/1688/1804 1805/1711/1805
f 1793/1688/1793 1805/1711/1805 1794/1695/1794
f 1794/1695/1794 1805/1711/1805 1806/1712/1806
f 1794/1695/1794 1806/1712/1806 1795/1706/1795
f 1795/1706/1795 1806/1712/1806 1807/1713/1807
f 1795/1706/1795 1807/1713/1807 1796/1707/1796
f 1796/1707/1796 1807/1713/1807 1808/1714/1808
f 1796/1707/1796 1808/1714/1808 1797/1708/1797
f 1797/1708/1797 1808/1714/1808 1809/1715/1809
f 1797/1708/1797 1809/1715/1809 1798/1709/1798
f 1798/1709/1798 1809/1715/1809 1810/1716/1810
f 1798/1709/1798 1810/1716/1810 1799/1710/1799
f 1800/1602/1800 1811/1602/1811 1801/1602/1801
f 1811/1602/1811 1812/1602/1812 1801/1602/1801
f 1801/1602/1801 1812/1602/1812 1813/1602/1813
f 1801/1602/1801 1813/1602/1813 1802/1602/1802
f 1802/1602/1802 1813/1602/1813 1814/1602/1814
f 1802/1602/1802 1814/1602/1814 1803/1688/1803
f 1803/1688/1803 1814/1602/1814 1815/1688/1815
f 1803/1688/1803 1815/1688/1815 1804/1688/1804
f 1804/1688/1804 1815/1688/1815 1816/1711/1816
f 1804/1688/1804 1816/1711/1816 1805/1711/1805
f 1805/1711/1805 1816/1711/1816 1817/1717/1817
f 1805/1711/1805 1817/1717/1817 1806/1712/1806
f 1806/1712/1806 1817/1717/1817 1818/1718/1818
f 1806/1712/1806 1818/1718/1818 1807/1713/1807
f 1807/1713/1807 1818/1718/1818 1819/1719/1819
f 1807/1713/1807 1819/1719/1819 1808/1714/1808
f 1808/1714/1808 1819/1719/1819 1820/1720/1820
f 1808/1714/1808 1820/1720/1820 1809/1715/1809
f 1809/1715/1809 1820/1720/1820 1821/1721/1821
f 1809/1715/1809 1821/1721/1821 1810/1716/1810
f 1811/1602/1811 1602/1602/1602 1604/1602/1604
f 1811/1602/1811 1604/1602/1604 1812/1602/1812
f 1812/1602/1812 1604/1602/1604 1606/1602/1606
f 1812/1602/1812 1606/1602/1606 1813/1602/1813
f 1813/1602/1813 1606/1602/1606 1608/1602/1608
f 1813/1602/1813 1608/1602/1608 1814/1602/1814
f 1814/1602/1814 1608/1602/1608 1610/1602/1610
f 1814/1602/1814 1610/1602/1610 1815/1688/1815
f 1815/1688/1815 1610/1602/1610 1612/1603/1612
f 1815/1688/1815 1612/1603/1612 1816/1711/1816
f 1816/1711/1816 1612/1603/1612 1614/1605/1614
f 1816/1711/1816 1614/1605/1614 1817/1717/1817
f 1817/1717/1817 1614/1605/1614 1616/1607/1616
f 1817/1717/1817 1616/1607/1616 1818/1718/1818
f 1818/1718/1818 1616/1607/1616 1618/1609/1618
f 1818/1718/1818 1618/1609/1618 1819/1719/1819
f 1819/1719/1819 1618/1609/1618 1620/1611/1620
f 1819/1719/1819 1620/1611/1620 1820/1720/1820
f 1820/1720/1820 1620/1611/1620 1622/1613/1622
f 1820/1720/1820 1622/1613/1622 1821/1721/1821
f 1622/1613/1622 1623/1614/1623 1822/1722/1822
f 1622/1613/1622 1822/1722/1822 1823/1723/1823
f 1823/1723/1823 1822/1722/1822 1824/1724/1824
f 1822/1722/1822 1825/1725/1825 1824/1724/1824
f 1824/1724/1824 1825/1725/1825 1826/1726/1826
f 1825/1725/1825 1827/1727/1827 1826/1726/1826
f 1826/1726/1826 1827/1727/1827 1828/1728/1828
f 1827/1727/1827 1829/1729/1829 1828/1728/1828
f 1828/1728/1828 1829/1729/1829 1830/1730/1830
f 1829/1729/1829 1831/1731/1831 1830/1730/1830
f 1830/1730/1830 1831/1731/1831 1832/1732/1832
f 1831/1731/1831 1833/1733/1833 1832/1732/1832
f 1832/1732/1832 1833/1733/1833 1834/1734/1834
f 1833/1733/1833 1835/1735/1835 1834/1734/1834
f 1834/1734/1834 1835/1735/1835 1836/1736/1836
f 1835/1735/1835 1837/1737/1837 1836/1736/1836
f 1836/1736/1836 1837/1737/1837 1838/1738/1838
f 1837/1737/1837 1839/1739/1839 1838/1738/1838
f 1838/1738/1838 1839/1739/1839 650/1740/1840
f 1839/1739/1839 1840/1741/1841 650/1740/1840
f 1623/1614/1623 1634/1619/1634 1841/1742/1842
f 1623/1614/1623 1841/1742/1842 1822/1722/1822
f 1822/1722/1822 1841/1742/1842 1825/1725/1825
f 1841/1742/1842 1842/1743/1843 1825/1725/1825
f 1825/1725/1825 1842/1743/1843 1827/1727/1827
f 1842/1743/1843 1843/1744/1844 1827/1727/1827
f 1827/1727/1827 1843/1744/1844 1829/1729/1829
f 1843/1744/1844 1844/1745/1845 1829/1729/1829
f 1829/1729/1829 1844/1745/1845 1831/1731/1831
f 1844/1745/1845 1845/1746/1846 1831/1731/1831
f 1831/1731/1831 1845/1746/1846 1833/1733/1833
f 1845/1746/1846 1846/1747/1847 1833/1733/1833
f 1833/1733/1833 1846/1747/1847 1835/1735/1835
f 1846/1747/1847 1847/1748/1848 1835/1735/1835
f 1835/1735/1835 1847/1748/1848 1837/1737/1837
f 1847/1748/1848 1848/1749/1849 1837/1737/1837
f 1837/1737/1837 1848/1749/1849 1839/1739/1839
f 1848/1749/1849 1849/1750/1850 1839/1739/1839
f 1839/1739/1839 1849/1750/1850 1840/1741/1841
f 1849/1750/1850 1850/1751/1851 1840/1741/1841
f 1634/1619/1634 1645/1626/1645 1851/1752/1852
f 1634/1619/1634 1851/1752/1852 1841/1742/1842
f 1841/1742/1842 1851/1752/1852 1842/1743/1843
f 1851/1752/1852 1852/1753/1853 1842/1743/1843
f 1842/1743/1843 1852/1753/1853 1843/1744/1844
f 1852/1753/1853 1853/1754/1854 1843/1744/1844
f 1843/1744/1844 1853/1754/1854 1844/1745/1845
f 1853/1754/1854 1854/1755/1855 1844/1745/1845
f 1844/1745/1845 1854/1755/1855 1845/1746/1846
f 1854/1755/1855 1855/1756/1856 1845/1746/1846
f 1845/1746/1846 1855/1756/1856 1846/1747/1847
f 1855/1756/1856 1856/1757/1857 1846/1747/1847
f 1846/1747/1847 1856/1757/1857 1847/1748/1848
f 1856/1757/1857 1857/1758/1858 1847/1748/1848
f 1847/1748/1848 1857/1758/1858 1848/1749/1849
f 1857/1758/1858 1858/1759/1859 1848/1749/1849
f 1848/1749/1849 1858/1759/1859 1849/1750/1850
f 1858/1759/1859 1859/1760/1860 1849/1750/1850
f 1849/1750/1850 1859/1760/1860 1850/1751/1851
f 1859/1760/1860 1860/1761/1861 1850/1751/1851
f 1645/1626/1645 1656/1631/1656 1861/1762/1862
f 1645/1626/1645 1861/1762/1862 1851/1752/1852
f 1851/1752/1852 1861/1762/1862 1852/1753/1853
f 1861/1762/1862 1862/1763/1863 1852/1753/1853
f 1852/1753/1853 1862/1763/1863 1853/1754/1854
f 1862/1763/1863 1863/1764/1864 1853/1754/1854
f 1853/1754/1854 1863/1764/1864 1854/1755/1855
f 1863/1764/1864 1864/1765/1865 1854/1755/1855
f 1854/1755/1855 1864/1765/1865 1855/1756/1856
f 1864/1765/1865 1865/1766/1866 1855/1756/1856
f 1855/1756/1856 1865/1766/1866 1856/1757/1857
f 1865/1766/1866 1866/1767/1867 1856/1757/1857
f 1856/1757/1857 1866/1767/1867 1857/1758/1858
f 1866/1767/1867 1867/1768/1868 1857/1758/1858
f 1857/1758/1858 1867/1768/1868 1858/1759/1859
f 1867/1768/1868 1868/1769/1869 1858/1759/1859
f 1858/1759/1859 1868/1769/1869 1859/1760/1860
f 1868/1769/1869 1869/1770/1870 1859/1760/1860
f 1859/1760/1860 1869/1770/1870 1860/1761/1861
f 1869/1770/1870 1870/1771/1871 1860/1761/1861
f 1656/1631/1656 1667/1637/1667 1871/1772/1872
f 1656/1631/1656 1871/1772/1872 1861/1762/1862
f 1861/1762/1862 1871/1772/1872 1862/1763/1863
f 1871/1772/1872 1872/1773/1873 1862/1763/1863
f 1862/1763/1863 1872/1773/1873 1863/1764/1864
f 1872/1773/1873 1873/1774/1874 1863/1764/1864
f 1863/1764/1864 1873/1774/1874 1864/1765/1865
f 1873/1774/1874 1874/1775/1875 1864/1765/1865
f 1864/1765/1865 1874/1775/1875 1865/1766/1866
f 1874/1775/1875 1875/1776/1876 1865/1766/1866
f 1865/1766/1866 1875/1776/1876 1866/1767/1867
f 1875/1776/1876 1876/1777/1877 1866/1767/1867
f 1866/1767/1867 1876/1777/1877 1867/1768/1868
f 1876/1777/1877 1877/1778/1878 1867/1768/1868
f 1867/1768/1868 1877/1778/1878 1868/1769/1869
f 1877/1778/1878 1878/1779/1879 1868/1769/1869
f 1868/1769/1869 1878/1779/1879 1869/1770/1870
f 1878/1779/1879 1879/1780/1880 1869/1770/1870
f 1869/1770/1870 1879/1780/1880 1870/1771/1871
f 1879/1780/1880 1880/1781/1881 1870/1771/1871
f 1667/1637/1667 1678/1642/1678 1881/1782/1882
f 1667/1637/1667 1881/1782/1882 1871/1772/1872
f 1871/1772/1872 1881/1782/1882 1872/1773/1873
f 1881/1782/1882 1882/1783/1883 1872/1773/1873
f 1872/1773/1873 1882/1783/1883 1873/1774/1874
f 1882/1783/1883 1883/1784/1884 1873/1774/1874
f 1873/1774/1874 1883/1784/1884 1874/1775/1875
f 1883/1784/1884 1884/1785/1885 1874/1775/1875
f 1874/1775/1875 1884/1785/1885 1875/1776/1876
f 1884/1785/1885 1885/1786/1886 1875/1776/1876
f 1875/1776/1876 1885/1786/1886 1876/1777/1877
f 1885/1786/1886 1886/1787/1887 1876/1777/1877
f 1876/1777/1877 1886/1787/1887 1877/1778/1878
f 1886/1787/1887 1887/1788/1888 1877/1778/1878
f 1877/1778/1878 1887/1788/1888 1878/1779/1879
f 1887/1788/1888 1888/1789/1889 1878/1779/1879
f 1878/1779/1879 1888/1789/1889 1879/1780/1880
f 1888/1789/1889 1889/1790/1890 1879/1780/1880
f 1879/1780/1880 1889/1790/1890 1880/1781/1881
f 1889/1790/1890 1890/1791/1891 1880/1781/1881
f 1678/1642/1678 1689/1648/1689 1891/1792/1892
f 1678/1642/1678 1891/1792/1892 1881/1782/1882
f 1881/1782/1882 1891/1792/1892 1882/1783/1883
f 1891/1792/1892 1892/1793/1893 1882/1783/1883
f 1882/1783/1883 1892/1793/1893 1883/1784/1884
f 1892/1793/1893 1893/1794/1894 1883/1784/1884
f 1883/1784/1884 1893/1794/1894 1884/1785/1885
f 1893/1794/1894 1894/1795/1895 1884/1785/1885
f 1884/1785/1885 1894/1795/1895 1885/1786/1886
f 1894/1795/1895 1895/1796/1896 1885/1786/1886
f 1885/1786/1886 1895/1796/1896 1886/1787/1887
f 1895/1796/1896 1896/1797/1897 1886/1787/1887
f 1886/1787/1887 1896/1797/1897 1887/1788/1888
f 1896/1797/1897 1897/1798/1898 1887/1788/1888
f 1887/1788/1888 1897/1798/1898 1888/1789/1889
f 1897/1798/1898 1898/1799/1899 1888/1789/1889
f 1888/1789/1889 1898/1799/1899 1889/1790/1890
f 1898/1799/1899 1899/1800/1900 1889/1790/1890
f 1889/1790/1890 1899/1800/1900 1890/1791/1891
f 1899/1800/1900 1900/1801/1901 1890/1791/1891
f 1689/1648/1689 1700/1654/1700 1901/1802/1902
f 1689/1648/1689 1901/1802/1902 1891/1792/1892
f 1891/1792/1892 1901/1802/1902 1892/1793/1893
f 1901/1802/1902 1902/1803/1903 1892/1793/1893
f 1892/1793/1893 1902/1803/1903 1893/1794/1894
f 1902/1803/1903 1903/1804/1904 1893/1794/1894
f 1893/1794/1894 1903/1804/1904 1894/1795/1895
f 1903/1804/1904 1904/1805/1905 1894/1795/1895
f 1894/1795/1895 1904/1805/1905 1895/1796/1896
f 1904/1805/1905 1905/1806/1906 1895/1796/1896
f 1895/1796/1896 1905/1806/1906 1896/1797/1897
f 1905/1806/1906 1906/1807/1907 1896/1797/1897
f 1896/1797/1897 1906/1807/1907 1897/1798/1898
f 1906/1807/1907 1907/1808/1908 1897/1798/1898
f 1897/1798/1898 1907/1808/1908 1898/1799/1899
f 1907/1808/1908 1908/1809/1909 1898/1799/1899
f 1898/1799/1899 1908/1809/1909 1899/1800/1900
f 1908/1809/1909 1909/1810/1910 1899/1800/1900
f 1899/1800/1900 1909/1810/1910 1900/1801/1901
f 1909/1810/1910 1910/1811/1911 1900/1801/1901
f 1700/1654/1700 1711/1661/1711 1911/1812/1912
f 1700/1654/1700 1911/1812/1912 1901/1802/1902
f 1901/1802/1902 1911/1812/1912 1902/1803/1903
f 1911/1812/1912 1912/1813/1913 1902/1803/1903
f 1902/1803/1903 1912/1813/1913 1903/1804/1904
f 1912/1813/1913 1913/1814/1914 1903/1804/1904
f 1903/1804/1904 1913/1814/1914 1904/1805/1905
f 1913/1814/1914 1914/1815/1915 1904/1805/1905
f 1904/1805/1905 1914/1815/1915 1905/1806/1906
f 1914/1815/1915 1915/1816/1916 1905/1806/1906
f 1905/1806/1906 1915/1816/1916 1906/1807/1907
f 1915/1816/1916 1916/1817/1917 1906/1807/1907
f 1906/1807/1907 1916/1817/1917 1907/1808/1908
f 1916/1817/1917 1917/1818/1918 1907/1808/1908
f 1907/1808/1908 1917/1818/1918 1908/1809/1909
f 1917/1818/1918 1918/1819/1919 1908/1809/1909
f 1908/1809/1909 1918/1819/1919 1909/1810/1910
f 1918/1819/1919 1919/1820/1920 1909/1810/1910
f 1909/1810/1910 1919/1820/1920 1910/1811/1911
f 1919/1820/1920 1920/1821/1921 1910/1811/1911
f 1711/1661/1711 1722/1669/1722 1911/1812/1912
f 1722/1669/1722 1921/1822/1922 1911/1812/1912
f 1911/1812/1912 1921/1822/1922 1912/1813/1913
f 1921/1822/1922 1922/1823/1923 1912/1813/1913
f 1912/1813/1913 1922/1823/1923 1913/1814/1914
f 1922/1823/1923 1923/1824/1924 1913/1814/1914
f 1913/1814/1914 1923/1824/1924 1914/1815/1915
f 1923/1824/1924 1924/1825/1925 1914/1815/1915
f 1914/1815/1915 1924/1825/1925 1915/1816/1916
f 1924/1825/1925 1925/1826/1926 1915/1816/1916
f 1915/1816/1916 1925/1826/1926 1916/1817/1917
f 1925/1826/1926 1926/1827/1927 1916/1817/1917
f 1916/1817/1917 1926/1827/1927 1917/1818/1918
f 1926/1827/1927 1927/1828/1928 1917/1818/1918
f 1917/1818/1918 1927/1828/1928 1918/1819/1919
f 1927/1828/1928 1928/1829/1929 1918/1819/1919
f 1918/1819/1919 1928/1829/1929 1919/1820/1920
f 1928/1829/1929 1929/1830/1930 1919/1820/1920
f 1919/1820/1920 1929/1830/1930 1920/1821/1921
f 1929/1830/1930 1930/1831/1931 1920/1821/1921
f 1722/1669/1722 1733/1675/1733 1931/1832/1932
f 1722/1669/1722 1931/1832/1932 1921/1822/1922
f 1921/1822/1922 1931/1832/1932 1932/1833/1933
f 1921/1822/1922 1932/1833/1933 1922/1823/1923
f 1922/1823/1923 1932/1833/1933 1933/1834/1934
f 1922/1823/1923 1933/1834/1934 1923/1824/1924
f 1923/1824/1924 1933/1834/1934 1934/1835/1935
f 1923/1824/1924 1934/1835/1935 1924/1825/1925
f 1924/1825/1925 1934/1835/1935 1935/1836/1936
f 1924/1825/1925 1935/1836/1936 1925/1826/1926
f 1925/1826/1926 1935/1836/1936 1936/1837/1937
f 1925/1826/1926 1936/1837/1937 1926/1827/1927
f 1926/1827/1927 1936/1837/1937 1937/1838/1938
f 1926/1827/1927 1937/1838/1938 1927/1828/1928
f 1927/1828/1928 1937/1838/1938 1938/1839/1939
f 1927/1828/1928 1938/1839/1939 1928/1829/1929
f 1928/1829/1929 1938/1839/1939 1939/1840/1940
f 1928/1829/1929 1939/1840/1940 1929/1830/1930
f 1929/1830/1930 1939/1840/1940 1940/1841/1941
f 1929/1830/1930 1940/1841/1941 1930/1831/1931
f 1733/1675/1733 1744/1681/1744 1931/1832/1932
f 1744/1681/1744 1941/1842/1942 1931/1832/1932
f 1931/1832/1932 1941/1842/1942 1942/1843/1943
f 1931/1832/1932 1942/1843/1943 1932/1833/1933
f 1932/1833/1933 1942/1843/1943 1943/1844/1944
f 1932/1833/1933 1943/1844/1944 1933/1834/1934
f 1933/1834/1934 1943/1844/1944 1944/1845/1945
f 1933/1834/1934 1944/1845/1945 1934/1835/1935
f 1934/1835/1935 1944/1845/1945 1945/1846/1946
f 1934/1835/1935 1945/1846/1946 1935/1836/1936
f 1935/1836/1936 1945/1846/1946 1946/1847/1947
f 1935/1836/1936 1946/1847/1947 1936/1837/1937
f 1936/1837/1937 1946/1847/1947 1947/1848/1948
f 1936/1837/1937 1947/1848/1948 1937/1838/1938
f 1937/1838/1938 1947/1848/1948 1948/1849/1949
f 1937/1838/1938 1948/1849/1949 1938/1839/1939
f 1938/1839/1939 1948/1849/1949 1949/1850/1950
f 1938/1839/1939 1949/1850/1950 1939/1840/1940
f 1939/1840/1940 1949/1850/1950 1950/1851/1951
f 1939/1840/1940 1950/1851/1951 1940/1841/1941
f 1744/1681/1744 1755/1687/1755 1941/1842/1942
f 1755/1687/1755 1951/1852/1952 1941/1842/1942
f 1941/1842/1942 1951/1852/1952 1952/1853/1953
f 1941/1842/1942 1952/1853/1953 1942/1843/1943
f 1942/1843/1943 1952/1853/1953 1953/1854/1954
f 1942/1843/1943 1953/1854/1954 1943/1844/1944
f 1943/1844/1944 1953/1854/1954 1954/1855/1955
f 1943/1844/1944 1954/1855/1955 1944/1845/1945
f 1944/1845/1945 1954/1855/1955 1955/1856/1956
f 1944/1845/1945 1955/1856/1956 1945/1846/1946
f 1945/1846/1946 1955/1856/1956 1956/1857/1957
f 1945/1846/1946 1956/1857/1957 1946/1847/1947
f 1946/1847/1947 1956/1857/1957 1957/1858/1958
f 1946/1847/1947 1957/1858/1958 1947/1848/1948
f 1947/1848/1948 1957/1858/1958 1958/1859/1959
f 1947/1848/1948 1958/1859/1959 1948/1849/1949
f 1948/1849/1949 1958/1859/1959 1959/1860/1960
f 1948/1849/1949 1959/1860/1960 1949/1850/1950
f 1949/1850/1950 1959/1860/1960 1960/1861/1961
f 1949/1850/1950 1960/1861/1961 1950/1851/1951
f 1755/1687/1755 1766/1694/1766 1951/1852/1952
f 1766/1694/1766 1961/1862/1962 1951/1852/1952
f 1951/1852/1952 1961/1862/1962 1962/1863/1963
f 1951/1852/1952 1962/1863/1963 1952/1853/1953
f 1952/1853/1953 1962/1863/1963 1963/1864/1964
f 1952/1853/1953 1963/1864/1964 1953/1854/1954
f 1953/1854/1954 1963/1864/1964 1964/1865/1965
f 1953/1854/1954 1964/1865/1965 1954/1855/1955
f 1954/1855/1955 1964/1865/1965 1965/1866/1966
f 1954/1855/1955 1965/1866/1966 1955/1856/1956
f 1955/1856/1956 1965/1866/1966 1966/1867/1967
f 1955/1856/1956 1966/1867/1967 1956/1857/1957
f 1956/1857/1957 1966/1867/1967 1967/1868/1968
f 1956/1857/1957 1967/1868/1968 1957/1858/1958
f 1957/1858/1958 1967/1868/1968 1968/1869/1969
f 1957/1858/1958 1968/1869/1969 1958/1859/1959
f 1958/1859/1959 1968/1869/1969 1969/1870/1970
f 1958/1859/1959 1969/1870/1970 1959/1860/1960
f 1959/1860/1960 1969/1870/1970 1970/1871/1971
f 1959/1860/1960 1970/1871/1971 1960/1861/1961
f 1766/1694/1766 1777/1700/1777 1961/1862/1962
f 1777/1700/1777 1971/1872/1972 1961/1862/1962
f 1961/1862/1962 1971/1872/1972 1972/1873/1973
f 1961/1862/1962 1972/1873/1973 1962/1863/1963
f 1962/1863/1963 1972/1873/1973 1973/1874/1974
f 1962/1863/1963 1973/1874/1974 1963/1864/1964
f 1963/1864/1964 1973/1874/1974 1974/1875/1975
f 1963/1864/1964 1974/1875/1975 1964/1865/1965
f 1964/1865/1965 1974/1875/1975 1975/1876/1976
f 1964/1865/1965 1975/1876/1976 1965/1866/1966
f 1965/1866/1966 1975/1876/1976 1976/1877/1977
f 1965/1866/1966 1976/1877/1977 1966/1867/1967
f 1966/1867/1967 1976/1877/1977 1977/1878/1978
f 1966/1867/1967 1977/1878/1978 1967/1868/1968
f 1967/1868/1968 1977/1878/1978 1978/1879/1979
f 1967/1868/1968 1978/1879/1979 1968/1869/1969
f 1968/1869/1969 1978/1879/1979 1979/1880/1980
f 1968/1869/1969 1979/1880/1980 1969/1870/1970
f 1969/1870/1970 1979/1880/1980 1980/1881/1981
f 1969/1870/1970 1980/1881/1981 1970/1871/1971
f 1777/1700/1777 1788/1705/1788 1971/1872/1972
f 1788/1705/1788 1981/1882/1982 1971/1872/1972
f 1971/1872/1972 1981/1882/1982 1982/1883/1983
f 1971/1872/1972 1982/1883/1983 1972/1873/1973
f 1972/1873/1973 1982/1883/1983 1983/1884/1984
f 1972/1873/1973 1983/1884/1984 1973/1874/1974
f 1973/1874/1974 1983/1884/1984 1984/1885/1985
f 1973/1874/1974 1984/1885/1985 1974/1875/1975
f 1974/1875/1975 1984/1885/1985 1985/1886/1986
f 1974/1875/1975 1985/1886/1986 1975/1876/1976
f 1975/1876/1976 1985/1886/1986 1986/1887/1987
f 1975/1876/1976 1986/1887/1987 1976/1877/1977
f 1976/1877/1977 1986/1887/1987 1987/1888/1988
f 1976/1877/1977 1987/1888/1988 1977/1878/1978
f 1977/1878/1978 1987/1888/1988 1988/1889/1989
f 1977/1878/1978 1988/1889/1989 1978/1879/1979
f 1978/1879/1979 1988/1889/1989 1989/1890/1990
f 1978/1879/1979 1989/1890/1990 1979/1880/1980
f 1979/1880/1980 1989/1890/1990 1990/1891/1991
f 1979/1880/1980 1990/1891/1991 1980/1881/1981
f 1788/1705/1788 1799/1710/1799 1981/1882/1982
f 1799/1710/1799 1991/1892/1992 1981/1882/1982
f 1981/1882/1982 1991/1892/1992 1992/1893/1993
f 1981/1882/1982 1992/1893/1993 1982/1883/1983
f 1982/1883/1983 1992/1893/1993 1993/1894/1994
f 1982/1883/1983 1993/1894/1994 1983/1884/1984
f 1983/1884/1984 1993/1894/1994 1994/1895/1995
f 1983/1884/1984 1994/1895/1995 1984/1885/1985
f 1984/1885/1985 1994/1895/1995 1995/1896/1996
f 1984/1885/1985 1995/1896/1996 1985/1886/1986
f 1985/1886/1986 1995/1896/1996 1996/1897/1997
f 1985/1886/1986 1996/1897/1997 1986/1887/1987
f 1986/1887/1987 1996/1897/1997 1997/1898/1998
f 1986/1887/1987 1997/1898/1998 1987/1888/1988
f 1987/1888/1988 1997/1898/1998 1998/1899/1999
f 1987/1888/1988 1998/1899/1999 1988/1889/1989
f 1988/1889/1989 1998/1899/1999 1999/1900/2000
f 1988/1889/1989 1999/1900/2000 1989/1890/1990
f 1989/1890/1990 1999/1900/2000 2000/1901/2001
f 1989/1890/1990 2000/1901/2001 1990/1891/1991
f 1799/1710/1799 1810/1716/1810 1991/1892/1992
f 1810/1716/1810 2001/1902/2002 1991/1892/1992
f 1991/1892/1992 2001/1902/2002 2002/1903/2003
f 1991/1892/1992 2002/1903/2003 1992/1893/1993
f 1992/1893/1993 2002/1903/2003 2003/1904/2004
f 1992/1893/1993 2003/1904/2004 1993/1894/1994
f 1993/1894/1994 2003/1904/2004 2004/1905/2005
f 1993/1894/1994 2004/1905/2005 1994/1895/1995
f 1994/1895/1995 2004/1905/2005 2005/1906/2006
f 1994/1895/1995 2005/1906/2006 1995/1896/1996
f 1995/1896/1996 2005/1906/2006 2006/1907/2007
f 1995/1896/1996 2006/1907/2007 1996/1897/1997
f 1996/1897/1997 2006/1907/2007 2007/1908/2008
f 1996/1897/1997 2007/1908/2008 1997/1898/1998
f 1997/1898/1998 2007/1908/2008 2008/1909/2009
f 1997/1898/1998 2008/1909/2009 1998/1899/1999
f 1998/1899/1999 2008/1909/2009 2009/1910/2010
f 1998/1899/1999 2009/1910/2010 1999/1900/2000
f 1999/1900/2000 2009/1910/2010 2010/1911/2011
f 1999/1900/2000 2010/1911/2011 2000/1901/2001
f 1810/1716/1810 1821/1721/1821 2001/1902/2002
f 1821/1721/1821 2011/1912/2012 2001/1902/2002
f 2001/1902/2002 2011/1912/2012 2012/1913/2013
f 2001/1902/2002 2012/1913/2013 2002/1903/2003
f 2002/1903/2003 2012/1913/2013 2013/1914/2014
f 2002/1903/2003 2013/1914/2014 2003/1904/2004
f 2003/1904/2004 2013/1914/2014 2014/1915/2015
f 2003/1904/2004 2014/1915/2015 2004/1905/2005
f 2004/1905/2005 2014/1915/2015 2015/1916/2016
f 2004/1905/2005 2015/1916/2016 2005/1906/2006
f 2005/1906/2006 2015/1916/2016 2016/1917/2017
f 2005/1906/2006 2016/1917/2017 2006/1907/2007
f 2006/1907/2007 2016/1917/2017 2017/1918/2018
f 2006/1907/2007 2017/1918/2018 2007/1908/2008
f 2007/1908/2008 2017/1918/2018 2018/1919/2019
f 2007/1908/2008 2018/1919/2019 2008/1909/2009
f 2008/1909/2009 2018/1919/2019 2019/1920/2020
f 2008/1909/2009 2019/1920/2020 2009/1910/2010
f 2009/1910/2010 2019/1920/2020 2020/1921/2021
f 2009/1910/2010 2020/1921/2021 2010/1911/2011
f 1821/1721/1821 1622/1613/1622 2011/1912/2012
f 1622/1613/1622 1823/1723/1823 2011/1912/2012
f 2011/1912/2012 1823/1723/1823 1824/1724/1824
f 2011/1912/2012 1824/1724/1824 2012/1913/2013
f 2012/1913/2013 1824/1724/1824 1826/1726/1826
f 2012/1913/2013 1826/1726/1826 2013/1914/2014
f 2013/1914/2014 1826/1726/1826 1828/1728/1828
f 2013/1914/2014 1828/1728/1828 2014/1915/2015
f 2014/1915/2015 1828/1728/1828 1830/1730/1830
f 2014/1915/2015 1830/1730/1830 2015/1916/2016
f 2015/1916/2016 1830/1730/1830 1832/1732/1832
f 2015/1916/2016 1832/1732/1832 2016/1917/2017
f 2016/1917/2017 1832/1732/1832 1834/1734/1834
f 2016/1917/2017 1834/1734/1834 2017/1918/2018
f 2017/1918/2018 1834/1734/1834 1836/1736/1836
f 2017/1918/2018 1836/1736/1836 2018/1919/2019
f 2018/1919/2019 1836/1736/1836 1838/1738/1838
f 2018/1919/2019 1838/1738/1838 2019/1920/2020
f 2019/1920/2020 1838/1738/1838 650/1740/1840
f 2019/1920/2020 650/1740/1840 2020/1921/2021
f 2021/1922/2022 2022/1923/2023 2023/1924/2024
f 2022/1923/2023 2024/1925/2025 2023/1924/2024
f 2023/1924/2024 2024/1925/2025 2025/1926/2026
f 2024/1925/2025 2026/1927/2027 2025/1926/2026
f 2025/1926/2026 2026/1927/2027 2027/1928/2028
f 2026/1927/2027 2028/1929/2029 2027/1928/2028
f 2027/1928/2028 2028/1929/2029 2029/1930/2030
f 2028/1929/2029 2030/1931/2031 2029/1930/2030
f 2029/1930/2030 2030/1931/2031 2031/1932/2032
f 2030/1931/2031 2032/1933/2033 2031/1932/2032
f 2031/1932/2032 2032/1933/2033 2033/1934/2034
f 2032/1933/2033 2034/1935/2035 2033/1934/2034
f 2033/1934/2034 2034/1935/2035 2035/1936/2036
f 2034/1935/2035 2036/1937/2037 2035/1936/2036
f 2035/1936/2036 2036/1937/2037 2037/1938/2038
f 2036/1937/2037 2038/1939/2039 2037/1938/2038
f 2037/1938/2038 2038/1939/2039 2039/1940/2040
f 2038/1939/2039 2040/1941/2041 2039/1940/2040
f 2039/1940/2040 2040/1941/2041 2041/1942/2042
f 2040/1941/2041 2042/1943/2043 2041/1942/2042
f 2022/1923/2023 2043/1944/2044 2024/1925/2025
f 2043/1944/2044 2044/1945/2045 2024/1925/2025
f 2024/1925/2025 2044/1945/2045 2026/1927/2027
f 2044/1945/2045 2045/1946/2046 2026/1927/2027
f 2026/1927/2027 2045/1946/2046 2028/1929/2029
f 2045/1946/2046 2046/1947/2047 2028/1929/2029
f 2028/1929/2029 2046/1947/2047 2030/1931/2031
f 2046/1947/2047 2047/1948/2048 2030/1931/2031
f 2030/1931/2031 2047/1948/2048 2032/1933/2033
f 2047/1948/2048 2048/1949/2049 2032/1933/2033
f 2032/1933/2033 2048/1949/2049 2034/1935/2035
f 2048/1949/2049 2049/1950/2050 2034/1935/2035
f 2034/1935/2035 2049/1950/2050 2036/1937/2037
f 2049/1950/2050 2050/1951/2051 2036/1937/2037
f 2036/1937/2037 2050/1951/2051 2038/1939/2039
f 2050/1951/2051 2051/1952/2052 2038/1939/2039
f 2038/1939/2039 2051/1952/2052 2040/1941/2041
f 2051/1952/2052 2052/1953/2053 2040/1941/2041
f 2040/1941/2041 2052/1953/2053 2053/1954/2054
f 2040/1941/2041 2053/1954/2054 2042/1943/2043
f 2043/1944/2044 2054/1955/2055 2044/1945/2045
f 2054/1955/2055 2055/1956/2056 2044/1945/2045
f 2044/1945/2045 2055/1956/2056 2045/1946/2046
f 2055/1956/2056 2056/1957/2057 2045/1946/2046
f 2045/1946/2046 2056/1957/2057 2046/1947/2047
f 2056/1957/2057 2057/1958/2058 2046/1947/2047
f 2046/1947/2047 2057/1958/2058 2047/1948/2048
f 2057/1958/2058 2058/1959/2059 2047/1948/2048
f 2047/1948/2048 2058/1959/2059 2048/1949/2049
f 2058/1959/2059 2059/1960/2060 2048/1949/2049
f 2048/1949/2049 2059/1960/2060 2049/1950/2050
f 2059/1960/2060 2060/1961/2061 2049/1950/2050
f 2049/1950/2050 2060/1961/2061 2050/1951/2051
f 2060/1961/2061 2061/1962/2062 2050/1951/2051
f 2050/1951/2051 2061/1962/2062 2051/1952/2052
f 2061/1962/2062 2062/1963/2063 2051/1952/2052
f 2051/1952/2052 2062/1963/2063 2063/1964/2064
f 2051/1952/2052 2063/1964/2064 2052/1953/2053
f 2052/1953/2053 2063/1964/2064 2064/1965/2065
f 2052/1953/2053 2064/1965/2065 2053/1954/2054
f 2054/1955/2055 2065/1966/2066 2055/1956/2056
f 2065/1966/2066 2066/1967/2067 2055/1956/2056
f 2055/1956/2056 2066/1967/2067 2056/1957/2057
f 2066/1967/2067 2067/1968/2068 2056/1957/2057
f 2056/1957/2057 2067/1968/2068 2057/1958/2058
f 2067/1968/2068 2068/1969/2069 2057/1958/2058
f 2057/1958/2058 2068/1969/2069 2058/1959/2059
f 2068/1969/2069 2069/1970/2070 2058/1959/2059
f 2058/1959/2059 2069/1970/2070 2059/1960/2060
f 2069/1970/2070 2070/1971/2071 2059/1960/2060
f 2059/1960/2060 2070/1971/2071 2060/1961/2061
f 2070/1971/2071 2071/1972/2072 2060/1961/2061
f 2060/1961/2061 2071/1972/2072 2061/1962/2062
f 2071/1972/2072 2072/1973/2073 2061/1962/2062
f 2061/1962/2062 2072/1973/2073 2073/1974/2074
f 2061/1962/2062 2073/1974/2074 2062/1963/2063
f 2062/1963/2063 2073/1974/2074 2074/1975/2075
f 2062/1963/2063 2074/1975/2075 2063/1964/2064
f 2063/1964/2064 2074/1975/2075 2075/1976/2076
f 2063/1964/2064 2075/1976/2076 2064/1965/2065
f 2065/1966/2066 2076/1977/2077 2066/1967/2067
f 2076/1977/2077 2077/1978/2078 2066/1967/2067
f 2066/1967/2067 2077/1978/2078 2067/1968/2068
f 2077/1978/2078 2078/1979/2079 2067/1968/2068
f 2067/1968/2068 2078/1979/2079 2068/1969/2069
f 2078/1979/2079 2079/1980/2080 2068/1969/2069
f 2068/1969/2069 2079/1980/2080 2069/1970/2070
f 2079/1980/2080 2080/1981/2081 2069/1970/2070
f 2069/1970/2070 2080/1981/2081 2070/1971/2071
f 2080/1981/2081 2081/1982/2082 2070/1971/2071
f 2070/1971/2071 2081/1982/2082 2071/1972/2072
f 2081/1982/2082 2082/1983/2083 2071/1972/2072
f 2071/1972/2072 2082/1983/2083 2072/1973/2073
f 2082/1983/2083 2083/1984/2084 2072/1973/2073
f 2072/1973/2073 2083/1984/2084 2084/1985/2085
f 2072/1973/2073 2084/1985/2085 2073/1974/2074
f 2073/1974/2074 2084/1985/2085 2085/1986/2086
f 2073/1974/2074 2085/1986/2086 2074/1975/2075
f 2074/1975/2075 2085/1986/2086 2086/1987/2087
f 2074/1975/2075 2086/1987/2087 2075/1976/2076
f 2076/1977/2077 2087/1988/2088 2077/1978/2078
f 2087/1988/2088 2088/1989/2089 2077/1978/2078
f 2077/1978/2078 2088/1989/2089 2078/1979/2079
f 2088/1989/2089 2089/1990/2090 2078/1979/2079
f 2078/1979/2079 2089/1990/2090 2079/1980/2080
f 2089/1990/2090 2090/1991/2091 2079/1980/2080
f 2079/1980/2080 2090/1991/2091 2080/1981/2081
f 2090/1991/2091 2091/1992/2092 2080/1981/2081
f 2080/1981/2081 2091/1992/2092 2081/1982/2082
f 2091/1992/2092 2092/1993/2093 2081/1982/2082
f 2081/1982/2082 2092/1993/2093 2082/1983/2083
f 2092/1993/2093 2093/1994/2094 2082/1983/2083
f 2082/1983/2083 2093/1994/2094 2083/1984/2084
f 2093/1994/2094 2094/1995/2095 2083/1984/2084
f 2083/1984/2084 2094/1995/2095 2095/1996/2096
f 2083/1984/2084 2095/1996/2096 2084/1985/2085
f 2084/1985/2085 2095/1996/2096 2096/1997/2097
f 2084/1985/2085 2096/1997/2097 2085/1986/2086
f 2085/1986/2086 2096/1997/2097 2097/1998/2098
f 2085/1986/2086 2097/1998/2098 2086/1987/2087
f 2087/1988/2088 2098/1999/2099 2088/1989/2089
f 2098/1999/2099 2099/2000/2100 2088/1989/2089
f 2088/1989/2089 2099/2000/2100 2089/1990/2090
f 2099/2000/2100 2100/2001/2101 2089/1990/2090
f 2089/1990/2090 2100/2001/2101 2090/1991/2091
f 2100/2001/2101 2101/2002/2102 2090/1991/2091
f 2090/1991/2091 2101/2002/2102 2091/1992/2092
f 2101/2002/2102 2102/2003/2103 2091/1992/2092
f 2091/1992/2092 2102/2003/2103 2092/1993/2093
f 2102/2003/2103 2103/2004/2104 2092/1993/2093
f 2092/1993/2093 2103/2004/2104 2093/1994/2094
f 2103/2004/2104 2104/2005/2105 2093/1994/2094
f 2093/1994/2094 2104/2005/2105 2094/1995/2095
f 2104/2005/2105 2105/2006/2106 2094/1995/2095
f 2094/1995/2095 2105/2006/2106 2095/1996/2096
f 2105/2006/2106 2106/2007/2107 2095/1996/2096
f 2095/1996/2096 2106/2007/2107 2107/2008/2108
f 2095/1996/2096 2107/2008/2108 2096/1997/2097
f 2096/1997/2097 2107/2008/2108 2108/2009/2109
f 2096/1997/2097 2108/2009/2109 2097/1998/2098
f 2098/1999/2099 2109/2010/2110 2099/2000/2100
f 2109/2010/2110 2110/2011/2111 2099/2000/2100
f 2099/2000/2100 2110/2011/2111 2100/2001/2101
f 2110/2011/2111 2111/2012/2112 2100/2001/2101
f 2100/2001/2101 2111/2012/2112 2101/2002/2102
f 2111/2012/2112 2112/2013/2113 2101/2002/2102
f 2101/2002/2102 2112/2013/2113 2102/2003/2103
f 2112/2013/2113 2113/2014/2114 2102/2003/2103
f 2102/2003/2103 2113/2014/2114 2103/2004/2104
f 2113/2014/2114 2114/2015/2115 2103/2004/2104
f 2103/2004/2104 2114/2015/2115 2104/2005/2105
f 2114/2015/2115 2115/2016/2116 2104/2005/2105
f 2104/2005/2105 2115/2016/2116 2105/2006/2106
f 2115/2016/2116 2116/2017/2117 2105/2006/2106
f 2105/2006/2106 2116/2017/2117 2106/2007/2107
f 2116/2017/2117 2117/2018/2118 2106/2007/2107
f 2106/2007/2107 2117/2018/2118 2107/2008/2108
f 2117/2018/2118 2118/2019/2119 2107/2008/2108
f 2107/2008/2108 2118/2019/2119 2119/2020/2120
f 2107/2008/2108 2119/2020/2120 2108/2009/2109
f 2109/2010/2110 2120/2021/2121 2110/2011/2111
f 2120/2021/2121 2121/2022/2122 2110/2011/2111
f 2110/2011/2111 2121/2022/2122 2111/2012/2112
f 2121/2022/2122 2122/2023/2123 2111/2012/2112
f 2111/2012/2112 2122/2023/2123 2112/2013/2113
f 2122/2023/2123 2123/2024/2124 2112/2013/2113
f 2112/2013/2113 2123/2024/2124 2113/2014/2114
f 2123/2024/2124 2124/2025/2125 2113/2014/2114
f 2113/2014/2114 2124/2025/2125 2114/2015/2115
f 2124/2025/2125 2125/2026/2126 2114/2015/2115
f 2114/2015/2115 2125/2026/2126 2115/2016/2116
f 2125/2026/2126 2126/2027/2127 2115/2016/2116
f 2115/2016/2116 2126/2027/2127 2116/2017/2117
f 2126/2027/2127 2127/2028/2128 2116/2017/2117
f 2116/2017/2117 2127/2028/2128 2117/2018/2118
f 2127/2028/2128 2128/2029/2129 2117/2018/2118
f 2117/2018/2118 2128/2029/2129 2118/2019/2119
f 2128/2029/2129 2129/2030/2130 2118/2019/2119
f 2118/2019/2119 2129/2030/2130 2119/2020/2120
f 2129/2030/2130 2130/2031/2131 2119/2020/2120
f 2120/2021/2121 2131/2032/2132 2121/2022/2122
f 2131/2032/2132 2132/2033/2133 2121/2022/2122
f 2121/2022/2122 2132/2033/2133 2122/2023/2123
f 2132/2033/2133 2133/2034/2134 2122/2023/2123
f 2122/2023/2123 2133/2034/2134 2123/2024/2124
f 2133/2034/2134 2134/2035/2135 2123/2024/2124
f 2123/2024/2124 2134/2035/2135 2124/2025/2125
f 2134/2035/2135 2135/2036/2136 2124/2025/2125
f 2124/2025/2125 2135/2036/2136 2125/2026/2126
f 2135/2036/2136 2136/2037/2137 2125/2026/2126
f 2125/2026/2126 2136/2037/2137 2126/2027/2127
f 2136/2037/2137 2137/2038/2138 2126/2027/2127
f 2126/2027/2127 2137/2038/2138 2127/2028/2128
f 2137/2038/2138 2138/2039/2139 2127/2028/2128
f 2127/2028/2128 2138/2039/2139 2128/2029/2129
f 2138/2039/2139 2139/2040/2140 2128/2029/2129
f 2128/2029/2129 2139/2040/2140 2129/2030/2130
f 2139/2040/2140 2140/2041/2141 2129/2030/2130
f 2129/2030/2130 2140/2041/2141 2130/2031/2131
f 2140/2041/2141 2141/2042/2142 2130/2031/2131
f 2131/2032/2132 2142/2043/2143 2143/2044/2144
f 2131/2032/2132 2143/2044/2144 2132/2033/2133
f 2132/2033/2133 2143/2044/2144 2144/2045/2145
f 2132/2033/2133 2144/2045/2145 2133/2034/2134
f 2133/2034/2134 2144/2045/2145 2145/2046/2146
f 2133/2034/2134 2145/2046/2146 2134/2035/2135
f 2134/2035/2135 2145/2046/2146 2146/2047/2147
f 2134/2035/2135 2146/2047/2147 2135/2036/2136
f 2135/2036/2136 2146/2047/2147 2147/2048/2148
f 2135/2036/2136 2147/2048/2148 2136/2037/2137
f 2136/2037/2137 2147/2048/2148 2148/2049/2149
f 2136/2037/2137 2148/2049/2149 2137/2038/2138
f 2137/2038/2138 2148/2049/2149 2149/2050/2150
f 2137/2038/2138 2149/2050/2150 2138/2039/2139
f 2138/2039/2139 2149/2050/2150 2150/2051/2151
f 2138/2039/2139 2150/2051/2151 2139/2040/2140
f 2139/2040/2140 2150/2051/2151 2151/2052/2152
f 2139/2040/2140 2151/2052/2152 2140/2041/2141
f 2140/2041/2141 2151/2052/2152 2152/2053/2153
f 2140/2041/2141 2152/2053/2153 2141/2042/2142
f 2142/2043/2143 2153/2054/2154 2154/2055/2155
f 2142/2043/2143 2154/2055/2155 2143/2044/2144
f 2143/2044/2144 2154/2055/2155 2155/2056/2156
f 2143/2044/2144 2155/2056/2156 2144/2045/2145
f 2144/2045/2145 2155/2056/2156 2156/2057/2157
f 2144/2045/2145 2156/2057/2157 2145/2046/2146
f 2145/2046/2146 2156/2057/2157 2157/2058/2158
f 2145/2046/2146 2157/2058/2158 2146/2047/2147
f 2146/2047/2147 2157/2058/2158 2158/2059/2159
f 2146/2047/2147 2158/2059/2159 2147/2048/2148
f 2147/2048/2148 2158/2059/2159 2159/2060/2160
f 2147/2048/2148 2159/2060/2160 2148/2049/2149
f 2148/2049/2149 2159/2060/2160 2160/2061/2161
f 2148/2049/2149 2160/2061/2161 2149/2050/2150
f 2149/2050/2150 2160/2061/2161 2161/2062/2162
f 2149/2050/2150 2161/2062/2162 2150/2051/2151
f 2150/2051/2151 2161/2062/2162 2162/2063/2163
f 2150/2051/2151 2162/2063/2163 2151/2052/2152
f 2151/2052/2152 2162/2063/2163 2163/2064/2164
f 2151/2052/2152 2163/2064/2164 2152/2053/2153
f 2153/2054/2154 2164/2065/2165 2165/2066/2166
f 2153/2054/2154 2165/2066/2166 2154/2055/2155
f 2154/2055/2155 2165/2066/2166 2166/2067/2167
f 2154/2055/2155 2166/2067/2167 2155/2056/2156
f 2155/2056/2156 2166/2067/2167 2167/2068/2168
f 2155/2056/2156 2167/2068/2168 2156/2057/2157
f 2156/2057/2157 2167/2068/2168 2168/2069/2169
f 2156/2057/2157 2168/2069/2169 2157/2058/2158
f 2157/2058/2158 2168/2069/2169 2169/2070/2170
f 2157/2058/2158 2169/2070/2170 2158/2059/2159
f 2158/2059/2159 2169/2070/2170 2170/2071/2171
f 2158/2059/2159 2170/2071/2171 2159/2060/2160
f 2159/2060/2160 2170/2071/2171 2171/2072/2172
f 2159/2060/2160 2171/2072/2172 2160/2061/2161
f 2160/2061/2161 2171/2072/2172 2172/2073/2173
f 2160/2061/2161 2172/2073/2173 2161/2062/2162
f 2161/2062/2162 2172/2073/2173 2173/2074/2174
f 2161/2062/2162 2173/2074/2174 2162/2063/2163
f 2162/2063/2163 2173/2074/2174 2163/2064/2164
f 2173/2074/2174 2174/2075/2175 2163/2064/2164
f 2164/2065/2165 2175/2076/2176 2176/2077/2177
f 2164/2065/2165 2176/2077/2177 2165/2066/2166
f 2165/2066/2166 2176/2077/2177 2177/2078/2178
f 2165/2066/2166 2177/2078/2178 2166/2067/2167
f 2166/2067/2167 2177/2078/2178 2178/2079/2179
f 2166/2067/2167 2178/2079/2179 2167/2068/2168
f 2167/2068/2168 2178/2079/2179 2179/2080/2180
f 2167/2068/2168 2179/2080/2180 2168/2069/2169
f 2168/2069/2169 2179/2080/2180 2180/2081/2181
f 2168/2069/2169 2180/2081/2181 2169/2070/2170
f 2169/2070/2170 2180/2081/2181 2181/2082/2182
f 2169/2070/2170 2181/2082/2182 2170/2071/2171
f 2170/2071/2171 2181/2082/2182 2182/2083/2183
f 2170/2071/2171 2182/2083/2183 2171/2072/2172
f 2171/2072/2172 2182/2083/2183 2183/2084/2184
f 2171/2072/2172 2183/2084/2184 2172/2073/2173
f 2172/2073/2173 2183/2084/2184 2173/2074/2174
f 2183/2084/2184 2184/2085/2185 2173/2074/2174
f 2173/2074/2174 2184/2085/2185 2174/2075/2175
f 2184/2085/2185 2185/2086/2186 2174/2075/2175
f 2175/2076/2176 2186/2087/2187 2187/2088/2188
f 2175/2076/2176 2187/2088/2188 2176/2077/2177
f 2176/2077/2177 2187/2088/2188 2188/2089/2189
f 2176/2077/2177 2188/2089/2189 2177/2078/2178
f 2177/2078/2178 2188/2089/2189 2189/2090/2190
f 2177/2078/2178 2189/2090/2190 2178/2079/2179
f 2178/2079/2179 2189/2090/2190 2190/2091/2191
f 2178/2079/2179 2190/2091/2191 2179/2080/2180
f 2179/2080/2180 2190/2091/2191 2191/2092/2192
f 2179/2080/2180 2191/2092/2192 2180/2081/2181
f 2180/2081/2181 2191/2092/2192 2192/2093/2193
f 2180/2081/2181 2192/2093/2193 2181/2082/2182
f 2181/2082/2182 2192/2093/2193 2193/2094/2194
f 2181/2082/2182 2193/2094/2194 2182/2083/2183
f 2182/2083/2183 2193/2094/2194 2183/2084/2184
f 2193/2094/2194 2194/2095/2195 2183/2084/2184
f 2183/2084/2184 2194/2095/2195 2184/2085/2185
f 2194/2095/2195 2195/2096/2196 2184/2085/2185
f 2184/2085/2185 2195/2096/2196 2185/2086/2186
f 2195/2096/2196 2196/2097/2197 2185/2086/2186
f 2186/2087/2187 2197/2098/2198 2198/2099/2199
f 2186/2087/2187 2198/2099/2199 2187/2088/2188
f 2187/2088/2188 2198/2099/2199 2199/2100/2200
f 2187/2088/2188 2199/2100/2200 2188/2089/2189
f 2188/2089/2189 2199/2100/2200 2200/2101/2201
f 2188/2089/2189 2200/2101/2201 2189/2090/2190
f 2189/2090/2190 2200/2101/2201 2201/2102/2202
f 2189/2090/2190 2201/2102/2202 2190/2091/2191
f 2190/2091/2191 2201/2102/2202 2202/2103/2203
f 2190/2091/2191 2202/2103/2203 2191/2092/2192
f 2191/2092/2192 2202/2103/2203 2203/2104/2204
f 2191/2092/2192 2203/2104/2204 2192/2093/2193
f 2192/2093/2193 2203/2104/2204 2204/2105/2205
f 2192/2093/2193 2204/2105/2205 2193/2094/2194
f 2193/2094/2194 2204/2105/2205 2194/2095/2195
f 2204/2105/2205 2205/2106/2206 2194/2095/2195
f 2194/2095/2195 2205/2106/2206 2195/2096/2196
f 2205/2106/2206 2206/2107/2207 2195/2096/2196
f 2195/2096/2196 2206/2107/2207 2196/2097/2197
f 2206/2107/2207 2207/2108/2208 2196/2097/2197
f 2197/2098/2198 2208/2109/2209 2209/2110/2210
f 2197/2098/2198 2209/2110/2210 2198/2099/2199
f 2198/2099/2199 2209/2110/2210 2210/2111/2211
f 2198/2099/2199 2210/2111/2211 2199/2100/2200
f 2199/2100/2200 2210/2111/2211 2211/2112/2212
f 2199/2100/2200 2211/2112/2212 2200/2101/2201
f 2200/2101/2201 2211/2112/2212 2212/2113/2213
f 2200/2101/2201 2212/2113/2213 2201/2102/2202
f 2201/2102/2202 2212/2113/2213 2213/2114/2214
f 2201/2102/2202 2213/2114/2214 2202/2103/2203
f 2202/2103/2203 2213/2114/2214 2214/2115/2215
f 2202/2103/2203 2214/2115/2215 2203/2104/2204
f 2203/2104/2204 2214/2115/2215 2215/2116/2216
f 2203/2104/2204 2215/2116/2216 2204/2105/2205
f 2204/2105/2205 2215/2116/2216 2205/2106/2206
f 2215/2116/2216 2216/2117/2217 2205/2106/2206
f 2205/2106/2206 2216/2117/2217 2206/2107/2207
f 2216/2117/2217 2217/2118/2218 2206/2107/2207
f 2206/2107/2207 2217/2118/2218 2207/2108/2208
f 2217/2118/2218 2218/2119/2219 2207/2108/2208
f 2208/2109/2209 2219/2120/2220 2220/2121/2221
f 2208/2109/2209 2220/2121/2221 2209/2110/2210
f 2209/2110/2210 2220/2121/2221 2221/2122/2222
f 2209/2110/2210 2221/2122/2222 2210/2111/2211
f 2210/2111/2211 2221/2122/2222 2222/2123/2223
f 2210/2111/2211 2222/2123/2223 2211/2112/2212
f 2211/2112/2212 2222/2123/2223 2223/2124/2224
f 2211/2112/2212 2223/2124/2224 2212/2113/2213
f 2212/2113/2213 2223/2124/2224 2224/2125/2225
f 2212/2113/2213 2224/2125/2225 2213/2114/2214
f 2213/2114/2214 2224/2125/2225 2225/2126/2226
f 2213/2114/2214 2225/2126/2226 2214/2115/2215
f 2214/2115/2215 2225/2126/2226 2226/2127/2227
f 2214/2115/2215 2226/2127/2227 2215/2116/2216
f 2215/2116/2216 2226/2127/2227 2227/2128/2228
f 2215/2116/2216 2227/2128/2228 2216/2117/2217
f 2216/2117/2217 2227/2128/2228 2217/2118/2218
f 2227/2128/2228 2228/2129/2229 2217/2118/2218
f 2217/2118/2218 2228/2129/2229 2218/2119/2219
f 2228/2129/2229 2229/2130/2230 2218/2119/2219
f 2219/2120/2220 2230/2131/2231 2231/2132/2232
f 2219/2120/2220 2231/2132/2232 2220/2121/2221
f 2220/2121/2221 2231/2132/2232 2232/2133/2233
f 2220/2121/2221 2232/2133/2233 2221/2122/2222
f 2221/2122/2222 2232/2133/2233 2233/2134/2234
f 2221/2122/2222 2233/2134/2234 2222/2123/2223
f 2222/2123/2223 2233/2134/2234 2234/2135/2235
f 2222/2123/2223 2234/2135/2235 2223/2124/2224
f 2223/2124/2224 2234/2135/2235 2235/2136/2236
f 2223/2124/2224 2235/2136/2236 2224/2125/2225
f 2224/2125/2225 2235/2136/2236 2236/2137/2237
f 2224/2125/2225 2236/2137/2237 2225/2126/2226
f 2225/2126/2226 2236/2137/2237 2237/2138/2238
f 2225/2126/2226 2237/2138/2238 2226/2127/2227
f 2226/2127/2227 2237/2138/2238 2238/2139/2239
f 2226/2127/2227 2238/2139/2239 2227/2128/2228
f 2227/2128/2228 2238/2139/2239 2239/2140/2240
f 2227/2128/2228 2239/2140/2240 2228/2129/2229
f 2228/2129/2229 2239/2140/2240 2229/2130/2230
f 2239/2140/2240 2240/2141/2241 2229/2130/2230
f 2230/2131/2231 2021/1922/2022 2023/1924/2024
f 2230/2131/2231 2023/1924/2024 2231/2132/2232
f 2231/2132/2232 2023/1924/2024 2025/1926/2026
f 2231/2132/2232 2025/1926/2026 2232/2133/2233
f 2232/2133/2233 2025/1926/2026 2027/1928/2028
f 2232/2133/2233 2027/1928/2028 2233/2134/2234
f 2233/2134/2234 2027/1928/2028 2029/1930/2030
f 2233/2134/2234 2029/1930/2030 2234/2135/2235
f 2234/2135/2235 2029/1930/2030 2031/1932/2032
f 2234/2135/2235 2031/1932/2032 2235/2136/2236
f 2235/2136/2236 2031/1932/2032 2033/1934/2034
f 2235/2136/2236 2033/1934/2034 2236/2137/2237
f 2236/2137/2237 2033/1934/2034 2035/1936/2036
f 2236/2137/2237 2035/1936/2036 2237/2138/2238
f 2237/2138/2238 2035/1936/2036 2037/1938/2038
f 2237/2138/2238 2037/1938/2038 2238/2139/2239
f 2238/2139/2239 2037/1938/2038 2039/1940/2040
f 2238/2139/2239 2039/1940/2040 2239/2140/2240
f 2239/2140/2240 2039/1940/2040 2041/1942/2042
f 2239/2140/2240 2041/1942/2042 2240/2141/2241
f 2041/1942/2042 2042/1943/2043 2241/2142/2242
f 2042/1943/2043 2242/2143/2243 2241/2142/2242
f 2241/2142/2242 2242/2143/2243 2243/2144/2244
f 2242/2143/2243 2244/2145/2245 2243/2144/2244
f 2243/2144/2244 2244/2145/2245 2245/2146/2246
f 2244/2145/2245 2246/2147/2247 2245/2146/2246
f 2245/2146/2246 2246/2147/2247 2247/2148/2248
f 2246/2147/2247 2248/2149/2249 2247/2148/2248
f 2247/2148/2248 2248/2149/2249 2249/2150/2250
f 2248/2149/2249 2250/2151/2251 2249/2150/2250
f 2249/2150/2250 2250/2151/2251 2251/2152/2252
f 2250/2151/2251 2252/2153/2253 2251/2152/2252
f 2251/2152/2252 2252/2153/2253 2253/2154/2254
f 2252/2153/2253 2254/2155/2255 2253/2154/2254
f 2253/2154/2254 2254/2155/2255 2255/2156/2256
f 2254/2155/2255 2256/2157/2257 2255/2156/2256
f 2255/2156/2256 2256/2157/2257 2257/2158/2258
f 2256/2157/2257 2258/2159/2259 2257/2158/2258
f 2257/2158/2258 2258/2159/2259 2259/2160/2260
f 2258/2159/2259 2260/2161/2261 2259/2160/2260
f 2042/1943/2043 2053/1954/2054 2242/2143/2243
f 2053/1954/2054 2261/2162/2262 2242/2143/2243
f 2242/2143/2243 2261/2162/2262 2244/2145/2245
f 2261/2162/2262 2262/2163/2263 2244/2145/2245
f 2244/2145/2245 2262/2163/2263 2246/2147/2247
f 2262/2163/2263 2263/2164/2264 2246/2147/2247
f 2246/2147/2247 2263/2164/2264 2248/2149/2249
f 2263/2164/2264 2264/2165/2265 2248/2149/2249
f 2248/2149/2249 2264/2165/2265 2250/2151/2251
f 2264/2165/2265 2265/2166/2266 2250/2151/2251
f 2250/2151/2251 2265/2166/2266 2252/2153/2253
f 2265/2166/2266 2266/2167/2267 2252/2153/2253
f 2252/2153/2253 2266/2167/2267 2254/2155/2255
f 2266/2167/2267 2267/2168/2268 2254/2155/2255
f 2254/2155/2255 2267/2168/2268 2256/2157/2257
f 2267/2168/2268 2268/2169/2269 2256/2157/2257
f 2256/2157/2257 2268/2169/2269 2258/2159/2259
f 2268/2169/2269 2269/2170/2270 2258/2159/2259
f 2258/2159/2259 2269/2170/2270 2260/2161/2261
f 2269/2170/2270 2270/2171/2271 2260/2161/2261
f 2053/1954/2054 2064/1965/2065 2271/2172/2272
f 2053/1954/2054 2271/2172/2272 2261/2162/2262
f 2261/2162/2262 2271/2172/2272 2262/2163/2263
f 2271/2172/2272 2272/2173/2273 2262/2163/2263
f 2262/2163/2263 2272/2173/2273 2263/2164/2264
f 2272/2173/2273 2273/2174/2274 2263/2164/2264
f 2263/2164/2264 2273/2174/2274 2264/2165/2265
f 2273/2174/2274 2274/2175/2275 2264/2165/2265
f 2264/2165/2265 2274/2175/2275 2265/2166/2266
f 2274/2175/2275 2275/2176/2276 2265/2166/2266
f 2265/2166/2266 2275/2176/2276 2266/2167/2267
f 2275/2176/2276 2276/2177/2277 2266/2167/2267
f 2266/2167/2267 2276/2177/2277 2267/2168/2268
f 2276/2177/2277 2277/2178/2278 2267/2168/2268
f 2267/2168/2268 2277/2178/2278 2268/2169/2269
f 2277/2178/2278 2278/2179/2279 2268/2169/2269
f 2268/2169/2269 2278/2179/2279 2269/2170/2270
f 2278/2179/2279 2279/2180/2280 2269/2170/2270
f 2269/2170/2270 2279/2180/2280 2270/2171/2271
f 2279/2180/2280 2280/2181/2281 2270/2171/2271
f 2064/1965/2065 2075/1976/2076 2281/2182/2282
f 2064/1965/2065 2281/2182/2282 2271/2172/2272
f 2271/2172/2272 2281/2182/2282 2272/2173/2273
f 2281/2182/2282 2282/2183/2283 2272/2173/2273
f 2272/2173/2273 2282/2183/2283 2273/2174/2274
f 2282/2183/2283 2283/2184/2284 2273/2174/2274
f 2273/2174/2274 2283/2184/2284 2274/2175/2275
f 2283/2184/2284 2284/2185/2285 2274/2175/2275
f 2274/2175/2275 2284/2185/2285 2275/2176/2276
f 2284/2185/2285 2285/2186/2286 2275/2176/2276
f 2275/2176/2276 2285/2186/2286 2276/2177/2277
f 2285/2186/2286 2286/2187/2287 2276/2177/2277
f 2276/2177/2277 2286/2187/2287 2277/2178/2278
f 2286/2187/2287 2287/2188/2288 2277/2178/2278
f 2277/2178/2278 2287/2188/2288 2278/2179/2279
f 2287/2188/2288 2288/2189/2289 2278/2179/2279
f 2278/2179/2279 2288/2189/2289 2279/2180/2280
f 2288/2189/2289 2289/2190/2290 2279/2180/2280
f 2279/2180/2280 2289/2190/2290 2280/2181/2281
f 2289/2190/2290 2290/2191/2291 2280/2181/2281
f 2075/1976/2076 2086/1987/2087 2291/2192/2292
f 2075/1976/2076 2291/2192/2292 2281/2182/2282
f 2281/2182/2282 2291/2192/2292 2292/2193/2293
f 2281/2182/2282 2292/2193/2293 2282/2183/2283
f 2282/2183/2283 2292/2193/2293 2283/2184/2284
f 2292/2193/2293 2293/2194/2294 2283/2184/2284
f 2283/2184/2284 2293/2194/2294 2284/2185/2285
f 2293/2194/2294 2294/2195/2295 2284/2185/2285
f 2284/2185/2285 2294/2195/2295 2285/2186/2286
f 2294/2195/2295 2295/2196/2296 2285/2186/2286
f 2285/2186/2286 2295/2196/2296 2286/2187/2287
f 2295/2196/2296 2296/2197/2297 2286/2187/2287
f 2286/2187/2287 2296/2197/2297 2287/2188/2288
f 2296/2197/2297 2297/2198/2298 2287/2188/2288
f 2287/2188/2288 2297/2198/2298 2288/2189/2289
f 2297/2198/2298 2298/2199/2299 2288/2189/2289
f 2288/2189/2289 2298/2199/2299 2289/2190/2290
f 2298/2199/2299 2299/2200/2300 2289/2190/2290
f 2289/2190/2290 2299/2200/2300 2290/2191/2291
f 2299/2200/2300 2300/2201/2301 2290/2191/2291
f 2086/1987/2087 2097/1998/2098 2301/2202/2302
f 2086/1987/2087 2301/2202/2302 2291/2192/2292
f 2291/2192/2292 2301/2202/2302 2302/2203/2303
f 2291/2192/2292 2302/2203/2303 2292/2193/2293
f 2292/2193/2293 2302/2203/2303 2293/2194/2294
f 2302/2203/2303 2303/2204/2304 2293/2194/2294
f 2293/2194/2294 2303/2204/2304 2294/2195/2295
f 2303/2204/2304 2304/2205/2305 2294/2195/2295
f 2294/2195/2295 2304/2205/2305 2305/2206/2306
f 2294/2195/2295 2305/2206/2306 2295/2196/2296
f 2295/2196/2296 2305/2206/2306 2306/2207/2307
f 2295/2196/2296 2306/2207/2307 2296/2197/2297
f 2296/2197/2297 2306/2207/2307 2307/2208/2308
f 2296/2197/2297 2307/2208/2308 2297/2198/2298
f 2297/2198/2298 2307/2208/2308 2298/2199/2299
f 2307/2208/2308 2308/2209/2309 2298/2199/2299
f 2298/2199/2299 2308/2209/2309 2299/2200/2300
f 2308/2209/2309 2309/2210/2310 2299/2200/2300
f 2299/2200/2300 2309/2210/2310 2300/2201/2301
f 2309/2210/2310 2310/2211/2311 2300/2201/2301
f 2097/1998/2098 2108/2009/2109 2311/2212/2312
f 2097/1998/2098 2311/2212/2312 2301/2202/2302
f 2301/2202/2302 2311/2212/2312 2302/2203/2303
f 2311/2212/2312 2312/2213/2313 2302/2203/2303
f 2302/2203/2303 2312/2213/2313 2303/2204/2304
f 2312/2213/2313 2313/2214/2314 2303/2204/2304
f 2303/2204/2304 2313/2214/2314 2304/2205/2305
f 2313/2214/2314 2314/2215/2315 2304/2205/2305
f 2304/2205/2305 2314/2215/2315 2315/2216/2316
f 2304/2205/2305 2315/2216/2316 2305/2206/2306
f 2305/2206/2306 2315/2216/2316 2316/2217/2317
f 2305/2206/2306 2316/2217/2317 2306/2207/2307
f 2306/2207/2307 2316/2217/2317 2317/2218/2318
f 2306/2207/2307 2317/2218/2318 2307/2208/2308
f 2307/2208/2308 2317/2218/2318 2308/2209/2309
f 2317/2218/2318 2318/2219/2319 2308/2209/2309
f 2308/2209/2309 2318/2219/2319 2309/2210/2310
f 2318/2219/2319 2319/2220/2320 2309/2210/2310
f 2309/2210/2310 2319/2220/2320 2310/2211/2311
f 2319/2220/2320 2320/2221/2321 2310/2211/2311
f 2108/2009/2109 2119/2020/2120 2321/2222/2322
f 2108/2009/2109 2321/2222/2322 2311/2212/2312
f 2311/2212/2312 2321/2222/2322 2312/2213/2313
f 2321/2222/2322 2322/2223/2323 2312/2213/2313
f 2312/2213/2313 2322/2223/2323 2313/2214/2314
f 2322/2223/2323 2323/2224/2324 2313/2214/2314
f 2313/2214/2314 2323/2224/2324 2314/2215/2315
f 2323/2224/2324 2324/2225/2325 2314/2215/2315
f 2314/2215/2315 2324/2225/2325 2325/2226/2326
f 2314/2215/2315 2325/2226/2326 2315/2216/2316
f 2315/2216/2316 2325/2226/2326 2326/2227/2327
f 2315/2216/2316 2326/2227/2327 2316/2217/2317
f 2316/2217/2317 2326/2227/2327 2327/2228/2328
f 2316/2217/2317 2327/2228/2328 2317/2218/2318
f 2317/2218/2318 2327/2228/2328 2318/2219/2319
f 2327/2228/2328 2328/2229/2329 2318/2219/2319
f 2318/2219/2319 2328/2229/2329 2319/2220/2320
f 2328/2229/2329 2329/2230/2330 2319/2220/2320
f 2319/2220/2320 2329/2230/2330 2320/2221/2321
f 2329/2230/2330 2330/2231/2331 2320/2221/2321
f 2119/2020/2120 2130/2031/2131 2321/2222/2322
f 2130/2031/2131 2331/2232/2332 2321/2222/2322
f 2321/2222/2322 2331/2232/2332 2322/2223/2323
f 2331/2232/2332 2332/2233/2333 2322/2223/2323
f 2322/2223/2323 2332/2233/2333 2323/2224/2324
f 2332/2233/2333 2333/2234/2334 2323/2224/2324
f 2323/2224/2324 2333/2234/2334 2324/2225/2325
f 2333/2234/2334 2334/2235/2335 2324/2225/2325
f 2324/2225/2325 2334/2235/2335 2335/2236/2336
f 2324/2225/2325 2335/2236/2336 2325/2226/2326
f 2325/2226/2326 2335/2236/2336 2336/2236/2337
f 2325/2226/2326 2336/2236/2337 2326/2227/2327
f 2326/2227/2327 2336/2236/2337 2337/2237/2338
f 2326/2227/2327 2337/2237/2338 2327/2228/2328
f 2327/2228/2328 2337/2237/2338 2328/2229/2329
f 2337/2237/2338 2338/2238/2339 2328/2229/2329
f 2328/2229/2329 2338/2238/2339 2329/2230/2330
f 2338/2238/2339 2339/2239/2340 2329/2230/2330
f 2329/2230/2330 2339/2239/2340 2330/2231/2331
f 2339/2239/2340 2340/2240/2341 2330/2231/2331
f 2130/2031/2131 2141/2042/2142 2331/2232/2332
f 2141/2042/2142 2341/2241/2342 2331/2232/2332
f 2331/2232/2332 2341/2241/2342 2332/2233/2333
f 2341/2241/2342 2342/2242/2343 2332/2233/2333
f 2332/2233/2333 2342/2242/2343 2333/2234/2334
f 2342/2242/2343 2343/2243/2344 2333/2234/2334
f 2333/2234/2334 2343/2243/2344 2334/2235/2335
f 2343/2243/2344 2344/2244/2345 2334/2235/2335
f 2334/2235/2335 2344/2244/2345 2345/2244/2346
f 2334/2235/2335 2345/2244/2346 2335/2236/2336
f 2335/2236/2336 2345/2244/2346 2346/2245/2347
f 2335/2236/2336 2346/2245/2347 2336/2236/2337
f 2336/2236/2337 2346/2245/2347 2347/2246/2348
f 2336/2236/2337 2347/2246/2348 2337/2237/2338
f 2337/2237/2338 2347/2246/2348 2338/2238/2339
f 2347/2246/2348 2348/2247/2349 2338/2238/2339
f 2338/2238/2339 2348/2247/2349 2339/2239/2340
f 2348/2247/2349 2349/2248/2350 2339/2239/2340
f 2339/2239/2340 2349/2248/2350 2340/2240/2341
f 2349/2248/2350 2350/2249/2351 2340/2240/2341
f 2141/2042/2142 2152/2053/2153 2351/2250/2352
f 2141/2042/2142 2351/2250/2352 2341/2241/2342
f 2341/2241/2342 2351/2250/2352 2352/2251/2353
f 2341/2241/2342 2352/2251/2353 2342/2242/2343
f 2342/2242/2343 2352/2251/2353 2353/2252/2354
f 2342/2242/2343 2353/2252/2354 2343/2243/2344
f 2343/2243/2344 2353/2252/2354 2354/2252/2355
f 2343/2243/2344 2354/2252/2355 2344/2244/2345
f 2344/2244/2345 2354/2252/2355 2345/2244/2346
f 2354/2252/2355 2355/2252/2356 2345/2244/2346
f 2345/2244/2346 2355/2252/2356 2346/2245/2347
f 2355/2252/2356 2356/2253/2357 2346/2245/2347
f 2346/2245/2347 2356/2253/2357 2347/2246/2348
f 2356/2253/2357 2357/2254/2358 2347/2246/2348
f 2347/2246/2348 2357/2254/2358 2358/2255/2359
f 2347/2246/2348 2358/2255/2359 2348/2247/2349
f 2348/2247/2349 2358/2255/2359 2359/2256/2360
f 2348/2247/2349 2359/2256/2360 2349/2248/2350
f 2349/2248/2350 2359/2256/2360 2360/2257/2361
f 2349/2248/2350 2360/2257/2361 2350/2249/2351
f 2152/2053/2153 2163/2064/2164 2361/2258/2362
f 2152/2053/2153 2361/2258/2362 2351/2250/2352
f 2351/2250/2352 2361/2258/2362 2362/2259/2363
f 2351/2250/2352 2362/2259/2363 2352/2251/2353
f 2352/2251/2353 2362/2259/2363 2363/2260/2364
f 2352/2251/2353 2363/2260/2364 2353/2252/2354
f 2353/2252/2354 2363/2260/2364 2364/2261/2365
f 2353/2252/2354 2364/2261/2365 2354/2252/2355
f 2354/2252/2355 2364/2261/2365 2355/2252/2356
f 2364/2261/2365 2365/2261/2366 2355/2252/2356
f 2355/2252/2356 2365/2261/2366 2356/2253/2357
f 2365/2261/2366 2366/2262/2367 2356/2253/2357
f 2356/2253/2357 2366/2262/2367 2357/2254/2358
f 2366/2262/2367 2367/2263/2368 2357/2254/2358
f 2357/2254/2358 2367/2263/2368 2368/2264/2369
f 2357/2254/2358 2368/2264/2369 2358/2255/2359
f 2358/2255/2359 2368/2264/2369 2369/2265/2370
f 2358/2255/2359 2369/2265/2370 2359/2256/2360
f 2359/2256/2360 2369/2265/2370 2370/2266/2371
f 2359/2256/2360 2370/2266/2371 2360/2257/2361
f 2163/2064/2164 2174/2075/2175 2361/2258/2362
f 2174/2075/2175 2371/2267/2372 2361/2258/2362
f 2361/2258/2362 2371/2267/2372 2372/2268/2373
f 2361/2258/2362 2372/2268/2373 2362/2259/2363
f 2362/2259/2363 2372/2268/2373 2373/2269/2374
f 2362/2259/2363 2373/2269/2374 2363/2260/2364
f 2363/2260/2364 2373/2269/2374 2374/2270/2375
f 2363/2260/2364 2374/2270/2375 2364/2261/2365
f 2364/2261/2365 2374/2270/2375 2365/2261/2366
f 2374/2270/2375 2375/2271/2376 2365/2261/2366
f 2365/2261/2366 2375/2271/2376 2366/2262/2367
f 2375/2271/2376 2376/2272/2377 2366/2262/2367
f 2366/2262/2367 2376/2272/2377 2367/2263/2368
f 2376/2272/2377 2377/2273/2378 2367/2263/2368
f 2367/2263/2368 2377/2273/2378 2378/2274/2379
f 2367/2263/2368 2378/2274/2379 2368/2264/2369
f 2368/2264/2369 2378/2274/2379 2379/2275/2380
f 2368/2264/2369 2379/2275/2380 2369/2265/2370
f 2369/2265/2370 2379/2275/2380 2380/2276/2381
f 2369/2265/2370 2380/2276/2381 2370/2266/2371
f 2174/2075/2175 2185/2086/2186 2371/2267/2372
f 2185/2086/2186 2381/2277/2382 2371/2267/2372
f 2371/2267/2372 2381/2277/2382 2382/2278/2383
f 2371/2267/2372 2382/2278/2383 2372/2268/2373
f 2372/2268/2373 2382/2278/2383 2383/2279/2384
f 2372/2268/2373 2383/2279/2384 2373/2269/2374
f 2373/2269/2374 2383/2279/2384 2384/2280/2385
f 2373/2269/2374 2384/2280/2385 2374/2270/2375
f 2374/2270/2375 2384/2280/2385 2375/2271/2376
f 2384/2280/2385 2385/2281/2386 2375/2271/2376
f 2375/2271/2376 2385/2281/2386 2376/2272/2377
f 2385/2281/2386 2386/2282/2387 2376/2272/2377
f 2376/2272/2377 2386/2282/2387 2377/2273/2378
f 2386/2282/2387 2387/2283/2388 2377/2273/2378
f 2377/2273/2378 2387/2283/2388 2388/2284/2389
f 2377/2273/2378 2388/2284/2389 2378/2274/2379
f 2378/2274/2379 2388/2284/2389 2389/2285/2390
f 2378/2274/2379 2389/2285/2390 2379/2275/2380
f 2379/2275/2380 2389/2285/2390 2390/2286/2391
f 2379/2275/2380 2390/2286/2391 2380/2276/2381
f 2185/2086/2186 2196/2097/2197 2381/2277/2382
f 2196/2097/2197 2391/2287/2392 2381/2277/2382
f 2381/2277/2382 2391/2287/2392 2382/2278/2383
f 2391/2287/2392 2392/2288/2393 2382/2278/2383
f 2382/2278/2383 2392/2288/2393 2393/2289/2394
f 2382/2278/2383 2393/2289/2394 2383/2279/2384
f 2383/2279/2384 2393/2289/2394 2394/2290/2395
f 2383/2279/2384 2394/2290/2395 2384/2280/2385
f 2384/2280/2385 2394/2290/2395 2385/2281/2386
f 2394/2290/2395 2395/2291/2396 2385/2281/2386
f 2385/2281/2386 2395/2291/2396 2386/2282/2387
f 2395/2291/2396 2396/2292/2397 2386/2282/2387
f 2386/2282/2387 2396/2292/2397 2387/2283/2388
f 2396/2292/2397 2397/2293/2398 2387/2283/2388
f 2387/2283/2388 2397/2293/2398 2398/2294/2399
f 2387/2283/2388 2398/2294/2399 2388/2284/2389
f 2388/2284/2389 2398/2294/2399 2399/2295/2400
f 2388/2284/2389 2399/2295/2400 2389/2285/2390
f 2389/2285/2390 2399/2295/2400 2400/2296/2401
f 2389/2285/2390 2400/2296/2401 2390/2286/2391
f 2196/2097/2197 2207/2108/2208 2391/2287/2392
f 2207/2108/2208 2401/2297/2402 2391/2287/2392
f 2391/2287/2392 2401/2297/2402 2392/2288/2393
f 2401/2297/2402 2402/2298/2403 2392/2288/2393
f 2392/2288/2393 2402/2298/2403 2403/2299/2404
f 2392/2288/2393 2403/2299/2404 2393/2289/2394
f 2393/2289/2394 2403/2299/2404 2404/2300/2405
f 2393/2289/2394 2404/2300/2405 2394/2290/2395
f 2394/2290/2395 2404/2300/2405 2405/2301/2406
f 2394/2290/2395 2405/2301/2406 2395/2291/2396
f 2395/2291/2396 2405/2301/2406 2406/2302/2407
f 2395/2291/2396 2406/2302/2407 2396/2292/2397
f 2396/2292/2397 2406/2302/2407 2407/2303/2408
f 2396/2292/2397 2407/2303/2408 2397/2293/2398
f 2397/2293/2398 2407/2303/2408 2408/2304/2409
f 2397/2293/2398 2408/2304/2409 2398/2294/2399
f 2398/2294/2399 2408/2304/2409 2409/2305/2410
f 2398/2294/2399 2409/2305/2410 2399/2295/2400
f 2399/2295/2400 2409/2305/2410 2410/2306/2411
f 2399/2295/2400 2410/2306/2411 2400/2296/2401
f 2207/2108/2208 2218/2119/2219 2401/2297/2402
f 2218/2119/2219 2411/2307/2412 2401/2297/2402
f 2401/2297/2402 2411/2307/2412 2412/2308/2413
f 2401/2297/2402 2412/2308/2413 2402/2298/2403
f 2402/2298/2403 2412/2308/2413 2413/2309/2414
f 2402/2298/2403 2413/2309/2414 2403/2299/2404
f 2403/2299/2404 2413/2309/2414 2414/2310/2415
f 2403/2299/2404 2414/2310/2415 2404/2300/2405
f 2404/2300/2405 2414/2310/2415 2415/2311/2416
f 2404/2300/2405 2415/2311/2416 2405/2301/2406
f 2405/2301/2406 2415/2311/2416 2416/2312/2417
f 2405/2301/2406 2416/2312/2417 2406/2302/2407
f 2406/2302/2407 2416/2312/2417 2417/2313/2418
f 2406/2302/2407 2417/2313/2418 2407/2303/2408
f 2407/2303/2408 2417/2313/2418 2418/2314/2419
f 2407/2303/2408 2418/2314/2419 2408/2304/2409
f 2408/2304/2409 2418/2314/2419 2419/2315/2420
f 2408/2304/2409 2419/2315/2420 2409/2305/2410
f 2409/2305/2410 2419/2315/2420 2420/2316/2421
f 2409/2305/2410 2420/2316/2421 2410/2306/2411
f 2218/2119/2219 2229/2130/2230 2411/2307/2412
f 2229/2130/2230 2421/2317/2422 2411/2307/2412
f 2411/2307/2412 2421/2317/2422 2422/2318/2423
f 2411/2307/2412 2422/2318/2423 2412/2308/2413
f 2412/2308/2413 2422/2318/2423 2423/2319/2424
f 2412/2308/2413 2423/2319/2424 2413/2309/2414
f 2413/2309/2414 2423/2319/2424 2424/2320/2425
f 2413/2309/2414 2424/2320/2425 2414/2310/2415
f 2414/2310/2415 2424/2320/2425 2425/2321/2426
f 2414/2310/2415 2425/2321/2426 2415/2311/2416
f 2415/2311/2416 2425/2321/2426 2426/2322/2427
f 2415/2311/2416 2426/2322/2427 2416/2312/2417
f 2416/2312/2417 2426/2322/2427 2427/2323/2428
f 2416/2312/2417 2427/2323/2428 2417/2313/2418
f 2417/2313/2418 2427/2323/2428 2428/2324/2429
f 2417/2313/2418 2428/2324/2429 2418/2314/2419
f 2418/2314/2419 2428/2324/2429 2429/2325/2430
f 2418/2314/2419 2429/2325/2430 2419/2315/2420
f 2419/2315/2420 2429/2325/2430 2430/2326/2431
f 2419/2315/2420 2430/2326/2431 2420/2316/2421
f 2229/2130/2230 2240/2141/2241 2431/2327/2432
f 2229/2130/2230 2431/2327/2432 2421/2317/2422
f 2421/2317/2422 2431/2327/2432 2432/2328/2433
f 2421/2317/2422 2432/2328/2433 2422/2318/2423
f 2422/2318/2423 2432/2328/2433 2433/2329/2434
f 2422/2318/2423 2433/2329/2434 2423/2319/2424
f 2423/2319/2424 2433/2329/2434 2434/2330/2435
f 2423/2319/2424 2434/2330/2435 2424/2320/2425
f 2424/2320/2425 2434/2330/2435 2435/2331/2436
f 2424/2320/2425 2435/2331/2436 2425/2321/2426
f 2425/2321/2426 2435/2331/2436 2436/2332/2437
f 2425/2321/2426 2436/2332/2437 2426/2322/2427
f 2426/2322/2427 2436/2332/2437 2437/2333/2438
f 2426/2322/2427 2437/2333/2438 2427/2323/2428
f 2427/2323/2428 2437/2333/2438 2438/2334/2439
f 2427/2323/2428 2438/2334/2439 2428/2324/2429
f 2428/2324/2429 2438/2334/2439 2439/2335/2440
f 2428/2324/2429 2439/2335/2440 2429/2325/2430
f 2429/2325/2430 2439/2335/2440 2440/2336/2441
f 2429/2325/2430 2440/2336/2441 2430/2326/2431
f 2240/2141/2241 2041/1942/2042 2241/2142/2242
f 2240/2141/2241 2241/2142/2242 2431/2327/2432
f 2431/2327/2432 2241/2142/2242 2243/2144/2244
f 2431/2327/2432 2243/2144/2244 2432/2328/2433
f 2432/2328/2433 2243/2144/2244 2245/2146/2246
f 2432/2328/2433 2245/2146/2246 2433/2329/2434
f 2433/2329/2434 2245/2146/2246 2247/2148/2248
f 2433/2329/2434 2247/2148/2248 2434/2330/2435
f 2434/2330/2435 2247/2148/2248 2249/2150/2250
f 2434/2330/2435 2249/2150/2250 2435/2331/2436
f 2435/2331/2436 2249/2150/2250 2251/2152/2252
f 2435/2331/2436 2251/2152/2252 2436/2332/2437
f 2436/2332/2437 2251/2152/2252 2253/2154/2254
f 2436/2332/2437 2253/2154/2254 2437/2333/2438
f 2437/2333/2438 2253/2154/2254 2255/2156/2256
f 2437/2333/2438 2255/2156/2256 2438/2334/2439
f 2438/2334/2439 2255/2156/2256 2257/2158/2258
f 2438/2334/2439 2257/2158/2258 2439/2335/2440
f 2439/2335/2440 2257/2158/2258 2259/2160/2260
f 2439/2335/2440 2259/2160/2260 2440/2336/2441
f 2441/2337/2442 2442/2338/2443 2443/2339/2444
f 2442/2338/2443 2441/2337/2442 2444/2340/2445
f 2442/2338/2443 2444/2340/2445 2445/2341/2446
f 2445/2341/2446 2444/2340/2445 2446/2342/2447
f 2445/2341/2446 2446/2342/2447 2447/2343/2448
f 2447/2343/2448 2446/2342/2447 2448/2344/2449
f 2446/2342/2447 2449/2345/2450 2448/2344/2449
f 2448/2344/2449 2449/2345/2450 2450/2346/2451
f 2448/2344/2449 2450/2346/2451 2451/2347/2452
f 2451/2347/2452 2450/2346/2451 2452/2348/2453
f 2451/2347/2452 2452/2348/2453 2453/2349/2454
f 2453/2349/2454 2452/2348/2453 2454/2350/2455
f 2452/2348/2453 2455/2351/2456 2454/2350/2455
f 2454/2350/2455 2455/2351/2456 2456/2352/2457
f 2455/2351/2456 2457/2353/2458 2456/2352/2457
f 2456/2352/2457 2457/2353/2458 2458/2354/2459
f 2457/2353/2458 2459/2355/2460 2458/2354/2459
f 2458/2354/2459 2459/2355/2460 2460/2356/2461
f 2459/2355/2460 2461/2357/2462 2460/2356/2461
f 2462/2358/2463 2441/2337/2442 2443/2339/2444
f 2441/2337/2442 2462/2358/2463 2463/2359/2464
f 2441/2337/2442 2463/2359/2464 2444/2340/2445
f 2444/2340/2445 2463/2359/2464 2446/2342/2447
f 2463/2359/2464 2464/2360/2465 2446/2342/2447
f 2446/2342/2447 2464/2360/2465 2465/2361/2466
f 2446/2342/2447 2465/2361/2466 2449/2345/2450
f 2449/2345/2450 2465/2361/2466 2450/2346/2451
f 2465/2361/2466 2466/2362/2467 2450/2346/2451
f 2450/2346/2451 2466/2362/2467 2452/2348/2453
f 2466/2362/2467 2467/2363/2468 2452/2348/2453
f 2452/2348/2453 2467/2363/2468 2468/2364/2469
f 2452/2348/2453 2468/2364/2469 2455/2351/2456
f 2455/2351/2456 2468/2364/2469 2457/2353/2458
f 2468/2364/2469 2469/2365/2470 2457/2353/2458
f 2457/2353/2458 2469/2365/2470 2459/2355/2460
f 2469/2365/2470 2470/2366/2471 2459/2355/2460
f 2459/2355/2460 2470/2366/2471 2461/2357/2462
f 2470/2366/2471 2471/2367/2472 2461/2357/2462
f 2472/2368/2473 2462/2358/2463 2443/2339/2444
f 2462/2358/2463 2472/2368/2473 2463/2359/2464
f 2472/2368/2473 2473/2369/2474 2463/2359/2464
f 2463/2359/2464 2473/2369/2474 2474/2370/2475
f 2463/2359/2464 2474/2370/2475 2464/2360/2465
f 2464/2360/2465 2474/2370/2475 2465/2361/2466
f 2474/2370/2475 2475/2371/2476 2465/2361/2466
f 2465/2361/2466 2475/2371/2476 2476/2372/2477
f 2465/2361/2466 2476/2372/2477 2466/2362/2467
f 2466/2362/2467 2476/2372/2477 2467/2363/2468
f 2476/2372/2477 2477/2373/2478 2467/2363/2468
f 2467/2363/2468 2477/2373/2478 2468/2364/2469
f 2477/2373/2478 2478/2374/2479 2468/2364/2469
f 2468/2364/2469 2478/2374/2479 2469/2365/2470
f 2478/2374/2479 2479/2375/2480 2469/2365/2470
f 2469/2365/2470 2479/2375/2480 2470/2366/2471
f 2479/2375/2480 2480/2376/2481 2470/2366/2471
f 2470/2366/2471 2480/2376/2481 2471/2367/2472
f 2480/2376/2481 2481/2377/2482 2471/2367/2472
f 2482/2378/2483 2472/2368/2473 2443/2339/2444
f 2472/2368/2473 2482/2378/2483 2483/2379/2484
f 2472/2368/2473 2483/2379/2484 2473/2369/2474
f 2473/2369/2474 2483/2379/2484 2474/2370/2475
f 2483/2379/2484 2484/2380/2485 2474/2370/2475
f 2474/2370/2475 2484/2380/2485 2485/2381/2486
f 2474/2370/2475 2485/2381/2486 2475/2371/2476
f 2475/2371/2476 2485/2381/2486 2476/2372/2477
f 2485/2381/2486 2486/2382/2487 2476/2372/2477
f 2476/2372/2477 2486/2382/2487 2477/2373/2478
f 2486/2382/2487 2487/2383/2488 2477/2373/2478
f 2477/2373/2478 2487/2383/2488 2488/2384/2489
f 2477/2373/2478 2488/2384/2489 2478/2374/2479
f 2478/2374/2479 2488/2384/2489 2479/2375/2480
f 2488/2384/2489 2489/2385/2490 2479/2375/2480
f 2479/2375/2480 2489/2385/2490 2480/2376/2481
f 2489/2385/2490 2490/2386/2491 2480/2376/2481
f 2480/2376/2481 2490/2386/2491 2481/2377/2482
f 2490/2386/2491 2491/2387/2492 2481/2377/2482
f 2492/2388/2493 2482/2378/2483 2443/2339/2444
f 2482/2378/2483 2492/2388/2493 2493/2389/2494
f 2482/2378/2483 2493/2389/2494 2483/2379/2484
f 2483/2379/2484 2493/2389/2494 2494/2390/2495
f 2483/2379/2484 2494/2390/2495 2484/2380/2485
f 2484/2380/2485 2494/2390/2495 2485/2381/2486
f 2494/2390/2495 2495/2391/2496 2485/2381/2486
f 2485/2381/2486 2495/2391/2496 2496/2392/2497
f 2485/2381/2486 2496/2392/2497 2486/2382/2487
f 2486/2382/2487 2496/2392/2497 2497/2393/2498
f 2486/2382/2487 2497/2393/2498 2487/2383/2488
f 2487/2383/2488 2497/2393/2498 2488/2384/2489
f 2497/2393/2498 2498/2394/2499 2488/2384/2489
f 2488/2384/2489 2498/2394/2499 2489/2385/2490
f 2498/2394/2499 2499/2395/2500 2489/2385/2490
f 2489/2385/2490 2499/2395/2500 2500/2396/2501
f 2489/2385/2490 2500/2396/2501 2490/2386/2491
f 2490/2386/2491 2500/2396/2501 2491/2387/2492
f 2500/2396/2501 2501/2397/2502 2491/2387/2492
f 2502/2398/2503 2492/2388/2493 2443/2339/2444
f 2492/2388/2493 2502/2398/2503 2493/2389/2494
f 2502/2398/2503 2503/2399/2504 2493/2389/2494
f 2493/2389/2494 2503/2399/2504 2494/2390/2495
f 2503/2399/2504 2504/2400/2505 2494/2390/2495
f 2494/2390/2495 2504/2400/2505 2505/2401/2506
f 2494/2390/2495 2505/2401/2506 2495/2391/2496
f 2495/2391/2496 2505/2401/2506 2496/2392/2497
f 2505/2401/2506 2506/2402/2507 2496/2392/2497
f 2496/2392/2497 2506/2402/2507 2497/2393/2498
f 2506/2402/2507 2507/2403/2508 2497/2393/2498
f 2497/2393/2498 2507/2403/2508 2508/2404/2509
f 2497/2393/2498 2508/2404/2509 2498/2394/2499
f 2498/2394/2499 2508/2404/2509 2509/2405/2510
f 2498/2394/2499 2509/2405/2510 2499/2395/2500
f 2499/2395/2500 2509/2405/2510 2500/2396/2501
f 2509/2405/2510 2510/2406/2511 2500/2396/2501
f 2500/2396/2501 2510/2406/2511 2511/2407/2512
f 2500/2396/2501 2511/2407/2512 2501/2397/2502
f 2512/2408/2513 2502/2398/2503 2443/2339/2444
f 2502/2398/2503 2512/2408/2513 2503/2399/2504
f 2512/2408/2513 2513/2409/2514 2503/2399/2504
f 2503/2399/2504 2513/2409/2514 2514/2410/2515
f 2503/2399/2504 2514/2410/2515 2504/2400/2505
f 2504/2400/2505 2514/2410/2515 2505/2401/2506
f 2514/2410/2515 2515/2411/2516 2505/2401/2506
f 2505/2401/2506 2515/2411/2516 2516/2412/2517
f 2505/2401/2506 2516/2412/2517 2506/2402/2507
f 2506/2402/2507 2516/2412/2517 2517/2413/2518
f 2506/2402/2507 2517/2413/2518 2507/2403/2508
f 2507/2403/2508 2517/2413/2518 2518/2414/2519
f 2507/2403/2508 2518/2414/2519 2508/2404/2509
f 2508/2404/2509 2518/2414/2519 2509/2405/2510
f 2518/2414/2519 2519/2415/2520 2509/2405/2510
f 2509/2405/2510 2519/2415/2520 2520/2416/2521
f 2509/2405/2510 2520/2416/2521 2510/2406/2511
f 2510/2406/2511 2520/2416/2521 2521/2417/2522
f 2510/2406/2511 2521/2417/2522 2511/2407/2512
f 2522/2418/2523 2512/2408/2513 2443/2339/2444
f 2512/2408/2513 2522/2418/2523 2523/2419/2524
f 2512/2408/2513 2523/2419/2524 2513/2409/2514
f 2513/2409/2514 2523/2419/2524 2514/2410/2515
f 2523/2419/2524 2524/2420/2525 2514/2410/2515
f 2514/2410/2515 2524/2420/2525 2525/2421/2526
f 2514/2410/2515 2525/2421/2526 2515/2411/2516
f 2515/2411/2516 2525/2421/2526 2516/2412/2517
f 2525/2421/2526 2526/2422/2527 2516/2412/2517
f 2516/2412/2517 2526/2422/2527 2527/2423/2528
f 2516/2412/2517 2527/2423/2528 2517/2413/2518
f 2517/2413/2518 2527/2423/2528 2528/2424/2529
f 2517/2413/2518 2528/2424/2529 2518/2414/2519
f 2518/2414/2519 2528/2424/2529 2529/2425/2530
f 2518/2414/2519 2529/2425/2530 2519/2415/2520
f 2519/2415/2520 2529/2425/2530 2530/2426/2531
f 2519/2415/2520 2530/2426/2531 2520/2416/2521
f 2520/2416/2521 2530/2426/2531 2531/2427/2532
f 2520/2416/2521 2531/2427/2532 2521/2417/2522
f 2532/2428/2533 2522/2418/2523 2443/2339/2444
f 2522/2418/2523 2532/2428/2533 2523/2419/2524
f 2532/2428/2533 2533/2429/2534 2523/2419/2524
f 2523/2419/2524 2533/2429/2534 2534/2430/2535
f 2523/2419/2524 2534/2430/2535 2524/2420/2525
f 2524/2420/2525 2534/2430/2535 2535/2431/2536
f 2524/2420/2525 2535/2431/2536 2525/2421/2526
f 2525/2421/2526 2535/2431/2536 2536/2432/2537
f 2525/2421/2526 2536/2432/2537 2526/2422/2527
f 2526/2422/2527 2536/2432/2537 2537/2433/2538
f 2526/2422/2527 2537/2433/2538 2527/2423/2528
f 2527/2423/2528 2537/2433/2538 2528/2424/2529
f 2537/2433/2538 2538/2434/2539 2528/2424/2529
f 2528/2424/2529 2538/2434/2539 2539/2435/2540
f 2528/2424/2529 2539/2435/2540 2529/2425/2530
f 2529/2425/2530 2539/2435/2540 2540/2436/2541
f 2529/2425/2530 2540/2436/2541 2530/2426/2531
f 2530/2426/2531 2540/2436/2541 2541/2437/2542
f 2530/2426/2531 2541/2437/2542 2531/2427/2532
f 2542/2438/2543 2532/2428/2533 2443/2339/2444
f 2532/2428/2533 2542/2438/2543 2533/2429/2534
f 2542/2438/2543 2543/2439/2544 2533/2429/2534
f 2533/2429/2534 2543/2439/2544 2534/2430/2535
f 2543/2439/2544 2544/2440/2545 2534/2430/2535
f 2534/2430/2535 2544/2440/2545 2545/2441/2546
f 2534/2430/2535 2545/2441/2546 2535/2431/2536
f 2535/2431/2536 2545/2441/2546 2536/2432/2537
f 2545/2441/2546 2546/2442/2547 2536/2432/2537
f 2536/2432/2537 2546/2442/2547 2537/2433/2538
f 2546/2442/2547 2547/2443/2548 2537/2433/2538
f 2537/2433/2538 2547/2443/2548 2548/2444/2549
f 2537/2433/2538 2548/2444/2549 2538/2434/2539
f 2538/2434/2539 2548/2444/2549 2549/2445/2550
f 2538/2434/2539 2549/2445/2550 2539/2435/2540
f 2539/2435/2540 2549/2445/2550 2540/2436/2541
f 2549/2445/2550 2550/2446/2551 2540/2436/2541
f 2540/2436/2541 2550/2446/2551 2541/2437/2542
f 2550/2446/2551 2551/2447/2552 2541/2437/2542
f 2552/2448/2553 2542/2438/2543 2443/2339/2444
f 2542/2438/2543 2552/2448/2553 2553/2449/2554
f 2542/2438/2543 2553/2449/2554 2543/2439/2544
f 2543/2439/2544 2553/2449/2554 2554/2450/2555
f 2543/2439/2544 2554/2450/2555 2544/2440/2545
f 2544/2440/2545 2554/2450/2555 2545/2441/2546
f 2554/2450/2555 2555/2451/2556 2545/2441/2546
f 2545/2441/2546 2555/2451/2556 2556/2452/2557
f 2545/2441/2546 2556/2452/2557 2546/2442/2547
f 2546/2442/2547 2556/2452/2557 2557/2453/2558
f 2546/2442/2547 2557/2453/2558 2547/2443/2548
f 2547/2443/2548 2557/2453/2558 2548/2444/2549
f 2557/2453/2558 2558/2454/2559 2548/2444/2549
f 2548/2444/2549 2558/2454/2559 2549/2445/2550
f 2558/2454/2559 2559/2455/2560 2549/2445/2550
f 2549/2445/2550 2559/2455/2560 2560/2456/2561
f 2549/2445/2550 2560/2456/2561 2550/2446/2551
f 2550/2446/2551 2560/2456/2561 2561/2457/2562
f 2550/2446/2551 2561/2457/2562 2551/2447/2552
f 2562/2458/2563 2552/2448/2553 2443/2339/2444
f 2552/2448/2553 2562/2458/2563 2563/2459/2564
f 2552/2448/2553 2563/2459/2564 2553/2449/2554
f 2553/2449/2554 2563/2459/2564 2554/2450/2555
f 2563/2459/2564 2564/2460/2565 2554/2450/2555
f 2554/2450/2555 2564/2460/2565 2565/2461/2566
f 2554/2450/2555 2565/2461/2566 2555/2451/2556
f 2555/2451/2556 2565/2461/2566 2556/2452/2557
f 2565/2461/2566 2566/2462/2567 2556/2452/2557
f 2556/2452/2557 2566/2462/2567 2557/2453/2558
f 2566/2462/2567 2567/2463/2568 2557/2453/2558
f 2557/2453/2558 2567/2463/2568 2568/2464/2569
f 2557/2453/2558 2568/2464/2569 2558/2454/2559
f 2558/2454/2559 2568/2464/2569 2559/2455/2560
f 2568/2464/2569 2569/2465/2570 2559/2455/2560
f 2559/2455/2560 2569/2465/2570 2560/2456/2561
f 2569/2465/2570 2570/2466/2571 2560/2456/2561
f 2560/2456/2561 2570/2466/2571 2561/2457/2562
f 2570/2466/2571 2571/2467/2572 2561/2457/2562
f 2572/2468/2573 2562/2458/2563 2443/2339/2444
f 2562/2458/2563 2572/2468/2573 2563/2459/2564
f 2572/2468/2573 2573/2469/2574 2563/2459/2564
f 2563/2459/2564 2573/2469/2574 2574/2470/2575
f 2563/2459/2564 2574/2470/2575 2564/2460/2565
f 2564/2460/2565 2574/2470/2575 2565/2461/2566
f 2574/2470/2575 2575/2471/2576 2565/2461/2566
f 2565/2461/2566 2575/2471/2576 2576/2472/2577
f 2565/2461/2566 2576/2472/2577 2566/2462/2567
f 2566/2462/2567 2576/2472/2577 2567/2463/2568
f 2576/2472/2577 2577/2473/2578 2567/2463/2568
f 2567/2463/2568 2577/2473/2578 2568/2464/2569
f 2577/2473/2578 2578/2474/2579 2568/2464/2569
f 2568/2464/2569 2578/2474/2579 2569/2465/2570
f 2578/2474/2579 2579/2475/2580 2569/2465/2570
f 2569/2465/2570 2579/2475/2580 2570/2466/2571
f 2579/2475/2580 2580/2476/2581 2570/2466/2571
f 2570/2466/2571 2580/2476/2581 2571/2467/2572
f 2580/2476/2581 2581/2477/2582 2571/2467/2572
f 2582/2478/2583 2572/2468/2573 2443/2339/2444
f 2572/2468/2573 2582/2478/2583 2583/2479/2584
f 2572/2468/2573 2583/2479/2584 2573/2469/2574
f 2573/2469/2574 2583/2479/2584 2574/2470/2575
f 2583/2479/2584 2584/2480/2585 2574/2470/2575
f 2574/2470/2575 2584/2480/2585 2585/2481/2586
f 2574/2470/2575 2585/2481/2586 2575/2471/2576
f 2575/2471/2576 2585/2481/2586 2576/2472/2577
f 2585/2481/2586 2586/2482/2587 2576/2472/2577
f 2576/2472/2577 2586/2482/2587 2577/2473/2578
f 2586/2482/2587 2587/2483/2588 2577/2473/2578
f 2577/2473/2578 2587/2483/2588 2588/2484/2589
f 2577/2473/2578 2588/2484/2589 2578/2474/2579
f 2578/2474/2579 2588/2484/2589 2579/2475/2580
f 2588/2484/2589 2589/2485/2590 2579/2475/2580
f 2579/2475/2580 2589/2485/2590 2580/2476/2581
f 2589/2485/2590 2590/2486/2591 2580/2476/2581
f 2580/2476/2581 2590/2486/2591 2581/2477/2582
f 2590/2486/2591 2591/2487/2592 2581/2477/2582
f 2592/2488/2593 2582/2478/2583 2443/2339/2444
f 2582/2478/2583 2592/2488/2593 2593/2489/2594
f 2582/2478/2583 2593/2489/2594 2583/2479/2584
f 2583/2479/2584 2593/2489/2594 2594/2490/2595
f 2583/2479/2584 2594/2490/2595 2584/2480/2585
f 2584/2480/2585 2594/2490/2595 2585/2481/2586
f 2594/2490/2595 2595/2491/2596 2585/2481/2586
f 2585/2481/2586 2595/2491/2596 2596/2492/2597
f 2585/2481/2586 2596/2492/2597 2586/2482/2587
f 2586/2482/2587 2596/2492/2597 2597/2493/2598
f 2586/2482/2587 2597/2493/2598 2587/2483/2588
f 2587/2483/2588 2597/2493/2598 2588/2484/2589
f 2597/2493/2598 2598/2494/2599 2588/2484/2589
f 2588/2484/2589 2598/2494/2599 2589/2485/2590
f 2598/2494/2599 2599/2495/2600 2589/2485/2590
f 2589/2485/2590 2599/2495/2600 2600/2496/2601
f 2589/2485/2590 2600/2496/2601 2590/2486/2591
f 2590/2486/2591 2600/2496/2601 2591/2487/2592
f 2600/2496/2601 2601/2497/2602 2591/2487/2592
f 2602/2498/2603 2592/2488/2593 2443/2339/2444
f 2592/2488/2593 2602/2498/2603 2593/2489/2594
f 2602/2498/2603 2603/2499/2604 2593/2489/2594
f 2593/2489/2594 2603/2499/2604 2594/2490/2595
f 2603/2499/2604 2604/2500/2605 2594/2490/2595
f 2594/2490/2595 2604/2500/2605 2605/2501/2606
f 2594/2490/2595 2605/2501/2606 2595/2491/2596
f 2595/2491/2596 2605/2501/2606 2596/2492/2597
f 2605/2501/2606 2606/2502/2607 2596/2492/2597
f 2596/2492/2597 2606/2502/2607 2597/2493/2598
f 2606/2502/2607 2607/2503/2608 2597/2493/2598
f 2597/2493/2598 2607/2503/2608 2608/2504/2609
f 2597/2493/2598 2608/2504/2609 2598/2494/2599
f 2598/2494/2599 2608/2504/2609 2609/2505/2610
f 2598/2494/2599 2609/2505/2610 2599/2495/2600
f 2599/2495/2600 2609/2505/2610 2600/2496/2601
f 2609/2505/2610 2610/2506/2611 2600/2496/2601
f 2600/2496/2601 2610/2506/2611 2611/2507/2612
f 2600/2496/2601 2611/2507/2612 2601/2497/2602
f 2612/2508/2613 2602/2498/2603 2443/2339/2444
f 2602/2498/2603 2612/2508/2613 2603/2499/2604
f 2612/2508/2613 2613/2509/2614 2603/2499/2604
f 2603/2499/2604 2613/2509/2614 2614/2510/2615
f 2603/2499/2604 2614/2510/2615 2604/2500/2605
f 2604/2500/2605 2614/2510/2615 2605/2501/2606
f 2614/2510/2615 2615/2511/2616 2605/2501/2606
f 2605/2501/2606 2615/2511/2616 2616/2512/2617
f 2605/2501/2606 2616/2512/2617 2606/2502/2607
f 2606/2502/2607 2616/2512/2617 2617/2513/2618
f 2606/2502/2607 2617/2513/2618 2607/2503/2608
f 2607/2503/2608 2617/2513/2618 2618/2514/2619
f 2607/2503/2608 2618/2514/2619 2608/2504/2609
f 2608/2504/2609 2618/2514/2619 2609/2505/2610
f 2618/2514/2619 2619/2515/2620 2609/2505/2610
f 2609/2505/2610 2619/2515/2620 2620/2516/2621
f 2609/2505/2610 2620/2516/2621 2610/2506/2611
f 2610/2506/2611 2620/2516/2621 2621/2517/2622
f 2610/2506/2611 2621/2517/2622 2611/2507/2612
f 2622/2518/2623 2612/2508/2613 2443/2339/2444
f 2612/2508/2613 2622/2518/2623 2623/2519/2624
f 2612/2508/2613 2623/2519/2624 2613/2509/2614
f 2613/2509/2614 2623/2519/2624 2614/2510/2615
f 2623/2519/2624 2624/2520/2625 2614/2510/2615
f 2614/2510/2615 2624/2520/2625 2625/2521/2626
f 2614/2510/2615 2625/2521/2626 2615/2511/2616
f 2615/2511/2616 2625/2521/2626 2616/2512/2617
f 2625/2521/2626 2626/2522/2627 2616/2512/2617
f 2616/2512/2617 2626/2522/2627 2627/2523/2628
f 2616/2512/2617 2627/2523/2628 2617/2513/2618
f 2617/2513/2618 2627/2523/2628 2628/2524/2629
f 2617/2513/2618 2628/2524/2629 2618/2514/2619
f 2618/2514/2619 2628/2524/2629 2629/2525/2630
f 2618/2514/2619 2629/2525/2630 2619/2515/2620
f 2619/2515/2620 2629/2525/2630 2630/2526/2631
f 2619/2515/2620 2630/2526/2631 2620/2516/2621
f 2620/2516/2621 2630/2526/2631 2631/2527/2632
f 2620/2516/2621 2631/2527/2632 2621/2517/2622
f 2632/2528/2633 2622/2518/2623 2443/2339/2444
f 2622/2518/2623 2632/2528/2633 2623/2519/2624
f 2632/2528/2633 2633/2529/2634 2623/2519/2624
f 2623/2519/2624 2633/2529/2634 2634/2530/2635
f 2623/2519/2624 2634/2530/2635 2624/2520/2625
f 2624/2520/2625 2634/2530/2635 2635/2531/2636
f 2624/2520/2625 2635/2531/2636 2625/2521/2626
f 2625/2521/2626 2635/2531/2636 2636/2532/2637
f 2625/2521/2626 2636/2532/2637 2626/2522/2627
f 2626/2522/2627 2636/2532/2637 2637/2533/2638
f 2626/2522/2627 2637/2533/2638 2627/2523/2628
f 2627/2523/2628 2637/2533/2638 2628/2524/2629
f 2637/2533/2638 2638/2534/2639 2628/2524/2629
f 2628/2524/2629 2638/2534/2639 2639/2535/2640
f 2628/2524/2629 2639/2535/2640 2629/2525/2630
f 2629/2525/2630 2639/2535/2640 2640/2536/2641
f 2629/2525/2630 2640/2536/2641 2630/2526/2631
f 2630/2526/2631 2640/2536/2641 2641/2537/2642
f 2630/2526/2631 2641/2537/2642 2631/2527/2632
f 2642/2538/2643 2632/2528/2633 2443/2339/2444
f 2632/2528/2633 2642/2538/2643 2633/2529/2634
f 2642/2538/2643 2643/2539/2644 2633/2529/2634
f 2633/2529/2634 2643/2539/2644 2634/2530/2635
f 2643/2539/2644 2644/2540/2645 2634/2530/2635
f 2634/2530/2635 2644/2540/2645 2645/2541/2646
f 2634/2530/2635 2645/2541/2646 2635/2531/2636
f 2635/2531/2636 2645/2541/2646 2636/2532/2637
f 2645/2541/2646 2646/2542/2647 2636/2532/2637
f 2636/2532/2637 2646/2542/2647 2637/2533/2638
f 2646/2542/2647 2647/2543/2648 2637/2533/2638
f 2637/2533/2638 2647/2543/2648 2648/2544/2649
f 2637/2533/2638 2648/2544/2649 2638/2534/2639
f 2638/2534/2639 2648/2544/2649 2649/2545/2650
f 2638/2534/2639 2649/2545/2650 2639/2535/2640
f 2639/2535/2640 2649/2545/2650 2640/2536/2641
f 2649/2545/2650 2650/2546/2651 2640/2536/2641
f 2640/2536/2641 2650/2546/2651 2641/2537/2642
f 2650/2546/2651 2651/2547/2652 2641/2537/2642
f 2652/2548/2653 2642/2538/2643 2443/2339/2444
f 2642/2538/2643 2652/2548/2653 2653/2549/2654
f 2642/2538/2643 2653/2549/2654 2643/2539/2644
f 2643/2539/2644 2653/2549/2654 2654/2550/2655
f 2643/2539/2644 2654/2550/2655 2644/2540/2645
f 2644/2540/2645 2654/2550/2655 2645/2541/2646
f 2654/2550/2655 2655/2551/2656 2645/2541/2646
f 2645/2541/2646 2655/2551/2656 2656/2552/2657
f 2645/2541/2646 2656/2552/2657 2646/2542/2647
f 2646/2542/2647 2656/2552/2657 2657/2553/2658
f 2646/2542/2647 2657/2553/2658 2647/2543/2648
f 2647/2543/2648 2657/2553/2658 2648/2544/2649
f 2657/2553/2658 2658/2554/2659 2648/2544/2649
f 2648/2544/2649 2658/2554/2659 2649/2545/2650
f 2658/2554/2659 2659/2555/2660 2649/2545/2650
f 2649/2545/2650 2659/2555/2660 2660/2556/2661
f 2649/2545/2650 2660/2556/2661 2650/2546/2651
f 2650/2546/2651 2660/2556/2661 2661/2557/2662
f 2650/2546/2651 2661/2557/2662 2651/2547/2652
f 2662/2558/2663 2652/2548/2653 2443/2339/2444
f 2652/2548/2653 2662/2558/2663 2663/2559/2664
f 2652/2548/2653 2663/2559/2664 2653/2549/2654
f 2653/2549/2654 2663/2559/2664 2654/2550/2655
f 2663/2559/2664 2664/2560/2665 2654/2550/2655
f 2654/2550/2655 2664/2560/2665 2665/2561/2666
f 2654/2550/2655 2665/2561/2666 2655/2551/2656
f 2655/2551/2656 2665/2561/2666 2656/2552/2657
f 2665/2561/2666 2666/2562/2667 2656/2552/2657
f 2656/2552/2657 2666/2562/2667 2657/2553/2658
f 2666/2562/2667 2667/2563/2668 2657/2553/2658
f 2657/2553/2658 2667/2563/2668 2668/2564/2669
f 2657/2553/2658 2668/2564/2669 2658/2554/2659
f 2658/2554/2659 2668/2564/2669 2659/2555/2660
f 2668/2564/2669 2669/2565/2670 2659/2555/2660
f 2659/2555/2660 2669/2565/2670 2660/2556/2661
f 2669/2565/2670 2670/2566/2671 2660/2556/2661
f 2660/2556/2661 2670/2566/2671 2661/2557/2662
f 2670/2566/2671 2671/2567/2672 2661/2557/2662
f 2672/2568/2673 2662/2558/2663 2443/2339/2444
f 2662/2558/2663 2672/2568/2673 2663/2559/2664
f 2672/2568/2673 2673/2569/2674 2663/2559/2664
f 2663/2559/2664 2673/2569/2674 2674/2570/2675
f 2663/2559/2664 2674/2570/2675 2664/2560/2665
f 2664/2560/2665 2674/2570/2675 2665/2561/2666
f 2674/2570/2675 2675/2571/2676 2665/2561/2666
f 2665/2561/2666 2675/2571/2676 2676/2572/2677
f 2665/2561/2666 2676/2572/2677 2666/2562/2667
f 2666/2562/2667 2676/2572/2677 2667/2563/2668
f 2676/2572/2677 2677/2573/2678 2667/2563/2668
f 2667/2563/2668 2677/2573/2678 2668/2564/2669
f 2677/2573/2678 2678/2574/2679 2668/2564/2669
f 2668/2564/2669 2678/2574/2679 2669/2565/2670
f 2678/2574/2679 2679/2575/2680 2669/2565/2670
f 2669/2565/2670 2679/2575/2680 2670/2566/2671
f 2679/2575/2680 2680/2576/2681 2670/2566/2671
f 2670/2566/2671 2680/2576/2681 2671/2567/2672
f 2680/2576/2681 2681/2577/2682 2671/2567/2672
f 2682/2578/2683 2672/2568/2673 2443/2339/2444
f 2672/2568/2673 2682/2578/2683 2683/2579/2684
f 2672/2568/2673 2683/2579/2684 2673/2569/2674
f 2673/2569/2674 2683/2579/2684 2674/2570/2675
f 2683/2579/2684 2684/2580/2685 2674/2570/2675
f 2674/2570/2675 2684/2580/2685 2685/2581/2686
f 2674/2570/2675 2685/2581/2686 2675/2571/2676
f 2675/2571/2676 2685/2581/2686 2676/2572/2677
f 2685/2581/2686 2686/2582/2687 2676/2572/2677
f 2676/2572/2677 2686/2582/2687 2677/2573/2678
f 2686/2582/2687 2687/2583/2688 2677/2573/2678
f 2677/2573/2678 2687/2583/2688 2688/2584/2689
f 2677/2573/2678 2688/2584/2689 2678/2574/2679
f 2678/2574/2679 2688/2584/2689 2679/2575/2680
f 2688/2584/2689 2689/2585/2690 2679/2575/2680
f 2679/2575/2680 2689/2585/2690 2680/2576/2681
f 2689/2585/2690 2690/2586/2691 2680/2576/2681
f 2680/2576/2681 2690/2586/2691 2681/2577/2682
f 2690/2586/2691 2691/2587/2692 2681/2577/2682
f 2692/2588/2693 2682/2578/2683 2443/2339/2444
f 2682/2578/2683 2692/2588/2693 2693/2589/2694
f 2682/2578/2683 2693/2589/2694 2683/2579/2684
f 2683/2579/2684 2693/2589/2694 2694/2590/2695
f 2683/2579/2684 2694/2590/2695 2684/2580/2685
f 2684/2580/2685 2694/2590/2695 2685/2581/2686
f 2694/2590/2695 2695/2591/2696 2685/2581/2686
f 2685/2581/2686 2695/2591/2696 2696/2592/2697
f 2685/2581/2686 2696/2592/2697 2686/2582/2687
f 2686/2582/2687 2696/2592/2697 2697/2593/2698
f 2686/2582/2687 2697/2593/2698 2687/2583/2688
f 2687/2583/2688 2697/2593/2698 2688/2584/2689
f 2697/2593/2698 2698/2594/2699 2688/2584/2689
f 2688/2584/2689 2698/2594/2699 2689/2585/2690
f 2698/2594/2699 2699/2595/2700 2689/2585/2690
f 2689/2585/2690 2699/2595/2700 2700/2596/2701
f 2689/2585/2690 2700/2596/2701 2690/2586/2691
f 2690/2586/2691 2700/2596/2701 2691/2587/2692
f 2700/2596/2701 2701/2597/2702 2691/2587/2692
f 2702/2598/2703 2692/2588/2693 2443/2339/2444
f 2692/2588/2693 2702/2598/2703 2693/2589/2694
f 2702/2598/2703 2703/2599/2704 2693/2589/2694
f 2693/2589/2694 2703/2599/2704 2694/2590/2695
f 2703/2599/2704 2704/2600/2705 2694/2590/2695
f 2694/2590/2695 2704/2600/2705 2705/2601/2706
f 2694/2590/2695 2705/2601/2706 2695/2591/2696
f 2695/2591/2696 2705/2601/2706 2696/2592/2697
f 2705/2601/2706 2706/2602/2707 2696/2592/2697
f 2696/2592/2697 2706/2602/2707 2697/2593/2698
f 2706/2602/2707 2707/2603/2708 2697/2593/2698
f 2697/2593/2698 2707/2603/2708 2708/2604/2709
f 2697/2593/2698 2708/2604/2709 2698/2594/2699
f 2698/2594/2699 2708/2604/2709 2709/2605/2710
f 2698/2594/2699 2709/2605/2710 2699/2595/2700
f 2699/2595/2700 2709/2605/2710 2700/2596/2701
f 2709/2605/2710 2710/2606/2711 2700/2596/2701
f 2700/2596/2701 2710/2606/2711 2711/2607/2712
f 2700/2596/2701 2711/2607/2712 2701/2597/2702
f 2712/2608/2713 2702/2598/2703 2443/2339/2444
f 2702/2598/2703 2712/2608/2713 2703/2599/2704
f 2712/2608/2713 2713/2609/2714 2703/2599/2704
f 2703/2599/2704 2713/2609/2714 2714/2610/2715
f 2703/2599/2704 2714/2610/2715 2704/2600/2705
f 2704/2600/2705 2714/2610/2715 2705/2601/2706
f 2714/2610/2715 2715/2611/2716 2705/2601/2706
f 2705/2601/2706 2715/2611/2716 2716/2612/2717
f 2705/2601/2706 2716/2612/2717 2706/2602/2707
f 2706/2602/2707 2716/2612/2717 2717/2613/2718
f 2706/2602/2707 2717/2613/2718 2707/2603/2708
f 2707/2603/2708 2717/2613/2718 2718/2614/2719
f 2707/2603/2708 2718/2614/2719 2708/2604/2709
f 2708/2604/2709 2718/2614/2719 2709/2605/2710
f 2718/2614/2719 2719/2615/2720 2709/2605/2710
f 2709/2605/2710 2719/2615/2720 2720/2616/2721
f 2709/2605/2710 2720/2616/2721 2710/2606/2711
f 2710/2606/2711 2720/2616/2721 2721/2617/2722
f 2710/2606/2711 2721/2617/2722 2711/2607/2712
f 2722/2618/2723 2712/2608/2713 2443/2339/2444
f 2712/2608/2713 2722/2618/2723 2723/2619/2724
f 2712/2608/2713 2723/2619/2724 2713/2609/2714
f 2713/2609/2714 2723/2619/2724 2714/2610/2715
f 2723/2619/2724 2724/2620/2725 2714/2610/2715
f 2714/2610/2715 2724/2620/2725 2725/2621/2726
f 2714/2610/2715 2725/2621/2726 2715/2611/2716
f 2715/2611/2716 2725/2621/2726 2716/2612/2717
f 2725/2621/2726 2726/2622/2727 2716/2612/2717
f 2716/2612/2717 2726/2622/2727 2727/2623/2728
f 2716/2612/2717 2727/2623/2728 2717/2613/2718
f 2717/2613/2718 2727/2623/2728 2728/2624/2729
f 2717/2613/2718 2728/2624/2729 2718/2614/2719
f 2718/2614/2719 2728/2624/2729 2729/2625/2730
f 2718/2614/2719 2729/2625/2730 2719/2615/2720
f 2719/2615/2720 2729/2625/2730 2730/2626/2731
f 2719/2615/2720 2730/2626/2731 2720/2616/2721
f 2720/2616/2721 2730/2626/2731 2731/2627/2732
f 2720/2616/2721 2731/2627/2732 2721/2617/2722
f 2732/2628/2733 2722/2618/2723 2443/2339/2444
f 2722/2618/2723 2732/2628/2733 2723/2619/2724
f 2732/2628/2733 2733/2629/2734 2723/2619/2724
f 2723/2619/2724 2733/2629/2734 2734/2630/2735
f 2723/2619/2724 2734/2630/2735 2724/2620/2725
f 2724/2620/2725 2734/2630/2735 2735/2631/2736
f 2724/2620/2725 2735/2631/2736 2725/2621/2726
f 2725/2621/2726 2735/2631/2736 2736/2632/2737
f 2725/2621/2726 2736/2632/2737 2726/2622/2727
f 2726/2622/2727 2736/2632/2737 2737/2633/2738
f 2726/2622/2727 2737/2633/2738 2727/2623/2728
f 2727/2623/2728 2737/2633/2738 2728/2624/2729
f 2737/2633/2738 2738/2634/2739 2728/2624/2729
f 2728/2624/2729 2738/2634/2739 2739/2635/2740
f 2728/2624/2729 2739/2635/2740 2729/2625/2730
f 2729/2625/2730 2739/2635/2740 2740/2636/2741
f 2729/2625/2730 2740/2636/2741 2730/2626/2731
f 2730/2626/2731 2740/2636/2741 2741/2637/2742
f 2730/2626/2731 2741/2637/2742 2731/2627/2732
f 2742/2638/2743 2732/2628/2733 2443/2339/2444
f 2732/2628/2733 2742/2638/2743 2733/2629/2734
f 2742/2638/2743 2743/2639/2744 2733/2629/2734
f 2733/2629/2734 2743/2639/2744 2734/2630/2735
f 2743/2639/2744 2744/2640/2745 2734/2630/2735
f 2734/2630/2735 2744/2640/2745 2745/2641/2746
f 2734/2630/2735 2745/2641/2746 2735/2631/2736
f 2735/2631/2736 2745/2641/2746 2736/2632/2737
f 2745/2641/2746 2746/2642/2747 2736/2632/2737
f 2736/2632/2737 2746/2642/2747 2737/2633/2738
f 2746/2642/2747 2747/2643/2748 2737/2633/2738
f 2737/2633/2738 2747/2643/2748 2748/2644/2749
f 2737/2633/2738 2748/2644/2749 2738/2634/2739
f 2738/2634/2739 2748/2644/2749 2749/2645/2750
f 2738/2634/2739 2749/2645/2750 2739/2635/2740
f 2739/2635/2740 2749/2645/2750 2740/2636/2741
f 2749/2645/2750 2750/2646/2751 2740/2636/2741
f 2740/2636/2741 2750/2646/2751 2741/2637/2742
f 2750/2646/2751 2751/2647/2752 2741/2637/2742
f 2752/2648/2753 2742/2638/2743 2443/2339/2444
f 2742/2638/2743 2752/2648/2753 2753/2649/2754
f 2742/2638/2743 2753/2649/2754 2743/2639/2744
f 2743/2639/2744 2753/2649/2754 2754/2650/2755
f 2743/2639/2744 2754/2650/2755 2744/2640/2745
f 2744/2640/2745 2754/2650/2755 2745/2641/2746
f 2754/2650/2755 2755/2651/2756 2745/2641/2746
f 2745/2641/2746 2755/2651/2756 2756/2652/2757
f 2745/2641/2746 2756/2652/2757 2746/2642/2747
f 2746/2642/2747 2756/2652/2757 2757/2653/2758
f 2746/2642/2747 2757/2653/2758 2747/2643/2748
f 2747/2643/2748 2757/2653/2758 2748/2644/2749
f 2757/2653/2758 2758/2654/2759 2748/2644/2749
f 2748/2644/2749 2758/2654/2759 2749/2645/2750
f 2758/2654/2759 2759/2655/2760 2749/2645/2750
f 2749/2645/2750 2759/2655/2760 2760/2656/2761
f 2749/2645/2750 2760/2656/2761 2750/2646/2751
f 2750/2646/2751 2760/2656/2761 2761/2657/2762
f 2750/2646/2751 2761/2657/2762 2751/2647/2752
f 2762/2658/2763 2752/2648/2753 2443/2339/2444
f 2752/2648/2753 2762/2658/2763 2763/2659/2764
f 2752/2648/2753 2763/2659/2764 2753/2649/2754
f 2753/2649/2754 2763/2659/2764 2754/2650/2755
f 2763/2659/2764 2764/2660/2765 2754/2650/2755
f 2754/2650/2755 2764/2660/2765 2765/2661/2766
f 2754/2650/2755 2765/2661/2766 2755/2651/2756
f 2755/2651/2756 2765/2661/2766 2756/2652/2757
f 2765/2661/2766 2766/2662/2767 2756/2652/2757
f 2756/2652/2757 2766/2662/2767 2757/2653/2758
f 2766/2662/2767 2767/2663/2768 2757/2653/2758
f 2757/2653/2758 2767/2663/2768 2768/2664/2769
f 2757/2653/2758 2768/2664/2769 2758/2654/2759
f 2758/2654/2759 2768/2664/2769 2759/2655/2760
f 2768/2664/2769 2769/2665/2770 2759/2655/2760
f 2759/2655/2760 2769/2665/2770 2760/2656/2761
f 2769/2665/2770 2770/2666/2771 2760/2656/2761
f 2760/2656/2761 2770/2666/2771 2761/2657/2762
f 2770/2666/2771 2771/2667/2772 2761/2657/2762
f 2772/2668/2773 2762/2658/2763 2443/2339/2444
f 2762/2658/2763 2772/2668/2773 2763/2659/2764
f 2772/2668/2773 2773/2669/2774 2763/2659/2764
f 2763/2659/2764 2773/2669/2774 2774/2670/2775
f 2763/2659/2764 2774/2670/2775 2764/2660/2765
f 2764/2660/2765 2774/2670/2775 2765/2661/2766
f 2774/2670/2775 2775/2671/2776 2765/2661/2766
f 2765/2661/2766 2775/2671/2776 2776/2672/2777
f 2765/2661/2766 2776/2672/2777 2766/2662/2767
f 2766/2662/2767 2776/2672/2777 2767/2663/2768
f 2776/2672/2777 2777/2673/2778 2767/2663/2768
f 2767/2663/2768 2777/2673/2778 2768/2664/2769
f 2777/2673/2778 2778/2674/2779 2768/2664/2769
f 2768/2664/2769 2778/2674/2779 2769/2665/2770
f 2778/2674/2779 2779/2675/2780 2769/2665/2770
f 2769/2665/2770 2779/2675/2780 2770/2666/2771
f 2779/2675/2780 2780/2676/2781 2770/2666/2771
f 2770/2666/2771 2780/2676/2781 2771/2667/2772
f 2780/2676/2781 2781/2677/2782 2771/2667/2772
f 2782/2678/2783 2772/2668/2773 2443/2339/2444
f 2772/2668/2773 2782/2678/2783 2783/2679/2784
f 2772/2668/2773 2783/2679/2784 2773/2669/2774
f 2773/2669/2774 2783/2679/2784 2774/2670/2775
f 2783/2679/2784 2784/2680/2785 2774/2670/2775
f 2774/2670/2775 2784/2680/2785 2785/2681/2786
f 2774/2670/2775 2785/2681/2786 2775/2671/2776
f 2775/2671/2776 2785/2681/2786 2776/2672/2777
f 2785/2681/2786 2786/2682/2787 2776/2672/2777
f 2776/2672/2777 2786/2682/2787 2777/2673/2778
f 2786/2682/2787 2787/2683/2788 2777/2673/2778
f 2777/2673/2778 2787/2683/2788 2788/2684/2789
f 2777/2673/2778 2788/2684/2789 2778/2674/2779
f 2778/2674/2779 2788/2684/2789 2779/2675/2780
f 2788/2684/2789 2789/2685/2790 2779/2675/2780
f 2779/2675/2780 2789/2685/2790 2780/2676/2781
f 2789/2685/2790 2790/2686/2791 2780/2676/2781
f 2780/2676/2781 2790/2686/2791 2781/2677/2782
f 2790/2686/2791 2791/2687/2792 2781/2677/2782
f 2792/2688/2793 2782/2678/2783 2443/2339/2444
f 2782/2678/2783 2792/2688/2793 2793/2689/2794
f 2782/2678/2783 2793/2689/2794 2783/2679/2784
f 2783/2679/2784 2793/2689/2794 2794/2690/2795
f 2783/2679/2784 2794/2690/2795 2784/2680/2785
f 2784/2680/2785 2794/2690/2795 2785/2681/2786
f 2794/2690/2795 2795/2691/2796 2785/2681/2786
f 2785/2681/2786 2795/2691/2796 2796/2692/2797
f 2785/2681/2786 2796/2692/2797 2786/2682/2787
f 2786/2682/2787 2796/2692/2797 2797/2693/2798
f 2786/2682/2787 2797/2693/2798 2787/2683/2788
f 2787/2683/2788 2797/2693/2798 2788/2684/2789
f 2797/2693/2798 2798/2694/2799 2788/2684/2789
f 2788/2684/2789 2798/2694/2799 2789/2685/2790
f 2798/2694/2799 2799/2695/2800 2789/2685/2790
f 2789/2685/2790 2799/2695/2800 2800/2696/2801
f 2789/2685/2790 2800/2696/2801 2790/2686/2791
f 2790/2686/2791 2800/2696/2801 2791/2687/2792
f 2800/2696/2801 2801/2697/2802 2791/2687/2792
f 2802/2698/2803 2792/2688/2793 2443/2339/2444
f 2792/2688/2793 2802/2698/2803 2793/2689/2794
f 2802/2698/2803 2803/2699/2804 2793/2689/2794
f 2793/2689/2794 2803/2699/2804 2794/2690/2795
f 2803/2699/2804 2804/2700/2805 2794/2690/2795
f 2794/2690/2795 2804/2700/2805 2805/2701/2806
f 2794/2690/2795 2805/2701/2806 2795/2691/2796
f 2795/2691/2796 2805/2701/2806 2796/2692/2797
f 2805/2701/2806 2806/2702/2807 2796/2692/2797
f 2796/2692/2797 2806/2702/2807 2797/2693/2798
f 2806/2702/2807 2807/2703/2808 2797/2693/2798
f 2797/2693/2798 2807/2703/2808 2808/2704/2809
f 2797/2693/2798 2808/2704/2809 2798/2694/2799
f 2798/2694/2799 2808/2704/2809 2809/2705/2810
f 2798/2694/2799 2809/2705/2810 2799/2695/2800
f 2799/2695/2800 2809/2705/2810 2800/2696/2801
f 2809/2705/2810 2810/2706/2811 2800/2696/2801
f 2800/2696/2801 2810/2706/2811 2811/2707/2812
f 2800/2696/2801 2811/2707/2812 2801/2697/2802
f 2812/2708/2813 2802/2698/2803 2443/2339/2444
f 2802/2698/2803 2812/2708/2813 2803/2699/2804
f 2812/2708/2813 2813/2709/2814 2803/2699/2804
f 2803/2699/2804 2813/2709/2814 2814/2710/2815
f 2803/2699/2804 2814/2710/2815 2804/2700/2805
f 2804/2700/2805 2814/2710/2815 2805/2701/2806
f 2814/2710/2815 2815/2711/2816 2805/2701/2806
f 2805/2701/2806 2815/2711/2816 2816/2712/2817
f 2805/2701/2806 2816/2712/2817 2806/2702/2807
f 2806/2702/2807 2816/2712/2817 2817/2713/2818
f 2806/2702/2807 2817/2713/2818 2807/2703/2808
f 2807/2703/2808 2817/2713/2818 2818/2714/2819
f 2807/2703/2808 2818/2714/2819 2808/2704/2809
f 2808/2704/2809 2818/2714/2819 2809/2705/2810
f 2818/2714/2819 2819/2715/2820 2809/2705/2810
f 2809/2705/2810 2819/2715/2820 2820/2716/2821
f 2809/2705/2810 2820/2716/2821 2810/2706/2811
f 2810/2706/2811 2820/2716/2821 2821/2717/2822
f 2810/2706/2811 2821/2717/2822 2811/2707/2812
f 2822/2718/2823 2812/2708/2813 2443/2339/2444
f 2812/2708/2813 2822/2718/2823 2823/2719/2824
f 2812/2708/2813 2823/2719/2824 2813/2709/2814
f 2813/2709/2814 2823/2719/2824 2814/2710/2815
f 2823/2719/2824 2824/2720/2825 2814/2710/2815
f 2814/2710/2815 2824/2720/2825 2825/2721/2826
f 2814/2710/2815 2825/2721/2826 2815/2711/2816
f 2815/2711/2816 2825/2721/2826 2816/2712/2817
f 2825/2721/2826 2826/2722/2827 2816/2712/2817
f 2816/2712/2817 2826/2722/2827 2827/2723/2828
f 2816/2712/2817 2827/2723/2828 2817/2713/2818
f 2817/2713/2818 2827/2723/2828 2828/2724/2829
f 2817/2713/2818 2828/2724/2829 2818/2714/2819
f 2818/2714/2819 2828/2724/2829 2829/2725/2830
f 2818/2714/2819 2829/2725/2830 2819/2715/2820
f 2819/2715/2820 2829/2725/2830 2830/2726/2831
f 2819/2715/2820 2830/2726/2831 2820/2716/2821
f 2820/2716/2821 2830/2726/2831 2831/2727/2832
f 2820/2716/2821 2831/2727/2832 2821/2717/2822
f 2832/2728/2833 2822/2718/2823 2443/2339/2444
f 2822/2718/2823 2832/2728/2833 2823/2719/2824
f 2832/2728/2833 2833/2729/2834 2823/2719/2824
f 2823/2719/2824 2833/2729/2834 2834/2730/2835
f 2823/2719/2824 2834/2730/2835 2824/2720/2825
f 2824/2720/2825 2834/2730/2835 2835/2731/2836
f 2824/2720/2825 2835/2731/2836 2825/2721/2826
f 2825/2721/2826 2835/2731/2836 2836/2732/2837
f 2825/2721/2826 2836/2732/2837 2826/2722/2827
f 2826/2722/2827 2836/2732/2837 2837/2733/2838
f 2826/2722/2827 2837/2733/2838 2827/2723/2828
f 2827/2723/2828 2837/2733/2838 2828/2724/2829
f 2837/2733/2838 2838/2734/2839 2828/2724/2829
f 2828/2724/2829 2838/2734/2839 2839/2735/2840
f 2828/2724/2829 2839/2735/2840 2829/2725/2830
f 2829/2725/2830 2839/2735/2840 2840/2736/2841
f 2829/2725/2830 2840/2736/2841 2830/2726/2831
f 2830/2726/2831 2840/2736/2841 2841/2737/2842
f 2830/2726/2831 2841/2737/2842 2831/2727/2832
f 2442/2338/2443 2832/2728/2833 2443/2339/2444
f 2832/2728/2833 2442/2338/2443 2833/2729/2834
f 2442/2338/2443 2445/2341/2446 2833/2729/2834
f 2833/2729/2834 2445/2341/2446 2447/2343/2448
f 2833/2729/2834 2447/2343/2448 2834/2730/2835
f 2834/2730/2835 2447/2343/2448 2835/2731/2836
f 2447/2343/2448 2448/2344/2449 2835/2731/2836
f 2835/2731/2836 2448/2344/2449 2836/2732/2837
f 2448/2344/2449 2451/2347/2452 2836/2732/2837
f 2836/2732/2837 2451/2347/2452 2837/2733/2838
f 2451/2347/2452 2453/2349/2454 2837/2733/2838
f 2837/2733/2838 2453/2349/2454 2454/2350/2455
f 2837/2733/2838 2454/2350/2455 2838/2734/2839
f 2838/2734/2839 2454/2350/2455 2456/2352/2457
f 2838/2734/2839 2456/2352/2457 2839/2735/2840
f 2839/2735/2840 2456/2352/2457 2458/2354/2459
f 2839/2735/2840 2458/2354/2459 2840/2736/2841
f 2840/2736/2841 2458/2354/2459 2460/2356/2461
f 2840/2736/2841 2460/2356/2461 2841/2737/2842
f 2460/2356/2461 2461/2357/2462 2842/2738/2843
f 2460/2356/2461 2842/2738/2843 2843/2739/2844
f 2843/2739/2844 2842/2738/2843 2844/2740/2845
f 2843/2739/2844 2844/2740/2845 2845/2741/2846
f 2845/2741/2846 2844/2740/2845 2846/2742/2847
f 2844/2740/2845 2847/2743/2848 2846/2742/2847
f 2846/2742/2847 2847/2743/2848 2848/2744/2849
f 2846/2742/2847 2848/2744/2849 2849/2745/2850
f 2849/2745/2850 2848/2744/2849 2850/2746/2851
f 2849/2745/2850 2850/2746/2851 2851/2747/2852
f 2851/2747/2852 2850/2746/2851 2852/2748/2853
f 2850/2746/2851 2853/2749/2854 2852/2748/2853
f 2852/2748/2853 2853/2749/2854 2854/2750/2855
f 2853/2749/2854 2855/2751/2856 2854/2750/2855
f 2854/2750/2855 2855/2751/2856 2856/2752/2857
f 2854/2750/2855 2856/2752/2857 2857/2753/2858
f 2857/2753/2858 2856/2752/2857 2858/2754/2859
f 2856/2752/2857 2859/2755/2860 2858/2754/2859
f 2858/2754/2859 2859/2755/2860 2860/2756/2861
f 2858/2754/2859 2860/2756/2861 2861/2757/2862
f 2461/2357/2462 2471/2367/2472 2842/2738/2843
f 2471/2367/2472 2862/2758/2863 2842/2738/2843
f 2842/2738/2843 2862/2758/2863 2844/2740/2845
f 2862/2758/2863 2863/2759/2864 2844/2740/2845
f 2844/2740/2845 2863/2759/2864 2864/2760/2865
f 2844/2740/2845 2864/2760/2865 2847/2743/2848
f 2847/2743/2848 2864/2760/2865 2848/2744/2849
f 2864/2760/2865 2865/2761/2866 2848/2744/2849
f 2848/2744/2849 2865/2761/2866 2850/2746/2851
f 2865/2761/2866 2866/2762/2867 2850/2746/2851
f 2850/2746/2851 2866/2762/2867 2853/2749/2854
f 2866/2762/2867 2867/2763/2868 2853/2749/2854
f 2853/2749/2854 2867/2763/2868 2868/2764/2869
f 2853/2749/2854 2868/2764/2869 2855/2751/2856
f 2855/2751/2856 2868/2764/2869 2869/2765/2870
f 2855/2751/2856 2869/2765/2870 2856/2752/2857
f 2856/2752/2857 2869/2765/2870 2859/2755/2860
f 2869/2765/2870 2870/2766/2871 2859/2755/2860
f 2859/2755/2860 2870/2766/2871 2860/2756/2861
f 2870/2766/2871 2871/2767/2872 2860/2756/2861
f 2471/2367/2472 2481/2377/2482 2872/2768/2873
f 2471/2367/2472 2872/2768/2873 2862/2758/2863
f 2862/2758/2863 2872/2768/2873 2863/2759/2864
f 2872/2768/2873 2873/2769/2874 2863/2759/2864
f 2863/2759/2864 2873/2769/2874 2874/2770/2875
f 2863/2759/2864 2874/2770/2875 2864/2760/2865
f 2864/2760/2865 2874/2770/2875 2865/2761/2866
f 2874/2770/2875 2875/2771/2876 2865/2761/2866
f 2865/2761/2866 2875/2771/2876 2866/2762/2867
f 2875/2771/2876 2876/2772/2877 2866/2762/2867
f 2866/2762/2867 2876/2772/2877 2877/2773/2878
f 2866/2762/2867 2877/2773/2878 2867/2763/2868
f 2867/2763/2868 2877/2773/2878 2868/2764/2869
f 2877/2773/2878 2878/2774/2879 2868/2764/2869
f 2868/2764/2869 2878/2774/2879 2869/2765/2870
f 2878/2774/2879 2879/2775/2880 2869/2765/2870
f 2869/2765/2870 2879/2775/2880 2880/2776/2881
f 2869/2765/2870 2880/2776/2881 2870/2766/2871
f 2870/2766/2871 2880/2776/2881 2871/2767/2872
f 2880/2776/2881 2881/2777/2882 2871/2767/2872
f 2481/2377/2482 2491/2387/2492 2872/2768/2873
f 2491/2387/2492 2882/2778/2883 2872/2768/2873
f 2872/2768/2873 2882/2778/2883 2883/2779/2884
f 2872/2768/2873 2883/2779/2884 2873/2769/2874
f 2873/2769/2874 2883/2779/2884 2874/2770/2875
f 2883/2779/2884 2884/2780/2885 2874/2770/2875
f 2874/2770/2875 2884/2780/2885 2885/2781/2886
f 2874/2770/2875 2885/2781/2886 2875/2771/2876
f 2875/2771/2876 2885/2781/2886 2876/2772/2877
f 2885/2781/2886 2886/2782/2887 2876/2772/2877
f 2876/2772/2877 2886/2782/2887 2877/2773/2878
f 2886/2782/2887 2887/2783/2888 2877/2773/2878
f 2877/2773/2878 2887/2783/2888 2888/2784/2889
f 2877/2773/2878 2888/2784/2889 2878/2774/2879
f 2878/2774/2879 2888/2784/2889 2879/2775/2880
f 2888/2784/2889 2889/2785/2890 2879/2775/2880
f 2879/2775/2880 2889/2785/2890 2880/2776/2881
f 2889/2785/2890 2890/2786/2891 2880/2776/2881
f 2880/2776/2881 2890/2786/2891 2891/2787/2892
f 2880/2776/2881 2891/2787/2892 2881/2777/2882
f 2491/2387/2492 2501/2397/2502 2892/2788/2893
f 2491/2387/2492 2892/2788/2893 2882/2778/2883
f 2882/2778/2883 2892/2788/2893 2883/2779/2884
f 2892/2788/2893 2893/2789/2894 2883/2779/2884
f 2883/2779/2884 2893/2789/2894 2884/2780/2885
f 2893/2789/2894 2894/2790/2895 2884/2780/2885
f 2884/2780/2885 2894/2790/2895 2885/2781/2886
f 2894/2790/2895 2895/2791/2896 2885/2781/2886
f 2885/2781/2886 2895/2791/2896 2896/2792/2897
f 2885/2781/2886 2896/2792/2897 2886/2782/2887
f 2886/2782/2887 2896/2792/2897 2887/2783/2888
f 2896/2792/2897 2897/2793/2898 2887/2783/2888
f 2887/2783/2888 2897/2793/2898 2898/2794/2899
f 2887/2783/2888 2898/2794/2899 2888/2784/2889
f 2888/2784/2889 2898/2794/2899 2889/2785/2890
f 2898/2794/2899 2899/2795/2900 2889/2785/2890
f 2889/2785/2890 2899/2795/2900 2900/2796/2901
f 2889/2785/2890 2900/2796/2901 2890/2786/2891
f 2890/2786/2891 2900/2796/2901 2901/2797/2902
f 2890/2786/2891 2901/2797/2902 2891/2787/2892
f 2501/2397/2502 2511/2407/2512 2892/2788/2893
f 2511/2407/2512 2902/2798/2903 2892/2788/2893
f 2892/2788/2893 2902/2798/2903 2903/2799/2904
f 2892/2788/2893 2903/2799/2904 2893/2789/2894
f 2893/2789/2894 2903/2799/2904 2904/2800/2905
f 2893/2789/2894 2904/2800/2905 2894/2790/2895
f 2894/2790/2895 2904/2800/2905 2905/2801/2906
f 2894/2790/2895 2905/2801/2906 2895/2791/2896
f 2895/2791/2896 2905/2801/2906 2896/2792/2897
f 2905/2801/2906 2906/2802/2907 2896/2792/2897
f 2896/2792/2897 2906/2802/2907 2907/2803/2908
f 2896/2792/2897 2907/2803/2908 2897/2793/2898
f 2897/2793/2898 2907/2803/2908 2898/2794/2899
f 2907/2803/2908 2908/2804/2909 2898/2794/2899
f 2898/2794/2899 2908/2804/2909 2909/2805/2910
f 2898/2794/2899 2909/2805/2910 2899/2795/2900
f 2899/2795/2900 2909/2805/2910 2900/2796/2901
f 2909/2805/2910 2910/2806/2911 2900/2796/2901
f 2900/2796/2901 2910/2806/2911 2901/2797/2902
f 2910/2806/2911 2911/2807/2912 2901/2797/2902
f 2511/2407/2512 2521/2417/2522 2912/2808/2913
f 2511/2407/2512 2912/2808/2913 2902/2798/2903
f 2902/2798/2903 2912/2808/2913 2903/2799/2904
f 2912/2808/2913 2913/2809/2914 2903/2799/2904
f 2903/2799/2904 2913/2809/2914 2914/2810/2915
f 2903/2799/2904 2914/2810/2915 2904/2800/2905
f 2904/2800/2905 2914/2810/2915 2905/2801/2906
f 2914/2810/2915 2915/2811/2916 2905/2801/2906
f 2905/2801/2906 2915/2811/2916 2916/2812/2917
f 2905/2801/2906 2916/2812/2917 2906/2802/2907
f 2906/2802/2907 2916/2812/2917 2917/2813/2918
f 2906/2802/2907 2917/2813/2918 2907/2803/2908
f 2907/2803/2908 2917/2813/2918 2908/2804/2909
f 2917/2813/2918 2918/2814/2919 2908/2804/2909
f 2908/2804/2909 2918/2814/2919 2919/2815/2920
f 2908/2804/2909 2919/2815/2920 2909/2805/2910
f 2909/2805/2910 2919/2815/2920 2920/2816/2921
f 2909/2805/2910 2920/2816/2921 2910/2806/2911
f 2910/2806/2911 2920/2816/2921 2911/2807/2912
f 2920/2816/2921 2921/2817/2922 2911/2807/2912
f 2521/2417/2522 2531/2427/2532 2912/2808/2913
f 2531/2427/2532 2922/2818/2923 2912/2808/2913
f 2912/2808/2913 2922/2818/2923 2923/2819/2924
f 2912/2808/2913 2923/2819/2924 2913/2809/2914
f 2913/2809/2914 2923/2819/2924 2914/2810/2915
f 2923/2819/2924 2924/2820/2925 2914/2810/2915
f 2914/2810/2915 2924/2820/2925 2925/2821/2926
f 2914/2810/2915 2925/2821/2926 2915/2811/2916
f 2915/2811/2916 2925/2821/2926 2926/2822/2927
f 2915/2811/2916 2926/2822/2927 2916/2812/2917
f 2916/2812/2917 2926/2822/2927 2917/2813/2918
f 2926/2822/2927 2927/2823/2928 2917/2813/2918
f 2917/2813/2918 2927/2823/2928 2928/2824/2929
f 2917/2813/2918 2928/2824/2929 2918/2814/2919
f 2918/2814/2919 2928/2824/2929 2929/2825/2930
f 2918/2814/2919 2929/2825/2930 2919/2815/2920
f 2919/2815/2920 2929/2825/2930 2920/2816/2921
f 2929/2825/2930 2930/2826/2931 2920/2816/2921
f 2920/2816/2921 2930/2826/2931 2931/2827/2932
f 2920/2816/2921 2931/2827/2932 2921/2817/2922
f 2531/2427/2532 2541/2437/2542 2932/2828/2933
f 2531/2427/2532 2932/2828/2933 2922/2818/2923
f 2922/2818/2923 2932/2828/2933 2933/2829/2934
f 2922/2818/2923 2933/2829/2934 2923/2819/2924
f 2923/2819/2924 2933/2829/2934 2924/2820/2925
f 2933/2829/2934 2934/2830/2935 2924/2820/2925
f 2924/2820/2925 2934/2830/2935 2935/2831/2936
f 2924/2820/2925 2935/2831/2936 2925/2821/2926
f 2925/2821/2926 2935/2831/2936 2936/2832/2937
f 2925/2821/2926 2936/2832/2937 2926/2822/2927
f 2926/2822/2927 2936/2832/2937 2937/2833/2938
f 2926/2822/2927 2937/2833/2938 2927/2823/2928
f 2927/2823/2928 2937/2833/2938 2928/2824/2929
f 2937/2833/2938 2938/2834/2939 2928/2824/2929
f 2928/2824/2929 2938/2834/2939 2929/2825/2930
f 2938/2834/2939 2939/2835/2940 2929/2825/2930
f 2929/2825/2930 2939/2835/2940 2940/2836/2941
f 2929/2825/2930 2940/2836/2941 2930/2826/2931
f 2930/2826/2931 2940/2836/2941 2941/2837/2942
f 2930/2826/2931 2941/2837/2942 2931/2827/2932
f 2541/2437/2542 2551/2447/2552 2932/2828/2933
f 2551/2447/2552 2942/2838/2943 2932/2828/2933
f 2932/2828/2933 2942/2838/2943 2933/2829/2934
f 2942/2838/2943 2943/2839/2944 2933/2829/2934
f 2933/2829/2934 2943/2839/2944 2944/2840/2945
f 2933/2829/2934 2944/2840/2945 2934/2830/2935
f 2934/2830/2935 2944/2840/2945 2935/2831/2936
f 2944/2840/2945 2945/2841/2946 2935/2831/2936
f 2935/2831/2936 2945/2841/2946 2936/2832/2937
f 2945/2841/2946 2946/2842/2947 2936/2832/2937
f 2936/2832/2937 2946/2842/2947 2947/2843/2948
f 2936/2832/2937 2947/2843/2948 2937/2833/2938
f 2937/2833/2938 2947/2843/2948 2948/2844/2949
f 2937/2833/2938 2948/2844/2949 2938/2834/2939
f 2938/2834/2939 2948/2844/2949 2939/2835/2940
f 2948/2844/2949 2949/2845/2950 2939/2835/2940
f 2939/2835/2940 2949/2845/2950 2950/2846/2951
f 2939/2835/2940 2950/2846/2951 2940/2836/2941
f 2940/2836/2941 2950/2846/2951 2941/2837/2942
f 2950/2846/2951 2951/2847/2952 2941/2837/2942
f 2551/2447/2552 2561/2457/2562 2952/2848/2953
f 2551/2447/2552 2952/2848/2953 2942/2838/2943
f 2942/2838/2943 2952/2848/2953 2953/2849/2954
f 2942/2838/2943 2953/2849/2954 2943/2839/2944
f 2943/2839/2944 2953/2849/2954 2944/2840/2945
f 2953/2849/2954 2954/2850/2955 2944/2840/2945
f 2944/2840/2945 2954/2850/2955 2955/2851/2956
f 2944/2840/2945 2955/2851/2956 2945/2841/2946
f 2945/2841/2946 2955/2851/2956 2956/2852/2957
f 2945/2841/2946 2956/2852/2957 2946/2842/2947
f 2946/2842/2947 2956/2852/2957 2947/2843/2948
f 2956/2852/2957 2957/2853/2958 2947/2843/2948
f 2947/2843/2948 2957/2853/2958 2948/2844/2949
f 2957/2853/2958 2958/2854/2959 2948/2844/2949
f 2948/2844/2949 2958/2854/2959 2959/2855/2960
f 2948/2844/2949 2959/2855/2960 2949/2845/2950
f 2949/2845/2950 2959/2855/2960 2950/2846/2951
f 2959/2855/2960 2960/2856/2961 2950/2846/2951
f 2950/2846/2951 2960/2856/2961 2961/2857/2962
f 2950/2846/2951 2961/2857/2962 2951/2847/2952
f 2561/2457/2562 2571/2467/2572 2952/2848/2953
f 2571/2467/2572 2962/2858/2963 2952/2848/2953
f 2952/2848/2953 2962/2858/2963 2953/2849/2954
f 2962/2858/2963 2963/2859/2964 2953/2849/2954
f 2953/2849/2954 2963/2859/2964 2964/2860/2965
f 2953/2849/2954 2964/2860/2965 2954/2850/2955
f 2954/2850/2955 2964/2860/2965 2955/2851/2956
f 2964/2860/2965 2965/2861/2966 2955/2851/2956
f 2955/2851/2956 2965/2861/2966 2956/2852/2957
f 2965/2861/2966 2966/2862/2967 2956/2852/2957
f 2956/2852/2957 2966/2862/2967 2957/2853/2958
f 2966/2862/2967 2967/2863/2968 2957/2853/2958
f 2957/2853/2958 2967/2863/2968 2968/2864/2969
f 2957/2853/2958 2968/2864/2969 2958/2854/2959
f 2958/2854/2959 2968/2864/2969 2969/2865/2970
f 2958/2854/2959 2969/2865/2970 2959/2855/2960
f 2959/2855/2960 2969/2865/2970 2960/2856/2961
f 2969/2865/2970 2970/2866/2971 2960/2856/2961
f 2960/2856/2961 2970/2866/2971 2961/2857/2962
f 2970/2866/2971 2971/2867/2972 2961/2857/2962
f 2571/2467/2572 2581/2477/2582 2972/2868/2973
f 2571/2467/2572 2972/2868/2973 2962/2858/2963
f 2962/2858/2963 2972/2868/2973 2963/2859/2964
f 2972/2868/2973 2973/2869/2974 2963/2859/2964
f 2963/2859/2964 2973/2869/2974 2974/2870/2975
f 2963/2859/2964 2974/2870/2975 2964/2860/2965
f 2964/2860/2965 2974/2870/2975 2965/2861/2966
f 2974/2870/2975 2975/2871/2976 2965/2861/2966
f 2965/2861/2966 2975/2871/2976 2966/2862/2967
f 2975/2871/2976 2976/2872/2977 2966/2862/2967
f 2966/2862/2967 2976/2872/2977 2977/2873/2978
f 2966/2862/2967 2977/2873/2978 2967/2863/2968
f 2967/2863/2968 2977/2873/2978 2968/2864/2969
f 2977/2873/2978 2978/2874/2979 2968/2864/2969
f 2968/2864/2969 2978/2874/2979 2969/2865/2970
f 2978/2874/2979 2979/2875/2980 2969/2865/2970
f 2969/2865/2970 2979/2875/2980 2980/2876/2981
f 2969/2865/2970 2980/2876/2981 2970/2866/2971
f 2970/2866/2971 2980/2876/2981 2971/2867/2972
f 2980/2876/2981 2981/2877/2982 2971/2867/2972
f 2581/2477/2582 2591/2487/2592 2972/2868/2973
f 2591/2487/2592 2982/2878/2983 2972/2868/2973
f 2972/2868/2973 2982/2878/2983 2983/2879/2984
f 2972/2868/2973 2983/2879/2984 2973/2869/2974
f 2973/2869/2974 2983/2879/2984 2974/2870/2975
f 2983/2879/2984 2984/2880/2985 2974/2870/2975
f 2974/2870/2975 2984/2880/2985 2985/2881/2986
f 2974/2870/2975 2985/2881/2986 2975/2871/2976
f 2975/2871/2976 2985/2881/2986 2976/2872/2977
f 2985/2881/2986 2986/2882/2987 2976/2872/2977
f 2976/2872/2977 2986/2882/2987 2977/2873/2978
f 2986/2882/2987 2987/2883/2988 2977/2873/2978
f 2977/2873/2978 2987/2883/2988 2988/2884/2989
f 2977/2873/2978 2988/2884/2989 2978/2874/2979
f 2978/2874/2979 2988/2884/2989 2979/2875/2980
f 2988/2884/2989 2989/2885/2990 2979/2875/2980
f 2979/2875/2980 2989/2885/2990 2980/2876/2981
f 2989/2885/2990 2990/2886/2991 2980/2876/2981
f 2980/2876/2981 2990/2886/2991 2991/2887/2992
f 2980/2876/2981 2991/2887/2992 2981/2877/2982
f 2591/2487/2592 2601/2497/2602 2992/2888/2993
f 2591/2487/2592 2992/2888/2993 2982/2878/2983
f 2982/2878/2983 2992/2888/2993 2983/2879/2984
f 2992/2888/2993 2993/2889/2994 2983/2879/2984
f 2983/2879/2984 2993/2889/2994 2984/2880/2985
f 2993/2889/2994 2994/2890/2995 2984/2880/2985
f 2984/2880/2985 2994/2890/2995 2985/2881/2986
f 2994/2890/2995 2995/2891/2996 2985/2881/2986
f 2985/2881/2986 2995/2891/2996 2996/2892/2997
f 2985/2881/2986 2996/2892/2997 2986/2882/2987
f 2986/2882/2987 2996/2892/2997 2987/2883/2988
f 2996/2892/2997 2997/2893/2998 2987/2883/2988
f 2987/2883/2988 2997/2893/2998 2998/2894/2999
f 2987/2883/2988 2998/2894/2999 2988/2884/2989
f 2988/2884/2989 2998/2894/2999 2989/2885/2990
f 2998/2894/2999 2999/2895/3000 2989/2885/2990
f 2989/2885/2990 2999/2895/3000 3000/2896/3001
f 2989/2885/2990 3000/2896/3001 2990/2886/2991
f 2990/2886/2991 3000/2896/3001 3001/2897/3002
f 2990/2886/2991 3001/2897/3002 2991/2887/2992
f 2601/2497/2602 2611/2507/2612 2992/2888/2993
f 2611/2507/2612 3002/2898/3003 2992/2888/2993
f 2992/2888/2993 3002/2898/3003 3003/2899/3004
f 2992/2888/2993 3003/2899/3004 2993/2889/2994
f 2993/2889/2994 3003/2899/3004 3004/2900/3005
f 2993/2889/2994 3004/2900/3005 2994/2890/2995
f 2994/2890/2995 3004/2900/3005 3005/2901/3006
f 2994/2890/2995 3005/2901/3006 2995/2891/2996
f 2995/2891/2996 3005/2901/3006 2996/2892/2997
f 3005/2901/3006 3006/2902/3007 2996/2892/2997
f 2996/2892/2997 3006/2902/3007 3007/2903/3008
f 2996/2892/2997 3007/2903/3008 2997/2893/2998
f 2997/2893/2998 3007/2903/3008 2998/2894/2999
f 3007/2903/3008 3008/2904/3009 2998/2894/2999
f 2998/2894/2999 3008/2904/3009 3009/2905/3010
f 2998/2894/2999 3009/2905/3010 2999/2895/3000
f 2999/2895/3000 3009/2905/3010 3000/2896/3001
f 3009/2905/3010 3010/2906/3011 3000/2896/3001
f 3000/2896/3001 3010/2906/3011 3001/2897/3002
f 3010/2906/3011 3011/2907/3012 3001/2897/3002
f 2611/2507/2612 2621/2517/2622 3012/2908/3013
f 2611/2507/2612 3012/2908/3013 3002/2898/3003
f 3002/2898/3003 3012/2908/3013 3003/2899/3004
f 3012/2908/3013 3013/2909/3014 3003/2899/3004
f 3003/2899/3004 3013/2909/3014 3014/2910/3015
f 3003/2899/3004 3014/2910/3015 3004/2900/3005
f 3004/2900/3005 3014/2910/3015 3005/2901/3006
f 3014/2910/3015 3015/2911/3016 3005/2901/3006
f 3005/2901/3006 3015/2911/3016 3016/2912/3017
f 3005/2901/3006 3016/2912/3017 3006/2902/3007
f 3006/2902/3007 3016/2912/3017 3017/2913/3018
f 3006/2902/3007 3017/2913/3018 3007/2903/3008
f 3007/2903/3008 3017/2913/3018 3008/2904/3009
f 3017/2913/3018 3018/2914/3019 3008/2904/3009
f 3008/2904/3009 3018/2914/3019 3019/2915/3020
f 3008/2904/3009 3019/2915/3020 3009/2905/3010
f 3009/2905/3010 3019/2915/3020 3020/2916/3021
f 3009/2905/3010 3020/2916/3021 3010/2906/3011
f 3010/2906/3011 3020/2916/3021 3011/2907/3012
f 3020/2916/3021 3021/2917/3022 3011/2907/3012
f 2621/2517/2622 2631/2527/2632 3012/2908/3013
f 2631/2527/2632 3022/2918/3023 3012/2908/3013
f 3012/2908/3013 3022/2918/3023 3023/2919/3024
f 3012/2908/3013 3023/2919/3024 3013/2909/3014
f 3013/2909/3014 3023/2919/3024 3014/2910/3015
f 3023/2919/3024 3024/2920/3025 3014/2910/3015
f 3014/2910/3015 3024/2920/3025 3025/2921/3026
f 3014/2910/3015 3025/2921/3026 3015/2911/3016
f 3015/2911/3016 3025/2921/3026 3026/2922/3027
f 3015/2911/3016 3026/2922/3027 3016/2912/3017
f 3016/2912/3017 3026/2922/3027 3017/2913/3018
f 3026/2922/3027 3027/2923/3028 3017/2913/3018
f 3017/2913/3018 3027/2923/3028 3028/2924/3029
f 3017/2913/3018 3028/2924/3029 3018/2914/3019
f 3018/2914/3019 3028/2924/3029 3029/2925/3030
f 3018/2914/3019 3029/2925/3030 3019/2915/3020
f 3019/2915/3020 3029/2925/3030 3020/2916/3021
f 3029/2925/3030 3030/2926/3031 3020/2916/3021
f 3020/2916/3021 3030/2926/3031 3031/2927/3032
f 3020/2916/3021 3031/2927/3032 3021/2917/3022
f 2631/2527/2632 2641/2537/2642 3032/2928/3033
f 2631/2527/2632 3032/2928/3033 3022/2918/3023
f 3022/2918/3023 3032/2928/3033 3033/2929/3034
f 3022/2918/3023 3033/2929/3034 3023/2919/3024
f 3023/2919/3024 3033/2929/3034 3024/2920/3025
f 3033/2929/3034 3034/2930/3035 3024/2920/3025
f 3024/2920/3025 3034/2930/3035 3035/2931/3036
f 3024/2920/3025 3035/2931/3036 3025/2921/3026
f 3025/2921/3026 3035/2931/3036 3036/2932/3037
f 3025/2921/3026 3036/2932/3037 3026/2922/3027
f 3026/2922/3027 3036/2932/3037 3037/2933/3038
f 3026/2922/3027 3037/2933/3038 3027/2923/3028
f 3027/2923/3028 3037/2933/3038 3028/2924/3029
f 3037/2933/3038 3038/2934/3039 3028/2924/3029
f 3028/2924/3029 3038/2934/3039 3029/2925/3030
f 3038/2934/3039 3039/2935/3040 3029/2925/3030
f 3029/2925/3030 3039/2935/3040 3040/2936/3041
f 3029/2925/3030 3040/2936/3041 3030/2926/3031
f 3030/2926/3031 3040/2936/3041 3041/2937/3042
f 3030/2926/3031 3041/2937/3042 3031/2927/3032
f 2641/2537/2642 2651/2547/2652 3032/2928/3033
f 2651/2547/2652 3042/2938/3043 3032/2928/3033
f 3032/2928/3033 3042/2938/3043 3033/2929/3034
f 3042/2938/3043 3043/2939/3044 3033/2929/3034
f 3033/2929/3034 3043/2939/3044 3044/2940/3045
f 3033/2929/3034 3044/2940/3045 3034/2930/3035
f 3034/2930/3035 3044/2940/3045 3035/2931/3036
f 3044/2940/3045 3045/2941/3046 3035/2931/3036
f 3035/2931/3036 3045/2941/3046 3036/2932/3037
f 3045/2941/3046 3046/2942/3047 3036/2932/3037
f 3036/2932/3037 3046/2942/3047 3047/2943/3048
f 3036/2932/3037 3047/2943/3048 3037/2933/3038
f 3037/2933/3038 3047/2943/3048 3048/2944/3049
f 3037/2933/3038 3048/2944/3049 3038/2934/3039
f 3038/2934/3039 3048/2944/3049 3039/2935/3040
f 3048/2944/3049 3049/2945/3050 3039/2935/3040
f 3039/2935/3040 3049/2945/3050 3050/2946/3051
f 3039/2935/3040 3050/2946/3051 3040/2936/3041
f 3040/2936/3041 3050/2946/3051 3041/2937/3042
f 3050/2946/3051 3051/2947/3052 3041/2937/3042
f 2651/2547/2652 2661/2557/2662 3052/2948/3053
f 2651/2547/2652 3052/2948/3053 3042/2938/3043
f 3042/2938/3043 3052/2948/3053 3053/2949/3054
f 3042/2938/3043 3053/2949/3054 3043/2939/3044
f 3043/2939/3044 3053/2949/3054 3044/2940/3045
f 3053/2949/3054 3054/2950/3055 3044/2940/3045
f 3044/2940/3045 3054/2950/3055 3055/2951/3056
f 3044/2940/3045 3055/2951/3056 3045/2941/3046
f 3045/2941/3046 3055/2951/3056 3056/2952/3057
f 3045/2941/3046 3056/2952/3057 3046/2942/3047
f 3046/2942/3047 3056/2952/3057 3047/2943/3048
f 3056/2952/3057 3057/2953/3058 3047/2943/3048
f 3047/2943/3048 3057/2953/3058 3048/2944/3049
f 3057/2953/3058 3058/2954/3059 3048/2944/3049
f 3048/2944/3049 3058/2954/3059 3059/2955/3060
f 3048/2944/3049 3059/2955/3060 3049/2945/3050
f 3049/2945/3050 3059/2955/3060 3050/2946/3051
f 3059/2955/3060 3060/2956/3061 3050/2946/3051
f 3050/2946/3051 3060/2956/3061 3061/2957/3062
f 3050/2946/3051 3061/2957/3062 3051/2947/3052
f 2661/2557/2662 2671/2567/2672 3052/2948/3053
f 2671/2567/2672 3062/2958/3063 3052/2948/3053
f 3052/2948/3053 3062/2958/3063 3053/2949/3054
f 3062/2958/3063 3063/2959/3064 3053/2949/3054
f 3053/2949/3054 3063/2959/3064 3064/2960/3065
f 3053/2949/3054 3064/2960/3065 3054/2950/3055
f 3054/2950/3055 3064/2960/3065 3055/2951/3056
f 3064/2960/3065 3065/2961/3066 3055/2951/3056
f 3055/2951/3056 3065/2961/3066 3056/2952/3057
f 3065/2961/3066 3066/2962/3067 3056/2952/3057
f 3056/2952/3057 3066/2962/3067 3057/2953/3058
f 3066/2962/3067 3067/2963/3068 3057/2953/3058
f 3057/2953/3058 3067/2963/3068 3068/2964/3069
f 3057/2953/3058 3068/2964/3069 3058/2954/3059
f 3058/2954/3059 3068/2964/3069 3069/2965/3070
f 3058/2954/3059 3069/2965/3070 3059/2955/3060
f 3059/2955/3060 3069/2965/3070 3060/2956/3061
f 3069/2965/3070 3070/2966/3071 3060/2956/3061
f 3060/2956/3061 3070/2966/3071 3061/2957/3062
f 3070/2966/3071 3071/2967/3072 3061/2957/3062
f 2671/2567/2672 2681/2577/2682 3072/2968/3073
f 2671/2567/2672 3072/2968/3073 3062/2958/3063
f 3062/2958/3063 3072/2968/3073 3063/2959/3064
f 3072/2968/3073 3073/2969/3074 3063/2959/3064
f 3063/2959/3064 3073/2969/3074 3074/2970/3075
f 3063/2959/3064 3074/2970/3075 3064/2960/3065
f 3064/2960/3065 3074/2970/3075 3065/2961/3066
f 3074/2970/3075 3075/2971/3076 3065/2961/3066
f 3065/2961/3066 3075/2971/3076 3066/2962/3067
f 3075/2971/3076 3076/2972/3077 3066/2962/3067
f 3066/2962/3067 3076/2972/3077 3077/2973/3078
f 3066/2962/3067 3077/2973/3078 3067/2963/3068
f 3067/2963/3068 3077/2973/3078 3068/2964/3069
f 3077/2973/3078 3078/2974/3079 3068/2964/3069
f 3068/2964/3069 3078/2974/3079 3069/2965/3070
f 3078/2974/3079 3079/2975/3080 3069/2965/3070
f 3069/2965/3070 3079/2975/3080 3080/2976/3081
f 3069/2965/3070 3080/2976/3081 3070/2966/3071
f 3070/2966/3071 3080/2976/3081 3071/2967/3072
f 3080/2976/3081 3081/2977/3082 3071/2967/3072
f 2681/2577/2682 2691/2587/2692 3072/2968/3073
f 2691/2587/2692 3082/2978/3083 3072/2968/3073
f 3072/2968/3073 3082/2978/3083 3083/2979/3084
f 3072/2968/3073 3083/2979/3084 3073/2969/3074
f 3073/2969/3074 3083/2979/3084 3074/2970/3075
f 3083/2979/3084 3084/2980/3085 3074/2970/3075
f 3074/2970/3075 3084/2980/3085 3085/2981/3086
f 3074/2970/3075 3085/2981/3086 3075/2971/3076
f 3075/2971/3076 3085/2981/3086 3076/2972/3077
f 3085/2981/3086 3086/2982/3087 3076/2972/3077
f 3076/2972/3077 3086/2982/3087 3077/2973/3078
f 3086/2982/3087 3087/2983/3088 3077/2973/3078
f 3077/2973/3078 3087/2983/3088 3088/2984/3089
f 3077/2973/3078 3088/2984/3089 3078/2974/3079
f 3078/2974/3079 3088/2984/3089 3079/2975/3080
f 3088/2984/3089 3089/2985/3090 3079/2975/3080
f 3079/2975/3080 3089/2985/3090 3080/2976/3081
f 3089/2985/3090 3090/2986/3091 3080/2976/3081
f 3080/2976/3081 3090/2986/3091 3091/2987/3092
f 3080/2976/3081 3091/2987/3092 3081/2977/3082
f 2691/2587/2692 2701/2597/2702 3092/2988/3093
f 2691/2587/2692 3092/2988/3093 3082/2978/3083
f 3082/2978/3083 3092/2988/3093 3083/2979/3084
f 3092/2988/3093 3093/2989/3094 3083/2979/3084
f 3083/2979/3084 3093/2989/3094 3084/2980/3085
f 3093/2989/3094 3094/2990/3095 3084/2980/3085
f 3084/2980/3085 3094/2990/3095 3085/2981/3086
f 3094/2990/3095 3095/2991/3096 3085/2981/3086
f 3085/2981/3086 3095/2991/3096 3096/2992/3097
f 3085/2981/3086 3096/2992/3097 3086/2982/3087
f 3086/2982/3087 3096/2992/3097 3087/2983/3088
f 3096/2992/3097 3097/2993/3098 3087/2983/3088
f 3087/2983/3088 3097/2993/3098 3098/2994/3099
f 3087/2983/3088 3098/2994/3099 3088/2984/3089
f 3088/2984/3089 3098/2994/3099 3089/2985/3090
f 3098/2994/3099 3099/2995/3100 3089/2985/3090
f 3089/2985/3090 3099/2995/3100 3100/2996/3101
f 3089/2985/3090 3100/2996/3101 3090/2986/3091
f 3090/2986/3091 3100/2996/3101 3101/2997/3102
f 3090/2986/3091 3101/2997/3102 3091/2987/3092
f 2701/2597/2702 2711/2607/2712 3092/2988/3093
f 2711/2607/2712 3102/2998/3103 3092/2988/3093
f 3092/2988/3093 3102/2998/3103 3103/2999/3104
f 3092/2988/3093 3103/2999/3104 3093/2989/3094
f 3093/2989/3094 3103/2999/3104 3104/3000/3105
f 3093/2989/3094 3104/3000/3105 3094/2990/3095
f 3094/2990/3095 3104/3000/3105 3105/3001/3106
f 3094/2990/3095 3105/3001/3106 3095/2991/3096
f 3095/2991/3096 3105/3001/3106 3096/2992/3097
f 3105/3001/3106 3106/3002/3107 3096/2992/3097
f 3096/2992/3097 3106/3002/3107 3107/3003/3108
f 3096/2992/3097 3107/3003/3108 3097/2993/3098
f 3097/2993/3098 3107/3003/3108 3098/2994/3099
f 3107/3003/3108 3108/3004/3109 3098/2994/3099
f 3098/2994/3099 3108/3004/3109 3109/3005/3110
f 3098/2994/3099 3109/3005/3110 3099/2995/3100
f 3099/2995/3100 3109/3005/3110 3100/2996/3101
f 3109/3005/3110 3110/3006/3111 3100/2996/3101
f 3100/2996/3101 3110/3006/3111 3101/2997/3102
f 3110/3006/3111 3111/3007/3112 3101/2997/3102
f 2711/2607/2712 2721/2617/2722 3112/3008/3113
f 2711/2607/2712 3112/3008/3113 3102/2998/3103
f 3102/2998/3103 3112/3008/3113 3103/2999/3104
f 3112/3008/3113 3113/3009/3114 3103/2999/3104
f 3103/2999/3104 3113/3009/3114 3114/3010/3115
f 3103/2999/3104 3114/3010/3115 3104/3000/3105
f 3104/3000/3105 3114/3010/3115 3105/3001/3106
f 3114/3010/3115 3115/3011/3116 3105/3001/3106
f 3105/3001/3106 3115/3011/3116 3116/3012/3117
f 3105/3001/3106 3116/3012/3117 3106/3002/3107
f 3106/3002/3107 3116/3012/3117 3117/3013/3118
f 3106/3002/3107 3117/3013/3118 3107/3003/3108
f 3107/3003/3108 3117/3013/3118 3108/3004/3109
f 3117/3013/3118 3118/3014/3119 3108/3004/3109
f 3108/3004/3109 3118/3014/3119 3119/3015/3120
f 3108/3004/3109 3119/3015/3120 3109/3005/3110
f 3109/3005/3110 3119/3015/3120 3120/3016/3121
f 3109/3005/3110 3120/3016/3121 3110/3006/3111
f 3110/3006/3111 3120/3016/3121 3111/3007/3112
f 3120/3016/3121 3121/3017/3122 3111/3007/3112
f 2721/2617/2722 2731/2627/2732 3112/3008/3113
f 2731/2627/2732 3122/3018/3123 3112/3008/3113
f 3112/3008/3113 3122/3018/3123 3123/3019/3124
f 3112/3008/3113 3123/3019/3124 3113/3009/3114
f 3113/3009/3114 3123/3019/3124 3114/3010/3115
f 3123/3019/3124 3124/3020/3125 3114/3010/3115
f 3114/3010/3115 3124/3020/3125 3125/3021/3126
f 3114/3010/3115 3125/3021/3126 3115/3011/3116
f 3115/3011/3116 3125/3021/3126 3126/3022/3127
f 3115/3011/3116 3126/3022/3127 3116/3012/3117
f 3116/3012/3117 3126/3022/3127 3117/3013/3118
f 3126/3022/3127 3127/3023/3128 3117/3013/3118
f 3117/3013/3118 3127/3023/3128 3128/3024/3129
f 3117/3013/3118 3128/3024/3129 3118/3014/3119
f 3118/3014/3119 3128/3024/3129 3129/3025/3130
f 3118/3014/3119 3129/3025/3130 3119/3015/3120
f 3119/3015/3120 3129/3025/3130 3120/3016/3121
f 3129/3025/3130 3130/3026/3131 3120/3016/3121
f 3120/3016/3121 3130/3026/3131 3131/3027/3132
f 3120/3016/3121 3131/3027/3132 3121/3017/3122
f 2731/2627/2732 2741/2637/2742 3132/3028/3133
f 2731/2627/2732 3132/3028/3133 3122/3018/3123
f 3122/3018/3123 3132/3028/3133 3133/3029/3134
f 3122/3018/3123 3133/3029/3134 3123/3019/3124
f 3123/3019/3124 3133/3029/3134 3124/3020/3125
f 3133/3029/3134 3134/3030/3135 3124/3020/3125
f 3124/3020/3125 3134/3030/3135 3135/3031/3136
f 3124/3020/3125 3135/3031/3136 3125/3021/3126
f 3125/3021/3126 3135/3031/3136 3136/3032/3137
f 3125/3021/3126 3136/3032/3137 3126/3022/3127
f 3126/3022/3127 3136/3032/3137 3137/3033/3138
f 3126/3022/3127 3137/3033/3138 3127/3023/3128
f 3127/3023/3128 3137/3033/3138 3128/3024/3129
f 3137/3033/3138 3138/3034/3139 3128/3024/3129
f 3128/3024/3129 3138/3034/3139 3129/3025/3130
f 3138/3034/3139 3139/3035/3140 3129/3025/3130
f 3129/3025/3130 3139/3035/3140 3140/3036/3141
f 3129/3025/3130 3140/3036/3141 3130/3026/3131
f 3130/3026/3131 3140/3036/3141 3141/3037/3142
f 3130/3026/3131 3141/3037/3142 3131/3027/3132
f 2741/2637/2742 2751/2647/2752 3132/3028/3133
f 2751/2647/2752 3142/3038/3143 3132/3028/3133
f 3132/3028/3133 3142/3038/3143 3133/3029/3134
f 3142/3038/3143 3143/3039/3144 3133/3029/3134
f 3133/3029/3134 3143/3039/3144 3144/3040/3145
f 3133/3029/3134 3144/3040/3145 3134/3030/3135
f 3134/3030/3135 3144/3040/3145 3135/3031/3136
f 3144/3040/3145 3145/3041/3146 3135/3031/3136
f 3135/3031/3136 3145/3041/3146 3136/3032/3137
f 3145/3041/3146 3146/3042/3147 3136/3032/3137
f 3136/3032/3137 3146/3042/3147 3147/3043/3148
f 3136/3032/3137 3147/3043/3148 3137/3033/3138
f 3137/3033/3138 3147/3043/3148 3148/3044/3149
f 3137/3033/3138 3148/3044/3149 3138/3034/3139
f 3138/3034/3139 3148/3044/3149 3139/3035/3140
f 3148/3044/3149 3149/3045/3150 3139/3035/3140
f 3139/3035/3140 3149/3045/3150 3150/3046/3151
f 3139/3035/3140 3150/3046/3151 3140/3036/3141
f 3140/3036/3141 3150/3046/3151 3141/3037/3142
f 3150/3046/3151 3151/3047/3152 3141/3037/3142
f 2751/2647/2752 2761/2657/2762 3152/3048/3153
f 2751/2647/2752 3152/3048/3153 3142/3038/3143
f 3142/3038/3143 3152/3048/3153 3153/3049/3154
f 3142/3038/3143 3153/3049/3154 3143/3039/3144
f 3143/3039/3144 3153/3049/3154 3144/3040/3145
f 3153/3049/3154 3154/3050/3155 3144/3040/3145
f 3144/3040/3145 3154/3050/3155 3155/3051/3156
f 3144/3040/3145 3155/3051/3156 3145/3041/3146
f 3145/3041/3146 3155/3051/3156 3156/3052/3157
f 3145/3041/3146 3156/3052/3157 3146/3042/3147
f 3146/3042/3147 3156/3052/3157 3147/3043/3148
f 3156/3052/3157 3157/3053/3158 3147/3043/3148
f 3147/3043/3148 3157/3053/3158 3148/3044/3149
f 3157/3053/3158 3158/3054/3159 3148/3044/3149
f 3148/3044/3149 3158/3054/3159 3159/3055/3160
f 3148/3044/3149 3159/3055/3160 3149/3045/3150
f 3149/3045/3150 3159/3055/3160 3150/3046/3151
f 3159/3055/3160 3160/3056/3161 3150/3046/3151
f 3150/3046/3151 3160/3056/3161 3161/3057/3162
f 3150/3046/3151 3161/3057/3162 3151/3047/3152
f 2761/2657/2762 2771/2667/2772 3152/3048/3153
f 2771/2667/2772 3162/3058/3163 3152/3048/3153
f 3152/3048/3153 3162/3058/3163 3153/3049/3154
f 3162/3058/3163 3163/3059/3164 3153/3049/3154
f 3153/3049/3154 3163/3059/3164 3164/3060/3165
f 3153/3049/3154 3164/3060/3165 3154/3050/3155
f 3154/3050/3155 3164/3060/3165 3155/3051/3156
f 3164/3060/3165 3165/3061/3166 3155/3051/3156
f 3155/3051/3156 3165/3061/3166 3156/3052/3157
f 3165/3061/3166 3166/3062/3167 3156/3052/3157
f 3156/3052/3157 3166/3062/3167 3157/3053/3158
f 3166/3062/3167 3167/3063/3168 3157/3053/3158
f 3157/3053/3158 3167/3063/3168 3168/3064/3169
f 3157/3053/3158 3168/3064/3169 3158/3054/3159
f 3158/3054/3159 3168/3064/3169 3169/3065/3170
f 3158/3054/3159 3169/3065/3170 3159/3055/3160
f 3159/3055/3160 3169/3065/3170 3160/3056/3161
f 3169/3065/3170 3170/3066/3171 3160/3056/3161
f 3160/3056/3161 3170/3066/3171 3161/3057/3162
f 3170/3066/3171 3171/3067/3172 3161/3057/3162
f 2771/2667/2772 2781/2677/2782 3172/3068/3173
f 2771/2667/2772 3172/3068/3173 3162/3058/3163
f 3162/3058/3163 3172/3068/3173 3163/3059/3164
f 3172/3068/3173 3173/3069/3174 3163/3059/3164
f 3163/3059/3164 3173/3069/3174 3174/3070/3175
f 3163/3059/3164 3174/3070/3175 3164/3060/3165
f 3164/3060/3165 3174/3070/3175 3165/3061/3166
f 3174/3070/3175 3175/3071/3176 3165/3061/3166
f 3165/3061/3166 3175/3071/3176 3166/3062/3167
f 3175/3071/3176 3176/3072/3177 3166/3062/3167
f 3166/3062/3167 3176/3072/3177 3177/3073/3178
f 3166/3062/3167 3177/3073/3178 3167/3063/3168
f 3167/3063/3168 3177/3073/3178 3168/3064/3169
f 3177/3073/3178 3178/3074/3179 3168/3064/3169
f 3168/3064/3169 3178/3074/3179 3169/3065/3170
f 3178/3074/3179 3179/3075/3180 3169/3065/3170
f 3169/3065/3170 3179/3075/3180 3180/3076/3181
f 3169/3065/3170 3180/3076/3181 3170/3066/3171
f 3170/3066/3171 3180/3076/3181 3171/3067/3172
f 3180/3076/3181 3181/3077/3182 3171/3067/3172
f 2781/2677/2782 2791/2687/2792 3172/3068/3173
f 2791/2687/2792 3182/3078/3183 3172/3068/3173
f 3172/3068/3173 3182/3078/3183 3183/3079/3184
f 3172/3068/3173 3183/3079/3184 3173/3069/3174
f 3173/3069/3174 3183/3079/3184 3174/3070/3175
f 3183/3079/3184 3184/3080/3185 3174/3070/3175
f 3174/3070/3175 3184/3080/3185 3185/3081/3186
f 3174/3070/3175 3185/3081/3186 3175/3071/3176
f 3175/3071/3176 3185/3081/3186 3176/3072/3177
f 3185/3081/3186 3186/3082/3187 3176/3072/3177
f 3176/3072/3177 3186/3082/3187 3177/3073/3178
f 3186/3082/3187 3187/3083/3188 3177/3073/3178
f 3177/3073/3178 3187/3083/3188 3188/3084/3189
f 3177/3073/3178 3188/3084/3189 3178/3074/3179
f 3178/3074/3179 3188/3084/3189 3179/3075/3180
f 3188/3084/3189 3189/3085/3190 3179/3075/3180
f 3179/3075/3180 3189/3085/3190 3180/3076/3181
f 3189/3085/3190 3190/3086/3191 3180/3076/3181
f 3180/3076/3181 3190/3086/3191 3191/3087/3192
f 3180/3076/3181 3191/3087/3192 3181/3077/3182
f 2791/2687/2792 2801/2697/2802 3192/3088/3193
f 2791/2687/2792 3192/3088/3193 3182/3078/3183
f 3182/3078/3183 3192/3088/3193 3183/3079/3184
f 3192/3088/3193 3193/3089/3194 3183/3079/3184
f 3183/3079/3184 3193/3089/3194 3184/3080/3185
f 3193/3089/3194 3194/3090/3195 3184/3080/3185
f 3184/3080/3185 3194/3090/3195 3185/3081/3186
f 3194/3090/3195 3195/3091/3196 3185/3081/3186
f 3185/3081/3186 3195/3091/3196 3196/3092/3197
f 3185/3081/3186 3196/3092/3197 3186/3082/3187
f 3186/3082/3187 3196/3092/3197 3187/3083/3188
f 3196/3092/3197 3197/3093/3198 3187/3083/3188
f 3187/3083/3188 3197/3093/3198 3198/3094/3199
f 3187/3083/3188 3198/3094/3199 3188/3084/3189
f 3188/3084/3189 3198/3094/3199 3189/3085/3190
f 3198/3094/3199 3199/3095/3200 3189/3085/3190
f 3189/3085/3190 3199/3095/3200 3200/3096/3201
f 3189/3085/3190 3200/3096/3201 3190/3086/3191
f 3190/3086/3191 3200/3096/3201 3201/3097/3202
f 3190/3086/3191 3201/3097/3202 3191/3087/3192
f 2801/2697/2802 2811/2707/2812 3192/3088/3193
f 2811/2707/2812 3202/3098/3203 3192/3088/3193
f 3192/3088/3193 3202/3098/3203 3203/3099/3204
f 3192/3088/3193 3203/3099/3204 3193/3089/3194
f 3193/3089/3194 3203/3099/3204 3204/3100/3205
f 3193/3089/3194 3204/3100/3205 3194/3090/3195
f 3194/3090/3195 3204/3100/3205 3205/3101/3206
f 3194/3090/3195 3205/3101/3206 3195/3091/3196
f 3195/3091/3196 3205/3101/3206 3196/3092/3197
f 3205/3101/3206 3206/3102/3207 3196/3092/3197
f 3196/3092/3197 3206/3102/3207 3207/3103/3208
f 3196/3092/3197 3207/3103/3208 3197/3093/3198
f 3197/3093/3198 3207/3103/3208 3198/3094/3199
f 3207/3103/3208 3208/3104/3209 3198/3094/3199
f 3198/3094/3199 3208/3104/3209 3209/3105/3210
f 3198/3094/3199 3209/3105/3210 3199/3095/3200
f 3199/3095/3200 3209/3105/3210 3200/3096/3201
f 3209/3105/3210 3210/3106/3211 3200/3096/3201
f 3200/3096/3201 3210/3106/3211 3201/3097/3202
f 3210/3106/3211 3211/3107/3212 3201/3097/3202
f 2811/2707/2812 2821/2717/2822 3212/3108/3213
f 2811/2707/2812 3212/3108/3213 3202/3098/3203
f 3202/3098/3203 3212/3108/3213 3203/3099/3204
f 3212/3108/3213 3213/3109/3214 3203/3099/3204
f 3203/3099/3204 3213/3109/3214 3214/3110/3215
f 3203/3099/3204 3214/3110/3215 3204/3100/3205
f 3204/3100/3205 3214/3110/3215 3205/3101/3206
f 3214/3110/3215 3215/3111/3216 3205/3101/3206
f 3205/3101/3206 3215/3111/3216 3216/3112/3217
f 3205/3101/3206 3216/3112/3217 3206/3102/3207
f 3206/3102/3207 3216/3112/3217 3217/3113/3218
f 3206/3102/3207 3217/3113/3218 3207/3103/3208
f 3207/3103/3208 3217/3113/3218 3208/3104/3209
f 3217/3113/3218 3218/3114/3219 3208/3104/3209
f 3208/3104/3209 3218/3114/3219 3219/3115/3220
f 3208/3104/3209 3219/3115/3220 3209/3105/3210
f 3209/3105/3210 3219/3115/3220 3220/3116/3221
f 3209/3105/3210 3220/3116/3221 3210/3106/3211
f 3210/3106/3211 3220/3116/3221 3211/3107/3212
f 3220/3116/3221 3221/3117/3222 3211/3107/3212
f 2821/2717/2822 2831/2727/2832 3212/3108/3213
f 2831/2727/2832 3222/3118/3223 3212/3108/3213
f 3212/3108/3213 3222/3118/3223 3223/3119/3224
f 3212/3108/3213 3223/3119/3224 3213/3109/3214
f 3213/3109/3214 3223/3119/3224 3214/3110/3215
f 3223/3119/3224 3224/3120/3225 3214/3110/3215
f 3214/3110/3215 3224/3120/3225 3225/3121/3226
f 3214/3110/3215 3225/3121/3226 3215/3111/3216
f 3215/3111/3216 3225/3121/3226 3226/3122/3227
f 3215/3111/3216 3226/3122/3227 3216/3112/3217
f 3216/3112/3217 3226/3122/3227 3217/3113/3218
f 3226/3122/3227 3227/3123/3228 3217/3113/3218
f 3217/3113/3218 3227/3123/3228 3228/3124/3229
f 3217/3113/3218 3228/3124/3229 3218/3114/3219
f 3218/3114/3219 3228/3124/3229 3229/3125/3230
f 3218/3114/3219 3229/3125/3230 3219/3115/3220
f 3219/3115/3220 3229/3125/3230 3220/3116/3221
f 3229/3125/3230 3230/3126/3231 3220/3116/3221
f 3220/3116/3221 3230/3126/3231 3231/3127/3232
f 3220/3116/3221 3231/3127/3232 3221/3117/3222
f 2831/2727/2832 2841/2737/2842 3232/3128/3233
f 2831/2727/2832 3232/3128/3233 3222/3118/3223
f 3222/3118/3223 3232/3128/3233 3233/3129/3234
f 3222/3118/3223 3233/3129/3234 3223/3119/3224
f 3223/3119/3224 3233/3129/3234 3224/3120/3225
f 3233/3129/3234 3234/3130/3235 3224/3120/3225
f 3224/3120/3225 3234/3130/3235 3235/3131/3236
f 3224/3120/3225 3235/3131/3236 3225/3121/3226
f 3225/3121/3226 3235/3131/3236 3236/3132/3237
f 3225/3121/3226 3236/3132/3237 3226/3122/3227
f 3226/3122/3227 3236/3132/3237 3237/3133/3238
f 3226/3122/3227 3237/3133/3238 3227/3123/3228
f 3227/3123/3228 3237/3133/3238 3228/3124/3229
f 3237/3133/3238 3238/3134/3239 3228/3124/3229
f 3228/3124/3229 3238/3134/3239 3229/3125/3230
f 3238/3134/3239 3239/3135/3240 3229/3125/3230
f 3229/3125/3230 3239/3135/3240 3240/3136/3241
f 3229/3125/3230 3240/3136/3241 3230/3126/3231
f 3230/3126/3231 3240/3136/3241 3241/3137/3242
f 3230/3126/3231 3241/3137/3242 3231/3127/3232
f 2841/2737/2842 2460/2356/2461 3232/3128/3233
f 2460/2356/2461 2843/2739/2844 3232/3128/3233
f 3232/3128/3233 2843/2739/2844 3233/3129/3234
f 2843/2739/2844 2845/2741/2846 3233/3129/3234
f 3233/3129/3234 2845/2741/2846 2846/2742/2847
f 3233/3129/3234 2846/2742/2847 3234/3130/3235
f 3234/3130/3235 2846/2742/2847 3235/3131/3236
f 2846/2742/2847 2849/2745/2850 3235/3131/3236
f 3235/3131/3236 2849/2745/2850 3236/3132/3237
f 2849/2745/2850 2851/2747/2852 3236/3132/3237
f 3236/3132/3237 2851/2747/2852 2852/2748/2853
f 3236/3132/3237 2852/2748/2853 3237/3133/3238
f 3237/3133/3238 2852/2748/2853 2854/2750/2855
f 3237/3133/3238 2854/2750/2855 3238/3134/3239
f 3238/3134/3239 2854/2750/2855 3239/3135/3240
f 2854/2750/2855 2857/2753/2858 3239/3135/3240
f 3239/3135/3240 2857/2753/2858 2858/2754/2859
f 3239/3135/3240 2858/2754/2859 3240/3136/3241
f 3240/3136/3241 2858/2754/2859 3241/3137/3242
f 2858/2754/2859 2861/2757/2862 3241/3137/3242
s off
